antigen,site,age_cat,male,ymin,lower,middle,upper,ymax,n
CHIKV E2,French Guiana,18-39,Female,4.237675071874331,5.2917532922780435,5.534504413672719,5.8463059439845235,8.503825093424647,128
CHIKV E2,French Guiana,18-39,Male,4.3592822039691175,5.448236365965495,5.744935923289219,6.186956107264361,8.655947732833386,323
CHIKV E2,French Guiana,40-59,Female,4.8802306761555485,5.527507977942933,5.7555687049543405,6.31336104252477,8.491418467767195,94
CHIKV E2,French Guiana,40-59,Male,4.25334845068501,5.580028607607707,5.949819026153457,6.437450453556402,8.46716240512518,227
CHIKV E2,French Guiana,>59,Female,5.7520830244776775,5.8601025298359435,5.9681220351942095,6.076141540552475,6.184161045910741,2
CHIKV E2,French Guiana,>59,Male,5.468020567108458,5.552450336609538,5.753702416501402,5.965746552849558,7.500870219775544,13
CHIKV E2,New Caledonia,18-39,Female,5.222984940395415,5.549874238751436,5.681339169333526,5.8510220991041875,7.1919652286301465,156
CHIKV E2,New Caledonia,18-39,Male,5.008666246653708,5.516020543275194,5.72349337486194,5.9341813411800235,8.217843613858218,100
CHIKV E2,New Caledonia,40-59,Female,5.107324994070968,5.535752391291479,5.694601739159369,5.891130818749943,7.385630278684209,173
CHIKV E2,New Caledonia,40-59,Male,5.086886417524876,5.549111573265284,5.72755779177754,5.939268051378441,6.372685873408219,131
CHIKV E2,New Caledonia,>59,Female,5.290840140165272,5.639092801436018,5.765326832935979,5.937278322759609,8.125423970220272,25
CHIKV E2,New Caledonia,>59,Male,5.336977127532929,5.56183083270675,5.820203443161813,6.058491742320884,6.2566249806847,15
CHIKV E2,Peru,10-17,Female,4.93326809405636,5.155275419541896,5.287880597481262,5.489394149022783,6.785154745414538,80
CHIKV E2,Peru,10-17,Male,4.874502784830108,5.1373880371541425,5.325440268657082,5.469382803007548,6.354940583319021,73
CHIKV E2,Peru,18-39,Female,4.852020211885916,5.245446323900557,5.415315581737272,5.676460009259922,7.025760144750145,219
CHIKV E2,Peru,18-39,Male,4.882451329088457,5.241664715298937,5.470260312633771,5.774835467868799,7.196678727393306,76
CHIKV E2,Peru,40-59,Female,4.930367140682987,5.329976060146388,5.518887350828393,5.790195144321912,7.649567254918868,84
CHIKV E2,Peru,40-59,Male,4.95048869180803,5.3689692470205665,5.5448445413854,5.807324540770551,6.396446393548858,58
CHIKV E2,Peru,5-9,Female,4.900478271233369,5.2151618378790285,5.350454947535232,5.54662015616577,7.70344024485902,63
CHIKV E2,Peru,5-9,Male,4.818518840546417,5.152470474555858,5.332248983038659,5.526385830788929,7.244679679789733,63
CHIKV E2,Peru,<5,Female,4.884790213585497,5.09473238712802,5.350409270610899,5.577346045541715,6.381187923687543,23
CHIKV E2,Peru,<5,Male,4.919886425625774,5.1674048868870335,5.344451730379285,5.463750370371902,6.359386446469218,33
CHIKV E2,Peru,>59,Female,4.764257491021223,5.495983324643639,5.64338830752858,5.8511650666046595,7.296744835677727,50
CHIKV E2,Peru,>59,Male,5.016496294412926,5.472395997381651,5.63011386572316,6.007951889300788,6.75393375199629,58
CHIKV E2,Senegal,10-17,Female,5.384819878211435,5.853588957238127,6.055036737502508,6.482295440862493,8.867358502778202,154
CHIKV E2,Senegal,10-17,Male,5.336403363989435,5.846730673340135,6.028440039331324,6.380191934980417,8.331759455605727,126
CHIKV E2,Senegal,18-39,Female,5.330137216436816,6.002897050712838,6.633556102373498,7.595447283472407,8.55890285911819,234
CHIKV E2,Senegal,18-39,Male,5.43682466320175,5.994290366374535,6.272999448189372,7.451967010796511,8.662651420240692,125
CHIKV E2,Senegal,40-59,Female,5.471135957959591,6.252517176704132,7.01807359207433,7.575094907630533,8.46062567830611,124
CHIKV E2,Senegal,40-59,Male,5.5014831143488845,6.077952864124043,6.787655479435896,7.470243985086527,8.315631953345816,90
CHIKV E2,Senegal,5-9,Female,5.223572806977331,5.797443153172279,5.951133196096374,6.11051072798848,7.2353681561904,104
CHIKV E2,Senegal,5-9,Male,4.990665477483405,5.806788675961705,5.951573267185907,6.108238748765917,7.767430893854633,109
CHIKV E2,Senegal,<5,Female,4.930695917648446,5.13961963318077,5.276473156496774,5.374028244522014,6.134668721974382,44
CHIKV E2,Senegal,<5,Male,4.805069704531037,5.020308076338133,5.178851523738354,5.307208129462091,5.574010724460516,34
CHIKV E2,Senegal,>59,Female,5.705164250350521,6.383339182010072,6.835478151996418,7.208191697684288,8.312713272523247,42
CHIKV E2,Senegal,>59,Male,5.45484045626302,6.1740393134649025,6.551046208657481,7.018985030940315,8.361753054409188,33
CHIKV VLP,French Guiana,18-39,Female,3.6662075349083207,4.6426069892137845,5.173703199061444,5.61919043968655,8.36888037081657,128
CHIKV VLP,French Guiana,18-39,Male,3.8347542969457615,4.903385655410231,5.344624639337095,6.090912531118249,8.4331444303518,323
CHIKV VLP,French Guiana,40-59,Female,3.767947420591848,5.083551212833929,5.464849488144742,6.330741155853764,8.357231545247322,94
CHIKV VLP,French Guiana,40-59,Male,3.855585119925361,5.25663178514109,5.973953658552483,7.056343163913032,8.49803139227802,227
CHIKV VLP,French Guiana,>59,Female,4.641325087313131,5.044612029094538,5.447898970875945,5.851185912657353,6.2544728544387604,2
CHIKV VLP,French Guiana,>59,Male,5.211199246749249,5.516955428140015,6.105044546663087,6.367103057879774,7.858487332371014,13
CHIKV VLP,New Caledonia,18-39,Female,3.986293348257494,4.509325189613682,4.7574890060227375,5.100762627909677,8.03302715592185,156
CHIKV VLP,New Caledonia,18-39,Male,3.536658703615538,4.494235996328114,4.812068859291486,5.373643373357271,8.26134882194388,100
CHIKV VLP,New Caledonia,40-59,Female,3.882280293219652,4.649257234258387,5.01826865886052,5.54881762249353,7.178555931894694,173
CHIKV VLP,New Caledonia,40-59,Male,3.802684314092251,4.662571256087709,5.1479466665509275,5.469514730613536,7.144781282891685,131
CHIKV VLP,New Caledonia,>59,Female,4.346022748799122,4.8044892057892,5.276285485649455,5.4226613808069315,7.085520965554236,25
CHIKV VLP,New Caledonia,>59,Male,4.138568737069478,4.64981432306579,5.1106289035437324,5.835198459042257,6.2079793656603055,15
CHIKV VLP,Peru,10-17,Female,3.5200022520059964,4.010873722596368,4.30879872080564,4.7826027741731645,6.715814985160767,80
CHIKV VLP,Peru,10-17,Male,3.2898320163226717,3.909796371649578,4.297787250101607,4.922930023410977,6.966285966341243,73
CHIKV VLP,Peru,18-39,Female,3.527841622961816,4.378239729798734,4.969659761332028,5.695535532219516,7.530872130327365,219
CHIKV VLP,Peru,18-39,Male,3.6633873679302305,4.445642433678031,5.121417641555114,5.955967918756885,7.755306222518001,76
CHIKV VLP,Peru,40-59,Female,3.7323802394171817,4.877925719006262,5.439427763206963,6.150352633906465,7.556914706859798,84
CHIKV VLP,Peru,40-59,Male,3.880273803477268,4.831983926252979,5.624756583276733,6.194818398013347,7.619790845769291,58
CHIKV VLP,Peru,5-9,Female,3.56498362809196,3.883443156977984,4.249850405901841,4.628763784945274,7.933739572832894,63
CHIKV VLP,Peru,5-9,Male,3.207627566963843,3.8847168144469704,4.106794642859465,4.613537592639777,7.565616377916435,63
CHIKV VLP,Peru,<5,Female,3.511841281615375,3.8324269884621174,4.129161707060699,4.711380973021379,6.889082715177896,23
CHIKV VLP,Peru,<5,Male,3.444006906802186,3.813104370739475,4.077633237635762,4.526370453072944,6.031792809643166,33
CHIKV VLP,Peru,>59,Female,3.9330509348793337,5.445084273236249,5.963708610117593,6.371857736647591,7.7978081374203505,50
CHIKV VLP,Peru,>59,Male,4.406905097498286,5.536138381623775,6.029466714986745,6.346808242136756,7.41928278157991,58
CHIKV VLP,Senegal,10-17,Female,4.630780748966538,5.399073320120063,5.648346465919115,7.3073561166982515,8.600536598326649,154
CHIKV VLP,Senegal,10-17,Male,4.873594051005046,5.33933277301999,5.541526978143116,5.891643699255275,8.398941456931396,126
CHIKV VLP,Senegal,18-39,Female,3.750053880980141,5.623258155686472,7.490122527170341,8.02587148760327,8.569950855969017,234
CHIKV VLP,Senegal,18-39,Male,4.921382969198774,5.6695639675703475,6.000411270462519,8.000786514990274,8.578688246396876,125
CHIKV VLP,Senegal,40-59,Female,5.235096035692094,6.656699614318546,7.690566096078738,8.039240551085141,8.515810045970506,124
CHIKV VLP,Senegal,40-59,Male,5.196794949058741,5.773988432423829,7.619051960390529,7.966263919270296,8.247488408047959,90
CHIKV VLP,Senegal,5-9,Female,3.714962561168872,5.20509588388709,5.489953241076057,5.662482701377189,7.9614989014514865,104
CHIKV VLP,Senegal,5-9,Male,3.8327455968252546,5.2870979763061605,5.505336928644888,5.664152914710478,8.142401026298838,109
CHIKV VLP,Senegal,<5,Female,3.427280488717091,3.7027443698958677,3.816160737808036,4.116809398314947,6.057798056784214,44
CHIKV VLP,Senegal,<5,Male,3.367435996888289,3.611067834989384,3.731501814422965,3.869417742696114,5.687062555737187,34
CHIKV VLP,Senegal,>59,Female,5.198574705224292,7.208344654931207,7.58320290254628,7.779530385053655,8.55015794911542,42
CHIKV VLP,Senegal,>59,Male,4.613268834346579,7.05281283948784,7.50120514376441,7.762157149796821,8.298774199558302,33
DENV1 EDIII,French Guiana,18-39,Female,3.9896372352213176,5.478492565595909,5.834958499177068,6.382348297104063,9.372270922104986,128
DENV1 EDIII,French Guiana,18-39,Male,4.013849321892189,5.572413439002613,6.016399480905727,6.622099659957039,9.255971266364618,323
DENV1 EDIII,French Guiana,40-59,Female,4.698450532525663,5.697735177607606,5.977710113212876,6.510282912815159,9.105433862502071,94
DENV1 EDIII,French Guiana,40-59,Male,4.322576461471609,5.765232008065825,6.139551682143485,7.011270308380441,9.787737775415488,227
DENV1 EDIII,French Guiana,>59,Female,5.368872279742444,5.754644187372808,6.140416095003171,6.526188002633535,6.9119599102638976,2
DENV1 EDIII,French Guiana,>59,Male,4.963850195342386,5.890491478219312,6.174991489146934,6.384325845186957,8.135438119848363,13
DENV1 EDIII,New Caledonia,18-39,Female,4.77569373005223,5.380541094155187,5.6641509584477925,6.054738424844131,9.043308284431149,156
DENV1 EDIII,New Caledonia,18-39,Male,4.478907018630458,5.4241803147320935,5.8260602102127805,6.291236798948106,7.131382354915495,100
DENV1 EDIII,New Caledonia,40-59,Female,4.650492530324534,5.449373484606637,5.796633173101636,6.13427568487104,8.5724845687443,173
DENV1 EDIII,New Caledonia,40-59,Male,4.5949526873088615,5.463134711379503,5.880546949425009,6.289260044283659,8.530160518161905,131
DENV1 EDIII,New Caledonia,>59,Female,5.02218985254383,5.509331213905524,6.173700775059639,6.484300887896956,7.9072802579445165,25
DENV1 EDIII,New Caledonia,>59,Male,5.1360003461062345,5.449817250046365,5.851864075138428,6.434525345003754,6.648588432550418,15
DENV1 EDIII,Peru,10-17,Female,3.823195090670181,4.779971994715632,5.223693632628473,5.646115905106107,6.965903920523332,80
DENV1 EDIII,Peru,10-17,Male,4.019568400919785,4.784034002604151,5.30822429247576,5.63045313313508,7.538336845282117,73
DENV1 EDIII,Peru,18-39,Female,4.057773061092259,4.986923747247478,5.353451642448475,5.815110349903385,8.854555140404816,219
DENV1 EDIII,Peru,18-39,Male,4.162111732215212,4.918839390410845,5.451002865471928,5.984568798604123,9.071821554078896,76
DENV1 EDIII,Peru,40-59,Female,4.424712958320509,5.117293445666077,5.484733134839361,6.089900646979789,7.298144839124783,84
DENV1 EDIII,Peru,40-59,Male,4.674290703863269,5.319653233832943,5.7039552077803215,6.088310943357293,7.482232738879675,58
DENV1 EDIII,Peru,5-9,Female,4.395976053274524,4.792055265685676,5.184723084109581,5.79664182788945,7.3578987815782755,63
DENV1 EDIII,Peru,5-9,Male,4.027290447013695,4.766455389387494,5.242596636290765,5.794179875266613,7.87953849157406,63
DENV1 EDIII,Peru,<5,Female,4.030776338534309,4.89979761294008,5.281039070751509,5.708740354464371,6.803142246585446,23
DENV1 EDIII,Peru,<5,Male,3.870213396926333,4.692984886264429,5.100901933027082,5.724369387366308,7.182308831225204,33
DENV1 EDIII,Peru,>59,Female,4.67904497648574,5.403992709265559,5.756972993200058,6.163629114057296,7.7811453323139075,50
DENV1 EDIII,Peru,>59,Male,4.7307494841646545,5.270402526336094,5.6146252969240695,6.180625857293695,7.439767759437103,58
DENV1 EDIII,Senegal,10-17,Female,5.268507817793208,5.886442539412975,6.089599307053259,6.3190902727655205,7.256687559757863,154
DENV1 EDIII,Senegal,10-17,Male,5.220482841520893,5.856346523202147,6.061037801735312,6.330835495774833,7.708087393170078,126
DENV1 EDIII,Senegal,18-39,Female,4.894700279623996,6.001799427008833,6.197825849624862,6.417951653497879,7.451892685168171,234
DENV1 EDIII,Senegal,18-39,Male,5.566433822096649,6.061849933230392,6.283197546000467,6.4848334617950405,8.398960217021902,125
DENV1 EDIII,Senegal,40-59,Female,5.3237176567536375,6.0508328117545025,6.308801328767446,6.615028325849828,8.452181745228247,124
DENV1 EDIII,Senegal,40-59,Male,5.42569823371981,6.19869897656048,6.39491716609076,6.626132591303137,8.08360062702233,90
DENV1 EDIII,Senegal,5-9,Female,4.4504491464806755,5.792692187230173,6.063723797822574,6.260742821769324,7.407339708877942,104
DENV1 EDIII,Senegal,5-9,Male,4.284934708003102,5.75442388278892,5.99469784516962,6.233717488737097,7.645685188380992,109
DENV1 EDIII,Senegal,<5,Female,4.049212374482032,4.471388304490449,4.833051939944175,5.353036280649927,7.838470845481819,44
DENV1 EDIII,Senegal,<5,Male,3.816765309674357,4.205375369391554,4.62471655184026,4.872945480653434,6.562201993012858,34
DENV1 EDIII,Senegal,>59,Female,5.4300075204942555,6.1296291778634755,6.23897898914613,6.722682475461644,7.569839867600576,42
DENV1 EDIII,Senegal,>59,Male,5.4114852895652374,5.998696270033502,6.254042961842347,6.465854473947362,7.470694041354639,33
DENV1 NS1,French Guiana,18-39,Female,3.745985880824312,7.19183928411165,8.519931654784443,8.948979655983502,9.467122790551684,128
DENV1 NS1,French Guiana,18-39,Male,3.6083497373443834,5.815348333114174,7.6205036828864365,8.707348717080947,9.368743047662882,323
DENV1 NS1,French Guiana,40-59,Female,3.819916033148468,6.56433206221649,8.345161419005828,8.917642176646194,9.382166040329135,94
DENV1 NS1,French Guiana,40-59,Male,3.6974911793494463,5.491617040336951,7.676881252197223,8.70686812469134,9.3898627542717,227
DENV1 NS1,French Guiana,>59,Female,5.962450670455139,6.8507558313934425,7.739060992331748,8.627366153270053,9.515671314208356,2
DENV1 NS1,French Guiana,>59,Male,4.788330829278884,5.6273452933625805,7.1958259129144,8.191351516256463,8.991648665101659,13
DENV1 NS1,New Caledonia,18-39,Female,4.063432535697663,5.095617101439627,7.555091366376463,8.662268908759781,9.576652647089835,156
DENV1 NS1,New Caledonia,18-39,Male,4.1115009387386845,5.899437717851017,8.109335376335101,8.751993024671062,9.45968135568828,100
DENV1 NS1,New Caledonia,40-59,Female,4.226227132880666,5.811158795886272,8.43986336827745,8.994447774227403,9.57521163554651,173
DENV1 NS1,New Caledonia,40-59,Male,3.896600721783576,5.638254820703604,8.219006326046799,8.889452634231256,9.63904878794642,131
DENV1 NS1,New Caledonia,>59,Female,5.444163230499589,8.067653118111346,8.565503226032742,9.02480186960069,9.623106675302534,25
DENV1 NS1,New Caledonia,>59,Male,4.517351227275828,6.864112462719859,8.726748083655753,8.93718921566198,9.544773346588231,15
DENV1 NS1,Peru,10-17,Female,3.273705721906586,4.071942684924674,4.676484319054598,5.564321207875683,9.261746217273592,80
DENV1 NS1,Peru,10-17,Male,3.372387759527676,3.8880795729448394,4.6415844462128995,5.797738459340518,9.556077250390624,73
DENV1 NS1,Peru,18-39,Female,3.3998948127861865,4.95148517973597,7.373619103296027,8.895931714392336,9.881877865133715,219
DENV1 NS1,Peru,18-39,Male,3.659992764903402,5.132002201332385,7.395710832547152,8.900623013655292,9.699635245982652,76
DENV1 NS1,Peru,40-59,Female,3.681769847423308,5.259826359539721,7.808456198477835,8.866076988486228,9.929010951587705,84
DENV1 NS1,Peru,40-59,Male,3.943106439062883,5.705589806915894,7.931248770354591,8.796305782804083,9.56867021649347,58
DENV1 NS1,Peru,5-9,Female,3.425815784483458,3.7477763269796345,4.0896324916666815,5.110175897168378,8.522856436876685,63
DENV1 NS1,Peru,5-9,Male,3.379069967147279,3.8805714595638814,4.159332194890965,4.66884367624864,8.652174224555253,63
DENV1 NS1,Peru,<5,Female,3.2561069199944743,3.851964044150615,4.198848837955799,4.6142823791954735,9.054342501496553,23
DENV1 NS1,Peru,<5,Male,3.3733355628554276,3.834992631595169,4.0896324916666815,4.354719208662584,9.351423815637135,33
DENV1 NS1,Peru,>59,Female,4.158079362891963,5.8298659419925105,8.08871377291863,9.047342334369791,9.534441785929864,50
DENV1 NS1,Peru,>59,Male,4.214527990642884,6.174314032984363,8.563146658644325,9.068710800364986,9.602450409047004,58
DENV1 NS1,Senegal,10-17,Female,4.964176451310551,5.437712768883472,5.715663607339415,5.876191205319866,8.159756220501421,154
DENV1 NS1,Senegal,10-17,Male,4.987619695007848,5.454579274278714,5.688805661359606,5.870421922841494,8.241180984714605,126
DENV1 NS1,Senegal,18-39,Female,3.699579624918768,5.786087933116787,6.19527346015791,7.205656511331776,8.901031970203647,234
DENV1 NS1,Senegal,18-39,Male,5.059166846299896,5.795985024337637,6.1636252853466225,6.884650938786249,8.87331677527234,125
DENV1 NS1,Senegal,40-59,Female,5.265650136236,6.313891694675142,7.1898685036280465,7.7672122840610385,9.20241184370834,124
DENV1 NS1,Senegal,40-59,Male,5.256386312202452,6.5888348440441895,7.495077969928214,8.134218166915668,9.172706242938418,90
DENV1 NS1,Senegal,5-9,Female,3.4919402601405234,5.322712675116535,5.696359520506746,5.824602942344464,7.5802014215059454,104
DENV1 NS1,Senegal,5-9,Male,3.612568247929138,5.415220730825248,5.631497232310598,5.812514326288847,8.603353015126315,109
DENV1 NS1,Senegal,<5,Female,3.3837266755002906,3.5451397540238423,3.6917103621313,3.847828357655425,5.642509145835943,44
DENV1 NS1,Senegal,<5,Male,3.4040282896795184,3.5905016196078416,3.64209592574685,3.8379980447534026,5.942060793843108,34
DENV1 NS1,Senegal,>59,Female,5.209138441725649,7.050855038307444,7.385506050854769,7.839088234499597,8.542516085648092,42
DENV1 NS1,Senegal,>59,Male,5.573266423588598,6.877827202617745,7.398904137642277,7.894684626107788,8.71298024097516,33
DENV1 VLP,French Guiana,18-39,Female,5.111144920916904,9.424120159765648,9.670222919348282,9.878903887283649,10.234895805632622,128
DENV1 VLP,French Guiana,18-39,Male,3.8746621521147895,9.154184832689515,9.621894641933954,9.808812711824977,10.204427979450648,323
DENV1 VLP,French Guiana,40-59,Female,5.780478540322423,9.303768939527465,9.610778954245824,9.801492597362646,10.140668470487276,94
DENV1 VLP,French Guiana,40-59,Male,4.716147041570819,9.191061785009845,9.63398558759882,9.779119623049617,10.09344309088705,227
DENV1 VLP,French Guiana,>59,Female,8.811922966502536,9.043634543571716,9.275346120640897,9.507057697710078,9.738769274779258,2
DENV1 VLP,French Guiana,>59,Male,6.466437154256161,9.537184242561423,9.6577837155033,9.784702003516523,9.99365293236894,13
DENV1 VLP,New Caledonia,18-39,Female,4.1419998688220385,7.648083104858854,9.422356712587241,9.818788146478783,10.072250732929144,156
DENV1 VLP,New Caledonia,18-39,Male,4.1183223040351145,8.906266645105507,9.586448060278087,9.794806042259465,10.141960195451306,100
DENV1 VLP,New Caledonia,40-59,Female,4.135601599008959,8.92365288095356,9.619460426543313,9.886430885958257,10.171537407166886,173
DENV1 VLP,New Caledonia,40-59,Male,4.078410848089601,8.541242472767655,9.577415948657949,9.890195897556932,10.190089881146926,131
DENV1 VLP,New Caledonia,>59,Female,5.843309198233023,9.552435066574182,9.862437714933444,9.920152333441356,10.091343507541731,25
DENV1 VLP,New Caledonia,>59,Male,4.704413432811705,9.11064299420282,9.657736099248964,9.967427419969075,10.082002188570153,15
DENV1 VLP,Peru,10-17,Female,3.5503370404354637,5.221690121181053,8.10347678565564,9.166962302063586,9.8854198416863,80
DENV1 VLP,Peru,10-17,Male,3.3837522646886615,4.935019809234261,7.715560582076137,9.396803722938978,10.14580332940207,73
DENV1 VLP,Peru,18-39,Female,4.193955636129996,8.50714212183749,9.449821891967726,9.801533133456168,10.18561104524102,219
DENV1 VLP,Peru,18-39,Male,4.8846486188265414,8.816129841098743,9.473852743674495,9.849536209240723,10.150544095167415,76
DENV1 VLP,Peru,40-59,Female,5.550479110532284,9.110637616158396,9.629534747530755,9.830539207000562,10.150217866369392,84
DENV1 VLP,Peru,40-59,Male,4.281204401844775,9.331402385663441,9.629570654129136,9.861450626723089,10.092445735009914,58
DENV1 VLP,Peru,5-9,Female,3.548055315979938,4.3396350252751805,4.931798177822017,8.106567034210201,9.883137397868229,63
DENV1 VLP,Peru,5-9,Male,3.752849728625951,4.499016141666146,5.070855800990377,7.791284707698432,9.949875539929351,63
DENV1 VLP,Peru,<5,Female,3.808689746613509,4.988858077534902,7.299426185102561,8.672818369209262,9.960125303032084,23
DENV1 VLP,Peru,<5,Male,3.8369954175705754,4.765651518218592,5.45080512789046,7.902970345800691,9.988270456372764,33
DENV1 VLP,Peru,>59,Female,5.63633946390093,9.400056565657266,9.690207563839785,9.901057180984303,10.115301325220813,50
DENV1 VLP,Peru,>59,Male,7.532188992743199,9.59733613519115,9.801011850144459,9.91933072106049,10.212386337150551,58
DENV1 VLP,Senegal,10-17,Female,4.354451182256759,5.458547332676623,7.01454733767374,7.966776291127831,9.972749376261689,154
DENV1 VLP,Senegal,10-17,Male,4.149073121592778,5.480513152385392,6.602952361056621,8.0819933491986,9.6418792098783,126
DENV1 VLP,Senegal,18-39,Female,4.533731056670166,7.472947353380765,8.649482961239896,9.268005579589595,9.844782075014722,234
DENV1 VLP,Senegal,18-39,Male,4.719931476067957,7.9117856311937,8.811905468515294,9.31701089438369,9.969949965247192,125
DENV1 VLP,Senegal,40-59,Female,4.932539691560033,8.793769653665294,9.180808508124544,9.488154213393173,9.927082106215025,124
DENV1 VLP,Senegal,40-59,Male,4.982326867404584,9.026390570955806,9.443133879535733,9.629385163197682,9.946271813931912,90
DENV1 VLP,Senegal,5-9,Female,3.577616988704827,5.004830448749092,5.421034781747256,5.946155108361696,9.709267320822246,104
DENV1 VLP,Senegal,5-9,Male,3.309935582959716,5.200924772906524,5.8711323914107,7.506947327324784,9.837313931262784,109
DENV1 VLP,Senegal,<5,Female,3.2157259237939115,4.532220328045348,5.43715585165985,6.496229460528772,8.291306584628673,44
DENV1 VLP,Senegal,<5,Male,3.339205965259829,4.183457862203401,5.024343138324015,5.986650916162018,8.54589189408253,34
DENV1 VLP,Senegal,>59,Female,4.133727551918117,8.869968231464899,9.240747051827345,9.465424346460637,9.88889940366584,42
DENV1 VLP,Senegal,>59,Male,6.914705615309132,9.115132152386144,9.295923826134024,9.49430175696678,9.881969238058929,33
DENV2 EDIII,French Guiana,18-39,Female,4.283892673213138,5.634466112629262,6.2294948695704235,7.26602378352233,9.463293897313832,128
DENV2 EDIII,French Guiana,18-39,Male,3.6936313883157217,5.852949169025363,6.466821624016493,7.429108687786904,9.612761671759694,323
DENV2 EDIII,French Guiana,40-59,Female,5.122429754550612,5.861924850932927,6.637671577808809,7.50577988409509,10.060705000724925,94
DENV2 EDIII,French Guiana,40-59,Male,4.775996006835164,6.080094553472481,6.903815513603483,7.562878214349888,10.6523290022008,227
DENV2 EDIII,French Guiana,>59,Female,5.923398459672706,6.188691779805739,6.453985099938771,6.719278420071804,6.984571740204836,2
DENV2 EDIII,French Guiana,>59,Male,5.505323977724557,5.897123138781314,6.232308611133285,6.832986990618546,8.481870381308307,13
DENV2 EDIII,New Caledonia,18-39,Female,4.544297571789026,5.529787616174509,5.909044522076741,6.160836788634821,9.55889681111604,156
DENV2 EDIII,New Caledonia,18-39,Male,4.411283552693014,5.502611823320794,5.909796472484533,6.321120499566071,7.698401019812868,100
DENV2 EDIII,New Caledonia,40-59,Female,4.771910685977868,5.596735690513013,5.9831226879631085,6.387923852986002,8.00826727705161,173
DENV2 EDIII,New Caledonia,40-59,Male,4.665917422518296,5.592400535601526,5.905458430974109,6.365282632462334,8.848750475218132,131
DENV2 EDIII,New Caledonia,>59,Female,5.106229261956629,5.707818135712434,6.080206918413294,6.908542557888446,8.754100695133463,25
DENV2 EDIII,New Caledonia,>59,Male,4.823816246524461,5.4597043848393785,5.8319145276517395,6.307473531983037,8.758718547610663,15
DENV2 EDIII,Peru,10-17,Female,4.262932938365544,5.253350620219759,5.563273105080976,6.1674938939075314,8.341359590362057,80
DENV2 EDIII,Peru,10-17,Male,4.193940066878592,5.214500080932394,5.515356522341668,6.150126477737385,8.153932657004543,73
DENV2 EDIII,Peru,18-39,Female,3.9911323043555966,5.293028294944166,5.712846300608794,6.312399556476422,8.37630909179919,219
DENV2 EDIII,Peru,18-39,Male,4.331629469651778,5.41019052121532,5.847068141350064,6.276309251509734,8.607886255649268,76
DENV2 EDIII,Peru,40-59,Female,4.510055922837114,5.57097209528135,6.012420829007039,6.9010467133629945,9.259604769223836,84
DENV2 EDIII,Peru,40-59,Male,4.5667102262212795,5.528686571743174,5.943855870854892,6.375394629857637,9.37720293208136,58
DENV2 EDIII,Peru,5-9,Female,4.380607693757792,5.414975883861828,5.78845571921313,6.315822037262787,7.913802877689014,63
DENV2 EDIII,Peru,5-9,Male,3.434408806706848,5.128142794597036,5.6283158915915354,6.255182206660704,8.703054904424228,63
DENV2 EDIII,Peru,<5,Female,4.70169331726927,5.523602477024415,5.854570348854699,6.71689961850278,8.368700490756185,23
DENV2 EDIII,Peru,<5,Male,4.43191245514673,5.314079141184757,5.899489449703477,6.324831635620233,9.545154180705312,33
DENV2 EDIII,Peru,>59,Female,4.397897388023925,5.575724493684185,5.969893349035299,6.294367211494184,8.023646999172556,50
DENV2 EDIII,Peru,>59,Male,4.459960642549194,5.481875530086665,5.957543382340564,6.830071938181934,8.987044099816083,58
DENV2 EDIII,Senegal,10-17,Female,4.87973848291044,5.84619705464526,6.04906540930438,6.429174779418034,7.915502497043959,154
DENV2 EDIII,Senegal,10-17,Male,5.101454232196853,5.860512998890647,6.127473515458056,6.543996595289139,8.181029047541587,126
DENV2 EDIII,Senegal,18-39,Female,5.196609169080527,5.876059728807858,6.164008167526713,6.442045712387529,8.684729668996097,234
DENV2 EDIII,Senegal,18-39,Male,5.358756702322382,6.004690648661932,6.314623924688188,6.830051422691981,8.59382467071166,125
DENV2 EDIII,Senegal,40-59,Female,5.416743959972732,5.898994961701016,6.108712957079247,6.572391947682799,9.64046142251915,124
DENV2 EDIII,Senegal,40-59,Male,5.489998003664618,6.051935174200847,6.232900424909332,6.633397101507485,7.910161930083931,90
DENV2 EDIII,Senegal,5-9,Female,4.497726891043966,5.744086377908239,5.999401311020365,6.261695978903826,8.295729823903448,104
DENV2 EDIII,Senegal,5-9,Male,4.962483201097708,5.77544377974994,6.03404303541981,6.402035920572031,7.992313468375383,109
DENV2 EDIII,Senegal,<5,Female,4.250759634964827,5.154418823854708,5.6443058391859084,6.166339989485687,7.701530554945079,44
DENV2 EDIII,Senegal,<5,Male,4.313480405840427,5.1119819629276755,5.480607471816736,5.964577213120178,7.148417586127133,34
DENV2 EDIII,Senegal,>59,Female,5.235013846494749,6.002642577264396,6.1963994263389734,6.644979115959256,8.048523864836291,42
DENV2 EDIII,Senegal,>59,Male,4.851554499805262,5.781973755888997,6.0509188180798485,6.352065824924264,9.673608077794542,33
DENV2 NS1,French Guiana,18-39,Female,3.8704692140533754,7.343404741559566,8.659918444528849,9.059462577261199,9.542089728882203,128
DENV2 NS1,French Guiana,18-39,Male,3.772674067186292,6.027440263949378,7.762387766695509,8.857691496077424,9.463428815215448,323
DENV2 NS1,French Guiana,40-59,Female,3.8494158048555422,6.855568857093348,8.443902393345061,8.989685193681005,9.446536875335047,94
DENV2 NS1,French Guiana,40-59,Male,3.91129120857363,5.7271718937657194,7.83578827114486,8.823315269684173,9.484197376665715,227
DENV2 NS1,French Guiana,>59,Female,6.0884028398674745,6.96692170865361,7.845440577439744,8.723959446225878,9.602478315012013,2
DENV2 NS1,French Guiana,>59,Male,4.954219085414497,5.4883550361510895,7.3460404122678336,8.470121269065503,9.128772543171866,13
DENV2 NS1,New Caledonia,18-39,Female,4.214700739825691,5.159117583570244,6.442267132915747,8.647124137083537,9.8195258087201,156
DENV2 NS1,New Caledonia,18-39,Male,4.140738571269333,5.5360580257614584,8.112415633484469,8.864060776223305,9.536066813186364,100
DENV2 NS1,New Caledonia,40-59,Female,4.389359423874076,5.669938078645666,8.467115249600731,9.11853483198863,9.663017544751016,173
DENV2 NS1,New Caledonia,40-59,Male,4.089815789776832,5.721994825378823,8.077411481043828,8.863223644128073,9.811898566776572,131
DENV2 NS1,New Caledonia,>59,Female,5.649694011262472,7.969591131224075,8.72709363849864,8.847558341368813,9.597451787300791,25
DENV2 NS1,New Caledonia,>59,Male,4.486791059969178,7.11397670261776,8.489932461766871,9.05646077033856,9.520663346873713,15
DENV2 NS1,Peru,10-17,Female,3.2975419816571474,4.1494682801171825,4.892825444960071,6.131675939754251,9.343507845779254,80
DENV2 NS1,Peru,10-17,Male,3.5185326796102565,3.952723142537647,4.791744600692965,6.254452052753659,9.594769550909412,73
DENV2 NS1,Peru,18-39,Female,3.5387272834135324,4.872695743602004,7.728815529645559,8.959428809681585,9.92421799558464,219
DENV2 NS1,Peru,18-39,Male,3.766212567517175,4.935818474611764,7.357876571266809,8.96902856920632,9.74214861380148,76
DENV2 NS1,Peru,40-59,Female,3.6937853570841233,5.632879676210413,8.175812799859616,8.947696571595461,9.931492197743395,84
DENV2 NS1,Peru,40-59,Male,4.120337406769426,5.621508433527978,7.921579007877862,8.88715948504539,9.60951543334047,58
DENV2 NS1,Peru,5-9,Female,3.5279931022413793,3.8746673308445425,4.285588676335584,5.32304821588566,8.953889239995888,63
DENV2 NS1,Peru,5-9,Male,3.4471745758725,3.988703710388557,4.258420095949497,4.870036920663123,8.974358182612846,63
DENV2 NS1,Peru,<5,Female,3.384784539677259,3.892563368293052,4.457421341942108,4.976341937715267,9.278959049923962,23
DENV2 NS1,Peru,<5,Male,3.371558375513226,3.863125991858849,4.080705897419612,5.047711137062345,9.4346263343917,33
DENV2 NS1,Peru,>59,Female,4.149698768906564,5.918976454707516,8.107672704169154,8.834474852310358,9.639651337250683,50
DENV2 NS1,Peru,>59,Male,4.3114681243234045,5.751136881473391,8.422154784141409,9.062839996796566,9.617664699736569,58
DENV2 NS1,Senegal,10-17,Female,4.977160961121819,5.572630381007772,5.845266357608875,6.003556580416537,8.422817778270737,154
DENV2 NS1,Senegal,10-17,Male,5.1272048793971505,5.602881162542167,5.7954781003327,6.019334469007151,8.44100579692985,126
DENV2 NS1,Senegal,18-39,Female,3.6702057331229376,5.937007720811648,6.345462296001278,7.377373572594596,9.060911721967493,234
DENV2 NS1,Senegal,18-39,Male,5.233030403200999,5.942422269562549,6.33993666450142,7.075159159567754,9.042964785659109,125
DENV2 NS1,Senegal,40-59,Female,5.402883208489425,6.556175827099608,7.378709992627661,7.925996886174543,9.30069510677145,124
DENV2 NS1,Senegal,40-59,Male,5.254944298706539,6.825723255600345,7.688868949535626,8.336849090509862,9.343041092946962,90
DENV2 NS1,Senegal,5-9,Female,3.5713915173316293,5.485182185393386,5.786904720738326,5.965006876248252,7.81235156462408,104
DENV2 NS1,Senegal,5-9,Male,3.647216214898239,5.555817705735748,5.763060950979429,5.948795895141798,8.760194866490778,109
DENV2 NS1,Senegal,<5,Female,3.320003303689823,3.5713915173316293,3.635450966193142,3.88409205681167,5.726657756578074,44
DENV2 NS1,Senegal,<5,Male,3.3164992677028393,3.5469497183440852,3.6159456039711952,3.7037414168743092,4.982829089541984,34
DENV2 NS1,Senegal,>59,Female,5.372628833761479,7.234333017975542,7.575607432949407,8.093240793975616,8.699076787884273,42
DENV2 NS1,Senegal,>59,Male,5.719627921801405,7.06461158204879,7.593895648034623,8.087520776332452,8.896833161792653,33
DENV2 VLP,French Guiana,18-39,Female,5.51228251347592,9.48706517030789,9.777492980051049,9.926068751820171,10.19713095301012,128
DENV2 VLP,French Guiana,18-39,Male,4.175795243082101,9.341918336985074,9.74907197404004,9.88542179038834,10.155380355800192,323
DENV2 VLP,French Guiana,40-59,Female,6.250552266750473,9.347120966460926,9.740401333813423,9.859320112063912,10.116157051895865,94
DENV2 VLP,French Guiana,40-59,Male,5.015963390106552,9.394216395065273,9.724065216691509,9.858918490113275,10.092980969386586,227
DENV2 VLP,French Guiana,>59,Female,8.39001787852439,8.76139127925164,9.13276467997889,9.504138080706143,9.875511481433394,2
DENV2 VLP,French Guiana,>59,Male,7.089338430616776,9.63580409248782,9.77417110192922,9.81397818818412,10.003782156202591,13
DENV2 VLP,New Caledonia,18-39,Female,4.382706286065701,8.085575386041324,9.48409374316584,9.866112803695271,10.105687014683708,156
DENV2 VLP,New Caledonia,18-39,Male,4.464197634643446,9.272312099545548,9.666009180630036,9.866971536565842,10.096103799286457,100
DENV2 VLP,New Caledonia,40-59,Female,4.399821513565839,9.123951280268315,9.74591136839381,9.898735406307368,10.074012622677053,173
DENV2 VLP,New Caledonia,40-59,Male,4.343365742942059,8.61252812024699,9.645744907854152,9.875004656494252,10.123427377092494,131
DENV2 VLP,New Caledonia,>59,Female,5.923983216840668,9.590702503181545,9.843594488234,9.921620651736353,10.089468955414198,25
DENV2 VLP,New Caledonia,>59,Male,5.490480255909095,9.32663336883906,9.722840404674423,10.002350058733882,10.068542858656558,15
DENV2 VLP,Peru,10-17,Female,3.943111235272742,5.842668124309904,8.335641620762264,9.463041423268546,10.141716010032749,80
DENV2 VLP,Peru,10-17,Male,3.6564398720119335,5.422538428438646,8.064974487823502,9.53716346921286,10.214618994742253,73
DENV2 VLP,Peru,18-39,Female,4.387188336548503,8.782053566498604,9.64343777327566,9.884521489579924,10.238472046921322,219
DENV2 VLP,Peru,18-39,Male,5.19243565419397,9.125568475454862,9.70255643871673,9.869155086303032,10.27558530403791,76
DENV2 VLP,Peru,40-59,Female,6.0155053207203295,9.33613593347726,9.755219459787817,9.931121510797965,10.200385238803506,84
DENV2 VLP,Peru,40-59,Male,4.511336766071962,9.509761886399122,9.773625217825888,9.877997736853793,10.158477063473534,58
DENV2 VLP,Peru,5-9,Female,3.82971159328597,4.736957551858625,5.55533984164015,8.391093953812781,10.038559642918209,63
DENV2 VLP,Peru,5-9,Male,3.976559169340283,5.029157085124832,5.590699403847272,8.347819770387492,9.959373416223649,63
DENV2 VLP,Peru,<5,Female,4.4358188996853585,5.5458258691689295,7.487006821657834,9.187341816016083,10.04250167700852,23
DENV2 VLP,Peru,<5,Male,4.174035635944261,5.09097285897409,5.985730719058248,7.969762058774042,9.959561637867123,33
DENV2 VLP,Peru,>59,Female,5.900798693983501,9.571427792045561,9.846610028878995,9.961163763947667,10.13156168452106,50
DENV2 VLP,Peru,>59,Male,7.419655527295279,9.725588999173462,9.883883343217637,9.962718894484466,10.17060151650085,58
DENV2 VLP,Senegal,10-17,Female,4.306799336103808,5.6423799299543855,7.192473338928488,8.36930419189967,9.932816980058826,154
DENV2 VLP,Senegal,10-17,Male,4.309377660436557,5.722831847900549,7.109995987075587,8.539238253519724,9.797196538000602,126
DENV2 VLP,Senegal,18-39,Female,4.565474483180688,7.81725550750718,8.95991380211232,9.520246380024783,9.933602250626077,234
DENV2 VLP,Senegal,18-39,Male,4.676057405329558,8.298326493384865,9.07127294425094,9.537888175506772,9.94787537687281,125
DENV2 VLP,Senegal,40-59,Female,4.984024161633709,9.127019015873433,9.414114617769297,9.67727302807354,10.054115711186668,124
DENV2 VLP,Senegal,40-59,Male,5.224336342077491,9.364884333185048,9.631444463965574,9.76079163771409,10.017136917384304,90
DENV2 VLP,Senegal,5-9,Female,3.9241142563274622,5.130157312495776,5.521235217130263,7.1286102306173325,9.760705666803076,104
DENV2 VLP,Senegal,5-9,Male,4.1521041955654105,5.559713450185015,6.924473329090393,7.754922969595273,9.90200946941667,109
DENV2 VLP,Senegal,<5,Female,3.6152065736655343,4.874821956630925,5.818271061990113,6.866666169209314,8.434646838432874,44
DENV2 VLP,Senegal,<5,Male,3.6112555290509034,4.4607583730440385,5.360225418248735,6.408269941104766,8.702312399710866,34
DENV2 VLP,Senegal,>59,Female,4.138537286016559,9.17499513997081,9.512855034941502,9.646942881098353,9.93057624021934,42
DENV2 VLP,Senegal,>59,Male,6.974306455034768,9.438108045173898,9.561398353297324,9.652267332429568,9.94801284314326,33
DENV3 EDIII,French Guiana,18-39,Female,4.447334669889843,5.522632792205467,6.062764648855767,7.165925740103446,9.078678947172314,128
DENV3 EDIII,French Guiana,18-39,Male,3.998166070558249,5.660861989811622,6.159408029584545,7.158501791498882,9.94841111141591,323
DENV3 EDIII,French Guiana,40-59,Female,4.832311826593651,5.71591589833638,6.142983657732577,7.214266727164065,10.261905384053213,94
DENV3 EDIII,French Guiana,40-59,Male,4.749234085326809,5.774532989196107,6.247861699631922,7.3973054208291735,10.285340200117496,227
DENV3 EDIII,French Guiana,>59,Female,5.160300564071145,5.508345015747905,5.856389467424665,6.204433919101426,6.552478370778186,2
DENV3 EDIII,French Guiana,>59,Male,5.478424058448623,5.631889388358678,5.777373855746747,6.167312893325992,7.203240650135144,13
DENV3 EDIII,New Caledonia,18-39,Female,4.361349871085562,5.302778765990607,5.639754813841126,6.0634855894839,9.4008599700797,156
DENV3 EDIII,New Caledonia,18-39,Male,4.394765268164983,5.343683082161009,5.703973922159781,6.096882353586054,7.313936795818351,100
DENV3 EDIII,New Caledonia,40-59,Female,4.543642719605712,5.445241823262851,5.760541510353507,6.145491771886991,7.371323111024696,173
DENV3 EDIII,New Caledonia,40-59,Male,4.669758356042269,5.368717478854908,5.785633964990725,6.098462757525688,8.257152735185407,131
DENV3 EDIII,New Caledonia,>59,Female,5.1807931331540775,5.558974839318906,5.78563371213416,6.188650838603684,7.387920520882591,25
DENV3 EDIII,New Caledonia,>59,Male,4.77868886484844,5.364521792307034,6.0479601129052,6.396111036775873,7.831439884181609,15
DENV3 EDIII,Peru,10-17,Female,4.250764313936431,4.947291650314091,5.286270085924832,5.797399940289996,7.86359349183736,80
DENV3 EDIII,Peru,10-17,Male,3.9027957628790984,4.898902759327029,5.187738894857046,5.6686639696549985,7.599416647573264,73
DENV3 EDIII,Peru,18-39,Female,4.183931601377544,5.151393359539767,5.530473460045166,5.985260718244418,8.09301933265128,219
DENV3 EDIII,Peru,18-39,Male,4.339286971391607,5.127707723582278,5.593685506408125,6.060814161444968,7.894694040808424,76
DENV3 EDIII,Peru,40-59,Female,4.74553733267121,5.383221895234596,5.786482998941249,6.1511377346924805,9.463051448178096,84
DENV3 EDIII,Peru,40-59,Male,4.6945735468806715,5.4310678294232755,5.774359887970988,6.452786523682739,8.097581035958813,58
DENV3 EDIII,Peru,5-9,Female,4.45436326917767,4.996279480013691,5.2800344784402276,5.974223646725935,7.534408815825408,63
DENV3 EDIII,Peru,5-9,Male,3.778607831329593,4.955690403953249,5.338831868293201,6.125987646687145,7.460221891108977,63
DENV3 EDIII,Peru,<5,Female,4.015450227001965,4.699556861293093,5.229403347613157,5.6271057898706776,7.400718178817279,23
DENV3 EDIII,Peru,<5,Male,3.779462285263149,5.037340060773271,5.423677237930953,5.9978029925833685,8.904942429078107,33
DENV3 EDIII,Peru,>59,Female,4.858275905796758,5.401982975186781,5.860234827923497,6.126341793232419,6.955592099635954,50
DENV3 EDIII,Peru,>59,Male,4.610150799680109,5.451239811887918,5.752998600594193,6.149593355319134,7.853239575781801,58
DENV3 EDIII,Senegal,10-17,Female,4.918445610503723,5.677254187724242,5.95178695685612,6.216236631907577,7.736027797256085,154
DENV3 EDIII,Senegal,10-17,Male,5.194023892039857,5.637175842004353,5.928069459586888,6.153215086948342,7.472104395090453,126
DENV3 EDIII,Senegal,18-39,Female,3.994286415059415,5.780359169523028,6.061577088722647,6.382101458349318,7.892341837295455,234
DENV3 EDIII,Senegal,18-39,Male,5.400889841555715,5.802573422562113,6.109642373319265,6.47653536240071,9.27737322080995,125
DENV3 EDIII,Senegal,40-59,Female,5.075890074727333,5.911677101492689,6.1089176763989155,6.540676921747725,8.988044908544206,124
DENV3 EDIII,Senegal,40-59,Male,5.420877263872696,5.905164833654458,6.173030734828311,6.472949177745926,8.21978200636738,90
DENV3 EDIII,Senegal,5-9,Female,3.8981102790337783,5.587745529782568,5.840001744524901,6.052687297444702,7.669990745694123,104
DENV3 EDIII,Senegal,5-9,Male,4.064903982273369,5.61106472750361,5.84491384725495,6.123699298485595,8.261974454618958,109
DENV3 EDIII,Senegal,<5,Female,3.4270194803884717,4.3213863555157035,4.688991548787357,5.25125035572876,7.53833023505441,44
DENV3 EDIII,Senegal,<5,Male,3.7847815937267746,4.32088291661893,4.654731356939919,5.024777308134764,6.767890594779653,34
DENV3 EDIII,Senegal,>59,Female,5.337448544330557,5.856509566389194,6.051412721076895,6.251747596784941,7.212450716839123,42
DENV3 EDIII,Senegal,>59,Male,4.939392779008497,5.951807470740024,6.18625229085628,6.400381775553403,7.550531683930767,33
DENV3 NS1,French Guiana,18-39,Female,3.537882550767544,6.255828105171964,8.257606535093233,8.81266054824556,9.488883744985149,128
DENV3 NS1,French Guiana,18-39,Male,3.4594109353260487,5.546563336711575,7.470486814220642,8.566728578332064,9.349396911588531,323
DENV3 NS1,French Guiana,40-59,Female,3.784574413861241,6.140977544547005,7.7442863244676055,8.756408990194977,9.442903964034878,94
DENV3 NS1,French Guiana,40-59,Male,3.784574413861241,5.465282272832032,7.452038069594181,8.483906016385259,9.419689217943516,227
DENV3 NS1,French Guiana,>59,Female,5.9774023599472494,6.793823202534677,7.610244045122105,8.426664887709531,9.24308573029696,2
DENV3 NS1,French Guiana,>59,Male,4.6980625103958085,5.796922909055994,7.105192626632616,8.442076186291022,9.010388025524042,13
DENV3 NS1,New Caledonia,18-39,Female,3.7584002744068368,4.439438360888827,5.30657141042165,8.516432286661168,9.483840541503,156
DENV3 NS1,New Caledonia,18-39,Male,3.905641516114838,4.784447262210199,7.75089818493764,8.394058569982874,9.355317295778242,100
DENV3 NS1,New Caledonia,40-59,Female,3.895922879381927,5.016402779457272,8.15384342932004,8.834889139997273,9.58303870149057,173
DENV3 NS1,New Caledonia,40-59,Male,3.672779328067717,4.820290952205614,7.767462393244329,8.762410380848669,9.394201406147014,131
DENV3 NS1,New Caledonia,>59,Female,4.977077621931352,7.739534250231141,8.446853322316514,8.742251417347147,9.235148713353553,25
DENV3 NS1,New Caledonia,>59,Male,4.127205809872178,5.366786043312603,8.385044850725253,8.788127704585907,9.10706174922028,15
DENV3 NS1,Peru,10-17,Female,3.336829127707748,3.85415465835984,4.404112724201417,5.0704547321457625,8.653179034158775,80
DENV3 NS1,Peru,10-17,Male,3.3312038950683753,3.814027586767682,4.3577335804556405,5.156210788548953,9.332826912578374,73
DENV3 NS1,Peru,18-39,Female,3.4927520273549613,4.489644565402522,7.269467138424217,8.762642477384404,9.922108856018763,219
DENV3 NS1,Peru,18-39,Male,3.6709300244864727,4.717536480597601,7.257085037244073,8.756228856803503,9.628582996856291,76
DENV3 NS1,Peru,40-59,Female,3.5281065645052063,4.977375403137443,7.632181770163239,8.844910704823917,9.935044341843833,84
DENV3 NS1,Peru,40-59,Male,3.7537353565115614,5.1984231865367905,7.7297635885282965,8.86338400017577,9.534734646520324,58
DENV3 NS1,Peru,5-9,Female,3.3666820908574295,3.64965762618691,3.906652358007542,4.6516685884385085,8.292103392188437,63
DENV3 NS1,Peru,5-9,Male,3.207617396227742,3.67971121321751,3.925735164357018,4.407847481800289,8.502170168254919,63
DENV3 NS1,Peru,<5,Female,3.4101362618383693,3.6532268759134054,4.0225263661410144,4.382915802574045,8.790257266665533,23
DENV3 NS1,Peru,<5,Male,3.3573209892557547,3.6954231235641952,3.8361230056673303,4.224780995459114,9.143691907519848,33
DENV3 NS1,Peru,>59,Female,4.022210698641815,5.432842967290011,8.076227472587059,8.846471347222709,9.521762271642343,50
DENV3 NS1,Peru,>59,Male,3.986550276732141,6.328959000878053,8.308855800564658,8.945287873465851,9.521899358527063,58
DENV3 NS1,Senegal,10-17,Female,4.827393840841908,5.411663832276079,5.679820317317025,5.8259740698295115,7.454539599635128,154
DENV3 NS1,Senegal,10-17,Male,4.991547523571025,5.4388129522397,5.648694078580825,5.831721727296472,7.784183830366641,126
DENV3 NS1,Senegal,18-39,Female,3.5389710110438117,5.737615151432249,6.021862791529982,6.575512229178335,8.619365121152496,234
DENV3 NS1,Senegal,18-39,Male,5.050521526030577,5.7494262663627405,6.015586734232877,6.589246430112925,8.834638628150664,125
DENV3 NS1,Senegal,40-59,Female,5.183079932698491,6.159752599647145,6.563439953734065,7.0506242448658325,8.637194025366556,124
DENV3 NS1,Senegal,40-59,Male,5.266752408422606,6.2976864369245,6.945055130413023,7.5847974078005755,9.051394286339544,90
DENV3 NS1,Senegal,5-9,Female,3.254866759939915,5.288512980415689,5.649391920620188,5.811369805293853,7.688971139391855,104
DENV3 NS1,Senegal,5-9,Male,3.2690513949318714,5.392044240449783,5.599319137897924,5.756981356966447,8.005682111946799,109
DENV3 NS1,Senegal,<5,Female,3.1335059029356476,3.283037636906611,3.4371883167338697,3.6698106120026233,5.592543172745231,44
DENV3 NS1,Senegal,<5,Male,3.1335059029356476,3.254866759939915,3.37700715071715,3.56335894475541,6.217189971362776,34
DENV3 NS1,Senegal,>59,Female,5.206543524460624,6.421798030575804,6.833989203388089,7.462938514369333,8.147775601241857,42
DENV3 NS1,Senegal,>59,Male,5.596485316023833,6.54042414520975,6.971269835774669,7.432581014815231,8.144106771262072,33
DENV3 VLP,French Guiana,18-39,Female,5.494348258046049,9.49334511787009,9.768299071050834,9.926595216401596,10.270844263307534,128
DENV3 VLP,French Guiana,18-39,Male,4.270084055109487,9.240205030828625,9.69118711038612,9.881906073705595,10.250889854581631,323
DENV3 VLP,French Guiana,40-59,Female,5.8618280959395745,9.313761433028073,9.678956362362577,9.890010097233727,10.123739224143662,94
DENV3 VLP,French Guiana,40-59,Male,5.1952547219975305,9.27530554239355,9.676231615405872,9.829386771381083,10.132632796745636,227
DENV3 VLP,French Guiana,>59,Female,8.697364531822384,8.969185005635726,9.241005479449067,9.512825953262407,9.78464642707575,2
DENV3 VLP,French Guiana,>59,Male,7.380470955717434,9.618618226149286,9.720302876278447,9.837982540787763,10.069249059882477,13
DENV3 VLP,New Caledonia,18-39,Female,4.3822844511944075,7.6297109240018,9.41196676939446,9.856059914695566,10.094089538326196,156
DENV3 VLP,New Caledonia,18-39,Male,4.453165644596327,8.989687929873499,9.595573965912251,9.854950128762502,10.145459972252866,100
DENV3 VLP,New Caledonia,40-59,Female,4.425122890887779,9.025381916170453,9.730432922725251,9.96155601391244,10.14021018654668,173
DENV3 VLP,New Caledonia,40-59,Male,4.260237016751566,8.44647242682315,9.603016728621885,9.936775002264177,10.130485529346169,131
DENV3 VLP,New Caledonia,>59,Female,6.12561891165509,9.59000974135712,9.865867382454123,9.957074492656114,10.13318073509977,25
DENV3 VLP,New Caledonia,>59,Male,4.924392284632747,9.312432992410102,9.724829851854064,10.004078736077396,10.127420624804234,15
DENV3 VLP,Peru,10-17,Female,3.822192888141673,5.730792354192243,8.193376468008374,9.300775861849191,9.939186489374784,80
DENV3 VLP,Peru,10-17,Male,3.5091189845022246,5.490908427161993,7.953756541161634,9.496815751830212,10.26421190968865,73
DENV3 VLP,Peru,18-39,Female,4.560329034275751,8.663566735116653,9.56875771015688,9.889589009258533,10.18636744775718,219
DENV3 VLP,Peru,18-39,Male,5.324228354997302,8.909672547368517,9.58972723787229,9.914808089284358,10.329051392537956,76
DENV3 VLP,Peru,40-59,Female,6.159650938288362,9.227511505423081,9.72111211964669,9.918262583958398,10.09208768376853,84
DENV3 VLP,Peru,40-59,Male,4.362601217331444,9.443330478910664,9.679125845880387,9.915570989563257,10.226746498041054,58
DENV3 VLP,Peru,5-9,Female,3.7573583440198624,4.767894277083872,5.635317426603593,8.193466456261756,10.060922459360324,63
DENV3 VLP,Peru,5-9,Male,4.088715479974304,5.205489025771756,5.851802710680652,7.6939755063044615,9.962265269994456,63
DENV3 VLP,Peru,<5,Female,4.631182088387929,6.122331153107947,7.664646744264282,8.778950742399172,10.074617334307604,23
DENV3 VLP,Peru,<5,Male,4.349645761032065,5.572363472460583,6.319478575734348,7.809179910907843,9.96376920888597,33
DENV3 VLP,Peru,>59,Female,6.255456803430868,9.47985782202913,9.757497278994318,9.98016957931075,10.258109819748272,50
DENV3 VLP,Peru,>59,Male,6.402023855048028,9.711228426884185,9.869752479048984,9.934519617029082,10.202649261649652,58
DENV3 VLP,Senegal,10-17,Female,4.773114829282572,5.988877053127835,7.064322886868968,7.859834828008076,10.017479483066644,154
DENV3 VLP,Senegal,10-17,Male,4.673337844222691,5.9224470630385335,6.893006266153362,7.987452374126885,9.701688002530938,126
DENV3 VLP,Senegal,18-39,Female,5.0503791988929665,7.464143925112991,8.589556141423717,9.241327820961079,9.973842521738405,234
DENV3 VLP,Senegal,18-39,Male,5.103240425823468,7.971358295028745,8.811076899271834,9.321925295510134,9.868484712737194,125
DENV3 VLP,Senegal,40-59,Female,5.637693305872801,8.861892779359513,9.184648443228724,9.513585368103254,9.982937339808004,124
DENV3 VLP,Senegal,40-59,Male,5.632768365709753,9.087829939263562,9.454835805463873,9.67567148003111,9.987004239371428,90
DENV3 VLP,Senegal,5-9,Female,4.395272554186003,5.473163962148966,5.82868338637385,6.299470417643432,9.64708865842688,104
DENV3 VLP,Senegal,5-9,Male,4.5006024592955605,5.892648386849235,6.802732602943407,7.509958815630915,9.80331829928338,109
DENV3 VLP,Senegal,<5,Female,3.3853259026035505,5.191955468988666,6.068502561803052,6.828283426066597,8.299988055951935,44
DENV3 VLP,Senegal,<5,Male,3.8088095162143927,4.6262289645794255,5.494730129941679,6.56043244701951,8.48629723139078,34
DENV3 VLP,Senegal,>59,Female,4.62808125263457,8.79050821602865,9.228679378126248,9.477630364428398,9.788443455331112,42
DENV3 VLP,Senegal,>59,Male,6.991711340766541,9.156992677876277,9.28721826703095,9.4733016831186,9.932599161698828,33
DENV4 EDIII,French Guiana,18-39,Female,4.261562374057637,5.446225352832204,5.945390047913762,6.848830461427007,8.80923622995757,128
DENV4 EDIII,French Guiana,18-39,Male,3.99856852895058,5.6907349768653726,6.232400229210431,7.200129280462748,9.400056366489078,323
DENV4 EDIII,French Guiana,40-59,Female,4.548720354084283,5.680511071760126,6.207814508786196,7.035898729390858,8.476121890984553,94
DENV4 EDIII,French Guiana,40-59,Male,4.409237987378613,5.795351400163826,6.2635713047934,7.349731753317357,9.668333846352908,227
DENV4 EDIII,French Guiana,>59,Female,5.761765486027686,6.0571224522865705,6.352479418545455,6.647836384804339,6.943193351063223,2
DENV4 EDIII,French Guiana,>59,Male,5.354322675577599,5.790473594389208,5.805107972286531,6.32411389592137,7.99791085763158,13
DENV4 EDIII,New Caledonia,18-39,Female,4.7860482551227586,5.38222844798548,5.7418560311651765,6.142795920740804,7.642794988727962,156
DENV4 EDIII,New Caledonia,18-39,Male,4.06326423121074,5.4179830929009185,5.764875139011107,6.277372042784077,7.511121618914964,100
DENV4 EDIII,New Caledonia,40-59,Female,4.63588638078808,5.367911992166626,5.745194415646531,6.212043623987814,8.115707302697354,173
DENV4 EDIII,New Caledonia,40-59,Male,4.4417405434553565,5.37354935827919,5.750387339605529,6.180479715823037,8.067137259396793,131
DENV4 EDIII,New Caledonia,>59,Female,4.835071398571621,5.472886332882406,5.910839054555709,6.291332103017318,7.614288777445882,25
DENV4 EDIII,New Caledonia,>59,Male,5.1848845780591,5.522830056288088,5.862176386829252,6.18493051434826,7.941202251034199,15
DENV4 EDIII,Peru,10-17,Female,4.223290308380366,4.970580559730337,5.27948324401732,5.814266027710843,7.644042109569922,80
DENV4 EDIII,Peru,10-17,Male,3.980834370785785,5.102409946227707,5.520425382339612,6.0118246360275,9.38519893057143,73
DENV4 EDIII,Peru,18-39,Female,3.985322708638985,5.184815752976417,5.53751393398856,5.97248707994617,8.368603527393141,219
DENV4 EDIII,Peru,18-39,Male,4.253412850087543,5.155718544149474,5.747192911528116,6.360534886912868,9.636652858484762,76
DENV4 EDIII,Peru,40-59,Female,4.400260142958071,5.270500901252328,5.76207464599615,6.357040491231205,8.747841046232482,84
DENV4 EDIII,Peru,40-59,Male,4.780168402953148,5.341830583435528,6.011680229873698,6.467169299606909,8.989353372136586,58
DENV4 EDIII,Peru,5-9,Female,4.255630789004729,4.879095883006739,5.223436556918121,5.952796897966943,7.527010201705088,63
DENV4 EDIII,Peru,5-9,Male,3.785629398838542,4.934468063155451,5.354549949698815,5.838021904599098,7.0817813733534525,63
DENV4 EDIII,Peru,<5,Female,4.008772950152752,4.8410701478731335,5.484899881016028,5.646563429243835,7.869840802952424,23
DENV4 EDIII,Peru,<5,Male,4.067820169864797,4.768409871981531,5.38126461750438,6.147084835972006,8.886148347006461,33
DENV4 EDIII,Peru,>59,Female,4.496488175052625,5.453287004263713,5.8709865883676535,6.288713948317133,8.0895904232664,50
DENV4 EDIII,Peru,>59,Male,4.786706047398734,5.2718918265172885,5.886935676432158,6.6806169528017865,8.474347057004078,58
DENV4 EDIII,Senegal,10-17,Female,5.129315062326963,5.900592008400896,6.149667204561329,6.4512348638024966,9.014901607306015,154
DENV4 EDIII,Senegal,10-17,Male,5.258006434747485,5.920206280068736,6.151724118020917,6.497175476124237,8.94370366559058,126
DENV4 EDIII,Senegal,18-39,Female,4.946042728348248,5.961810273652771,6.1823634220816395,6.515928702992274,9.49118363811152,234
DENV4 EDIII,Senegal,18-39,Male,5.363555611852904,6.012292406527367,6.311712301929387,6.611761898184102,8.880072138085726,125
DENV4 EDIII,Senegal,40-59,Female,5.3069260644745375,6.08426918257034,6.339007494414016,6.729309241167037,9.635554889620137,124
DENV4 EDIII,Senegal,40-59,Male,5.4559289319839195,6.169826799397496,6.3656058877236275,6.668700140206067,9.039582404756072,90
DENV4 EDIII,Senegal,5-9,Female,4.423338299145498,5.846600699693308,6.090063530944342,6.691584299075793,9.851558642275354,104
DENV4 EDIII,Senegal,5-9,Male,5.121933394811912,5.887022672691352,6.118022025653541,6.357637287273134,9.451697736700035,109
DENV4 EDIII,Senegal,<5,Female,3.92599276218324,4.462434428656054,4.773290622570444,5.423598706879115,6.83677955561945,44
DENV4 EDIII,Senegal,<5,Male,3.7402414544390545,4.30679585714988,4.661514723620037,5.039499530395935,6.99427856592596,34
DENV4 EDIII,Senegal,>59,Female,5.623697217367838,6.163948035775409,6.427689111304936,7.120480040448265,9.425531324395468,42
DENV4 EDIII,Senegal,>59,Male,5.254061947813553,6.097021406602159,6.3079163358401695,6.621170419934448,9.03590405726002,33
DENV4 NS1,French Guiana,18-39,Female,3.683327532820941,6.4603805282788915,7.582317544742555,8.57872139660347,9.31052043482464,128
DENV4 NS1,French Guiana,18-39,Male,3.7738804384193223,5.319547405878418,6.886122664393819,8.288245045054303,9.289572873734867,323
DENV4 NS1,French Guiana,40-59,Female,3.7682269766074272,5.876319145019401,7.354072182090217,8.490642452512983,9.208425265734125,94
DENV4 NS1,French Guiana,40-59,Male,3.689625285760633,5.308039472481232,6.742503627664941,8.011422700761509,9.149983695076685,227
DENV4 NS1,French Guiana,>59,Female,5.528851292227611,6.446796230034741,7.364741167841869,8.282686105648999,9.200631043456127,2
DENV4 NS1,French Guiana,>59,Male,4.80887130480037,4.973210516931206,6.5180870017039325,8.14118696837826,8.937049461641696,13
DENV4 NS1,New Caledonia,18-39,Female,4.0467880763839235,4.821704015013479,5.751117137310488,8.256287511030685,9.555625504778096,156
DENV4 NS1,New Caledonia,18-39,Male,3.94441281551334,5.049275356836791,6.391916815034598,8.199059200238409,9.339516122829478,100
DENV4 NS1,New Caledonia,40-59,Female,4.062661550394991,5.469915223788735,7.907631902122845,8.700576767699703,9.468408011853578,173
DENV4 NS1,New Caledonia,40-59,Male,3.718754708408575,5.104806700537246,7.452839679852381,8.552925662981755,9.380968256093324,131
DENV4 NS1,New Caledonia,>59,Female,4.801964109469386,5.707075847961889,7.609902807548381,8.530798025003243,8.999146189457699,25
DENV4 NS1,New Caledonia,>59,Male,4.460839868281198,6.8283008587215885,7.790290039995185,8.763325240265548,9.21271746485212,15
DENV4 NS1,Peru,10-17,Female,3.293295562006638,3.9159987873617617,4.340887583233783,4.994796226879616,8.786334787779298,80
DENV4 NS1,Peru,10-17,Male,3.353088199121204,3.814756171210661,4.451274294295748,5.197651874076913,9.5397753119946,73
DENV4 NS1,Peru,18-39,Female,3.433743674433595,4.431260635666755,6.321168941344685,8.546966844999329,9.840178794945022,219
DENV4 NS1,Peru,18-39,Male,3.5125999716250274,4.69741190591532,6.34373849768113,8.25777480220573,9.54744597480776,76
DENV4 NS1,Peru,40-59,Female,3.4104593848741875,4.825417731846341,6.2987997314119095,8.755219045020642,9.742771060944204,84
DENV4 NS1,Peru,40-59,Male,3.771016916309539,5.062222118906033,7.240464327128848,8.551789616744461,9.450495316800662,58
DENV4 NS1,Peru,5-9,Female,3.426719905745968,3.7122820783003823,3.998948635940426,4.459961555022145,8.856408745841,63
DENV4 NS1,Peru,5-9,Male,3.420447449952282,3.782849252978869,4.0113816909138365,4.31274157592338,7.709766972446175,63
DENV4 NS1,Peru,<5,Female,3.4053057391130617,3.7866351184791274,4.026583253522597,4.431698383880905,9.256322901026126,23
DENV4 NS1,Peru,<5,Male,3.3993940407544487,3.688168525128894,3.925003460704677,4.227684000520414,8.845140711865342,33
DENV4 NS1,Peru,>59,Female,3.993572632241337,5.715223906926591,7.546399033199425,8.506189675754495,9.534693104814815,50
DENV4 NS1,Peru,>59,Male,3.9509251998768247,5.179761351835008,7.448150169911248,8.38152349685232,9.490876758632815,58
DENV4 NS1,Senegal,10-17,Female,4.88435541587538,5.503542361539882,5.761520125445527,5.922387600134249,6.701372997852326,154
DENV4 NS1,Senegal,10-17,Male,5.021842224076357,5.540487305805119,5.768282093784184,5.945980928395701,7.193824813216182,126
DENV4 NS1,Senegal,18-39,Female,3.5939656028022453,5.751801674999923,5.979134108350657,6.384444734421915,8.837996000714671,234
DENV4 NS1,Senegal,18-39,Male,5.149466149570187,5.815039715634316,5.98499704708979,6.3634126842010765,8.800683304501959,125
DENV4 NS1,Senegal,40-59,Female,5.208844998953697,6.028189680993157,6.355535605163633,6.853887441721495,8.760667326803611,124
DENV4 NS1,Senegal,40-59,Male,5.066670510173155,6.11602923240598,6.609420832058387,7.199102589884715,9.091785488068622,90
DENV4 NS1,Senegal,5-9,Female,3.4713632807099133,5.406628538285043,5.760601273164076,5.887249631829704,7.231374158592943,104
DENV4 NS1,Senegal,5-9,Male,3.619283410786535,5.477589293419067,5.735225292404186,5.874858210845226,6.88243562161075,109
DENV4 NS1,Senegal,<5,Female,3.3643911611577453,3.551897751273369,3.6325314757706257,3.809439479853269,5.726461707437971,44
DENV4 NS1,Senegal,<5,Male,3.4094087365440795,3.541321869316823,3.638983178188579,3.7596111659771942,4.441263463189449,34
DENV4 NS1,Senegal,>59,Female,5.342477199788436,6.154116916349987,6.518814989810278,7.031522422003731,8.458830690336356,42
DENV4 NS1,Senegal,>59,Male,5.201098545312093,6.385653263780928,6.744969780811143,7.117732088503022,8.362215938276988,33
DENV4 VLP,French Guiana,18-39,Female,4.564006155255456,8.82843943276221,9.136162999692509,9.369975021359114,9.760114961970531,128
DENV4 VLP,French Guiana,18-39,Male,4.09359074477584,8.597017039525355,9.109250262422906,9.31148266801738,9.686712728029049,323
DENV4 VLP,French Guiana,40-59,Female,5.4743492423005256,8.796666477642795,9.123018895246672,9.318822139603245,9.562899782048206,94
DENV4 VLP,French Guiana,40-59,Male,4.749396289742746,8.691322405434693,9.092308195992333,9.274575988843901,9.579380153872002,227
DENV4 VLP,French Guiana,>59,Female,7.614321202904483,8.00879355071475,8.403265898525014,8.79773824633528,9.192210594145546,2
DENV4 VLP,French Guiana,>59,Male,6.062171953917481,9.017294664764734,9.20561258069734,9.348156594492892,9.475199615114583,13
DENV4 VLP,New Caledonia,18-39,Female,4.648020719490253,6.697449762325728,8.687860947815128,9.329773418626072,9.672271846146442,156
DENV4 VLP,New Caledonia,18-39,Male,4.614305342217648,8.21544041606952,9.003545954236511,9.331745161866596,9.686138714703526,100
DENV4 VLP,New Caledonia,40-59,Female,4.523801753946743,8.267332169589725,9.148553868322974,9.41449778011879,9.619337457230984,173
DENV4 VLP,New Caledonia,40-59,Male,4.346409551359808,7.69818745174559,8.979912006991745,9.377501531432738,9.714815959780298,131
DENV4 VLP,New Caledonia,>59,Female,5.909860906136737,8.840433266863501,9.26863829868156,9.423406047959894,9.714667771383178,25
DENV4 VLP,New Caledonia,>59,Male,4.98577442455024,8.661972087961582,9.099246176858234,9.454715501248534,9.697895296526797,15
DENV4 VLP,Peru,10-17,Female,3.775918503451329,5.293622097894858,7.677765379648509,8.436735084235423,9.495834259101652,80
DENV4 VLP,Peru,10-17,Male,3.751082189703298,4.866514245347959,7.55806480787279,8.885872851324532,9.673282851153733,73
DENV4 VLP,Peru,18-39,Female,4.218569023326334,8.011741555713714,8.939237652702586,9.29298823434864,9.669787566225091,219
DENV4 VLP,Peru,18-39,Male,4.739623791746591,8.188362184685074,8.999245462212578,9.363665081984754,9.754988247938895,76
DENV4 VLP,Peru,40-59,Female,5.562824100554733,8.505248668036124,9.107720974216903,9.35588636051452,9.734851159572152,84
DENV4 VLP,Peru,40-59,Male,4.596078054167909,8.676533377682038,9.128256880005395,9.339505715032802,9.64880248646445,58
DENV4 VLP,Peru,5-9,Female,3.828724715620327,4.377319971905271,5.195800376928519,7.592564173077365,9.536992096458611,63
DENV4 VLP,Peru,5-9,Male,4.028292962287783,4.667459986462902,5.149628544313315,7.293598623631478,9.38751037981688,63
DENV4 VLP,Peru,<5,Female,4.260513144363708,5.106762253452004,6.265522787088297,8.065751780120095,9.54510500307435,23
DENV4 VLP,Peru,<5,Male,4.182181301093801,4.995876988549489,5.62302776256019,6.990070192180759,9.491329508290342,33
DENV4 VLP,Peru,>59,Female,5.973310864610225,8.836727453745361,9.236793678418653,9.454423663439993,9.755464586541766,50
DENV4 VLP,Peru,>59,Male,6.12168602768459,9.19705715256976,9.338320188811466,9.412463023478193,9.713534450749796,58
DENV4 VLP,Senegal,10-17,Female,4.936061877851164,5.709607330944218,6.0706122007712215,7.398867400687699,9.2215411609702,154
DENV4 VLP,Senegal,10-17,Male,4.849801533566756,5.6530012423132,6.132513704856624,7.58235410038187,9.08835984784012,126
DENV4 VLP,Senegal,18-39,Female,5.123946249868097,6.821124697176298,7.9433495238962575,8.619113813462954,9.387435666730465,234
DENV4 VLP,Senegal,18-39,Male,5.237816609854047,7.504131608567258,8.09432303350721,8.69256101193821,9.298440778931344,125
DENV4 VLP,Senegal,40-59,Female,5.295901950593838,8.136312437003888,8.597956575880694,8.883540744759115,9.407486435648,124
DENV4 VLP,Senegal,40-59,Male,5.473618741001045,8.431062645113201,8.839955164864495,9.102552606653425,9.420551065342206,90
DENV4 VLP,Senegal,5-9,Female,3.7957405031167943,5.363199952905588,5.701141288937341,5.976908418662336,8.992629474358225,104
DENV4 VLP,Senegal,5-9,Male,4.673399457908427,5.614494889619607,5.9430901834005425,7.130608717120533,9.25692962126005,109
DENV4 VLP,Senegal,<5,Female,3.38349570802325,4.287152132708153,5.050634059503212,5.701197409698187,7.473553696885119,44
DENV4 VLP,Senegal,<5,Male,3.362876420820515,3.928176905627638,4.732104065203391,5.576751536167629,7.694555513277244,34
DENV4 VLP,Senegal,>59,Female,4.902445267052179,8.14551378612973,8.731109814149598,8.910029311599432,9.346358834491182,42
DENV4 VLP,Senegal,>59,Male,5.935998383717109,8.465660371269704,8.722340149520074,8.88644113260552,9.33872334880464,33
JEV E,French Guiana,18-39,Female,4.415934107067077,7.196942706001678,7.858948342539408,8.21528941724043,8.927804036799987,128
JEV E,French Guiana,18-39,Male,3.842866764078024,7.291435867793056,7.823156658617709,8.230254256284788,8.837583783394042,323
JEV E,French Guiana,40-59,Female,4.339707302434058,7.410709644619228,7.930084097440545,8.284405538741584,8.951032662920865,94
JEV E,French Guiana,40-59,Male,4.270842573736993,7.367284008254623,7.9131718865420835,8.279471810583097,8.91586321787179,227
JEV E,French Guiana,>59,Female,6.082657409778396,6.447937266242623,6.81321712270685,7.178496979171077,7.543776835635303,2
JEV E,French Guiana,>59,Male,5.27488105965909,7.729570879504416,7.964021501733317,8.182077304010896,8.624178957069013,13
JEV E,New Caledonia,18-39,Female,4.462856928368308,5.893722549691608,6.4738648675449335,7.949459300492753,8.613103733339743,156
JEV E,New Caledonia,18-39,Male,4.539500265827314,6.067755060221973,7.224047079305408,7.960501763247777,8.56651667784963,100
JEV E,New Caledonia,40-59,Female,4.634314319207783,6.176232466868402,7.71195879864276,8.09592290694571,8.876892233573153,173
JEV E,New Caledonia,40-59,Male,4.30694413354765,6.0705687374034065,7.5795642487499,8.095463784398508,8.567631397599516,131
JEV E,New Caledonia,>59,Female,5.666016791668774,6.386542949679202,7.88692143271761,8.235154191354903,9.256009422707898,25
JEV E,New Caledonia,>59,Male,5.640999299032225,6.382486969693519,7.721631659333371,8.21317573142918,8.605318589452997,15
JEV E,Peru,10-17,Female,3.852882333911503,4.906359232769836,5.618813195661988,6.866941923383634,8.632217976239561,80
JEV E,Peru,10-17,Male,3.619116961124669,4.6411685344010145,5.532591744484018,7.558863604043108,9.165890869936293,73
JEV E,Peru,18-39,Female,4.095832711830585,6.086947653796343,7.679052967563701,8.080180296732712,9.250690835896751,219
JEV E,Peru,18-39,Male,3.958224558138944,6.129567509333883,7.7512652060633345,8.227195313462172,8.837721948173193,76
JEV E,Peru,40-59,Female,4.870250891226642,6.513256835639453,7.908817049374507,8.249449185483424,9.035641658450132,84
JEV E,Peru,40-59,Male,4.703892863477863,7.487757388113927,7.938272991120662,8.295806094856774,8.966267166526313,58
JEV E,Peru,5-9,Female,3.65853777976507,4.510736648343627,5.175364791150758,5.948805924772968,8.669469246870687,63
JEV E,Peru,5-9,Male,3.509917669159677,4.3003919015038425,4.755867430186669,5.668008310958276,8.535411358715182,63
JEV E,Peru,<5,Female,3.8618949153854945,4.469520873042654,5.056836846807054,5.947582978156874,8.624165276782284,23
JEV E,Peru,<5,Male,4.078884707096693,4.5912881513932815,4.952725063611549,5.673476111413799,8.51256151300347,33
JEV E,Peru,>59,Female,5.257446188771225,7.820360641655048,8.080399461812009,8.44985549310002,9.186382640706874,50
JEV E,Peru,>59,Male,5.290593162167761,7.921543677186426,8.26104728031152,8.517358212931846,9.167713383757697,58
JEV E,Senegal,10-17,Female,5.244454421297847,5.910253587235772,6.190643945442131,6.5388459150095,8.705977365459054,154
JEV E,Senegal,10-17,Male,5.244884920473164,5.910599638048023,6.232709582167962,6.9390211966802635,8.222558026049416,126
JEV E,Senegal,18-39,Female,5.11648301380326,6.534073753329104,7.266857893900589,7.804772873129396,8.656956879694743,234
JEV E,Senegal,18-39,Male,5.657309431528976,6.6451150091285305,7.296013456564024,7.721061122933813,8.696450577297801,125
JEV E,Senegal,40-59,Female,5.803666196294079,7.355872369603918,7.6643282814850675,8.078476880669538,9.044548666310806,124
JEV E,Senegal,40-59,Male,5.685196759911497,7.586711309738887,7.910232241616578,8.215948138223162,9.128579082312918,90
JEV E,Senegal,5-9,Female,3.629647423461491,5.700376764476823,6.02169749825179,6.2018970949592305,7.975109415355444,104
JEV E,Senegal,5-9,Male,3.8830963242710297,5.802123578846391,6.100650883903482,6.442746155583749,8.734088385942513,109
JEV E,Senegal,<5,Female,3.4279077808104352,3.9272676596125153,4.363620153353033,4.8517156637414,6.179693375420453,44
JEV E,Senegal,<5,Male,3.4396038205736263,3.7561460856396987,4.28368026542739,4.73008664190356,6.3189329199778035,34
JEV E,Senegal,>59,Female,5.540643590661704,7.386161058476747,7.722278367833578,8.036703071163322,8.3755387879251,42
JEV E,Senegal,>59,Male,5.971956124069571,7.726008096432349,7.903637952128956,8.134360947924662,8.521940310072742,33
JEV NS1,French Guiana,18-39,Female,3.5120151702726115,4.663313770126331,5.564193505542891,6.770170674213669,8.994364898531428,128
JEV NS1,French Guiana,18-39,Male,3.691028559332637,4.8328541786091925,5.7388048221655295,6.81772492518329,9.220719715060216,323
JEV NS1,French Guiana,40-59,Female,4.0176629201514285,5.0562646662883655,6.225213505350319,7.36605555966107,9.194985025860596,94
JEV NS1,French Guiana,40-59,Male,3.678213216117052,5.162981663630619,6.136200912049413,7.158665807130291,9.25216144783538,227
JEV NS1,French Guiana,>59,Female,4.559868451328452,5.632494803175355,6.705121155022258,7.7777475068691615,8.850373858716065,2
JEV NS1,French Guiana,>59,Male,4.3454894157643995,4.957964329330068,5.745478085678453,6.2906367168318456,8.810229563812992,13
JEV NS1,New Caledonia,18-39,Female,4.45153139040516,4.941830473853455,5.250534901054557,5.805187741856118,8.767240376566601,156
JEV NS1,New Caledonia,18-39,Male,4.132821689455327,4.913799052383751,5.2992768418263365,6.032845770639979,8.765121897354774,100
JEV NS1,New Caledonia,40-59,Female,4.360681350089733,5.08967319241174,5.52747368116284,6.14933441960136,8.746959929823783,173
JEV NS1,New Caledonia,40-59,Male,4.248369972038481,5.041314258028493,5.486683543165666,5.9241401461019,8.729787159689854,131
JEV NS1,New Caledonia,>59,Female,4.8090086926186055,5.101239885202229,5.717964131979538,5.997978812105799,8.449657060909706,25
JEV NS1,New Caledonia,>59,Male,4.490554961500071,5.122567260563693,5.5782021896043785,6.762007788553734,8.648132345268156,15
JEV NS1,Peru,10-17,Female,3.484110612655824,4.1371935323931766,4.47616752212762,4.953365404432117,6.770767617759885,80
JEV NS1,Peru,10-17,Male,3.4559397356891273,4.171434035614786,4.641437664860522,5.285895652981589,9.022898253046574,73
JEV NS1,Peru,18-39,Female,3.511509586843938,4.6484668705841194,5.452288479785882,6.3862046170500415,9.33078846310224,219
JEV NS1,Peru,18-39,Male,3.804374681987112,4.709318192496384,5.430815207970563,6.8392557059617864,9.393862547873283,76
JEV NS1,Peru,40-59,Female,3.638261292483082,5.13480411923579,5.773389641840771,7.009278660671701,9.632081128175011,84
JEV NS1,Peru,40-59,Male,3.9560548754626264,4.8566064583283275,5.887578172551972,7.540731396131193,8.890369968743137,58
JEV NS1,Peru,5-9,Female,3.5641533203293605,4.031089055317657,4.287870095302996,4.675354108924922,7.458747233967709,63
JEV NS1,Peru,5-9,Male,3.397099235666194,4.059815458813877,4.423825731539024,4.655297093472035,6.965955589711933,63
JEV NS1,Peru,<5,Female,3.484110612655824,4.013817168494822,4.29515622655463,4.976242955003185,8.164007146458768,23
JEV NS1,Peru,<5,Male,3.7507392759097726,4.037231653369749,4.362654053804377,4.728314922307186,7.711511639591194,33
JEV NS1,Peru,>59,Female,3.889195818678865,5.6666412090253555,6.082073382435361,8.00074537629513,9.554640503811836,50
JEV NS1,Peru,>59,Male,4.226947976528097,5.516817540155367,6.856659983480936,8.441995590545188,9.45929988446045,58
JEV NS1,Senegal,10-17,Female,4.802746934195737,5.599121444685146,5.923085914460724,6.083556067133965,7.657066266877702,154
JEV NS1,Senegal,10-17,Male,5.050486382148426,5.650683312039075,5.8396332325767215,6.085562776276217,7.863289980454065,126
JEV NS1,Senegal,18-39,Female,3.459164518263619,5.829340055250287,6.086862177187609,6.387063861336775,8.835074605692682,234
JEV NS1,Senegal,18-39,Male,5.358455119481068,5.90768165352066,6.11986126585215,6.424793539290687,8.956256811222898,125
JEV NS1,Senegal,40-59,Female,5.1659356944585895,5.932926492787319,6.165653268514995,6.531271076302281,9.182801449988276,124
JEV NS1,Senegal,40-59,Male,5.071248373596855,5.993177858589584,6.375046248468646,7.037301118899382,9.424688080385138,90
JEV NS1,Senegal,5-9,Female,3.3638543384592943,5.479869873763663,5.817643072711934,6.061923677402433,6.706758239187362,104
JEV NS1,Senegal,5-9,Male,3.3638543384592943,5.588063396979801,5.816479807678,6.035550076549099,8.897211917008836,109
JEV NS1,Senegal,<5,Female,3.272287144933804,3.481637374115678,3.585612973764881,3.864629626371784,6.610620615714506,44
JEV NS1,Senegal,<5,Male,3.3762768584578513,3.4280536530545356,3.5470623773693273,3.688864294739016,3.857025026986565,34
JEV NS1,Senegal,>59,Female,5.370703741557267,6.011460921930132,6.231782258358603,6.610553767339408,7.759089854776202,42
JEV NS1,Senegal,>59,Male,5.439499885364587,6.082865929848067,6.693603878566476,7.220802031187263,8.380363997368917,33
MAYV E2,French Guiana,18-39,Female,3.7146304770625727,4.79467400926152,5.249773077290884,5.6721896562475305,9.238048576890536,128
MAYV E2,French Guiana,18-39,Male,3.813819940332667,5.022796278758271,5.445646960696967,6.474994020212106,9.85799079042431,323
MAYV E2,French Guiana,40-59,Female,3.870978354172616,5.128750635423376,5.564551517539191,7.424274833983245,9.516549199276415,94
MAYV E2,French Guiana,40-59,Male,3.779011063556652,5.31396373079585,6.505134289366497,8.064117087478134,9.515805458842229,227
MAYV E2,French Guiana,>59,Female,4.823556130954485,5.476931596116179,6.130307061277872,6.783682526439566,7.437057991601259,2
MAYV E2,French Guiana,>59,Male,4.757519027406223,5.726076623877324,7.437969294447698,7.826713469008437,9.051254850385169,13
MAYV E2,New Caledonia,18-39,Female,4.490801778610144,4.930393317018284,5.158148371655887,5.475294023403244,7.363564743004002,156
MAYV E2,New Caledonia,18-39,Male,4.27070177924112,4.958218484124715,5.1754161875427975,5.675404492717373,7.71835780605473,100
MAYV E2,New Caledonia,40-59,Female,4.311179267392351,4.962228503093063,5.287836026333169,5.656996140361011,7.6521946983960065,173
MAYV E2,New Caledonia,40-59,Male,4.251596217434872,4.946395229095874,5.355148678636245,5.723558088147394,6.591711441037639,131
MAYV E2,New Caledonia,>59,Female,4.573894230566032,5.102979613936026,5.502411338538656,5.89815320076647,8.621832928491687,25
MAYV E2,New Caledonia,>59,Male,4.841807518454523,5.179117364360427,5.380638588849683,5.865106664623726,6.36020372382571,15
MAYV E2,Peru,10-17,Female,3.5191394815331316,4.2554461024625105,4.492845306297374,5.022402606567562,8.148901357765789,80
MAYV E2,Peru,10-17,Male,3.6070876828416623,4.1461834916014,4.546635276880084,5.099110902799513,8.439995265011227,73
MAYV E2,Peru,18-39,Female,3.6890385183285295,4.5956315091316355,4.9384990051819475,5.6354085710760495,9.13570006147871,219
MAYV E2,Peru,18-39,Male,3.8608887752551886,4.600832102797405,5.231383494939668,6.145714555159358,9.107593615445856,76
MAYV E2,Peru,40-59,Female,3.729860512848784,4.866896350401463,5.616895327688391,7.3595989567432065,8.761001873107649,84
MAYV E2,Peru,40-59,Male,4.0699030469394355,4.865541585339656,5.742453849812321,6.402693705092371,8.815509481593438,58
MAYV E2,Peru,5-9,Female,3.552009773004544,4.0573801282448505,4.4329580242618984,4.815984638289933,9.529235932549057,63
MAYV E2,Peru,5-9,Male,3.3441980320368,4.1146803117289,4.36723825248784,4.695442240764946,9.331119366700552,63
MAYV E2,Peru,<5,Female,3.5435309346572907,4.173835417076599,4.343407035266816,4.737177367533699,7.935420644500825,23
MAYV E2,Peru,<5,Male,3.6853902228948545,4.029521085658386,4.259871103742071,4.801672655402367,7.893133500641059,33
MAYV E2,Peru,>59,Female,4.090855331003019,5.544119610808614,6.938122338175399,7.498518905959775,9.363631376179583,50
MAYV E2,Peru,>59,Male,4.554035955815134,5.71526437892651,6.363647129026827,7.241905905771049,9.161800183894607,58
MAYV E2,Senegal,10-17,Female,4.94457819748564,5.668638627808132,5.967250926370379,6.420794919515453,8.686018887942641,154
MAYV E2,Senegal,10-17,Male,5.13446037712984,5.689499996254693,5.944808859882395,6.310186097818638,8.093738269228009,126
MAYV E2,Senegal,18-39,Female,3.697970289792507,5.965735385505613,6.654083914502052,7.52850100444037,8.612773282694054,234
MAYV E2,Senegal,18-39,Male,5.214771073549453,5.969094217315088,6.307017737257194,7.291532705943662,8.541246367705485,125
MAYV E2,Senegal,40-59,Female,5.554911356465809,6.2051671027432675,6.889608087031664,7.464383168321924,8.801133727937906,124
MAYV E2,Senegal,40-59,Male,5.255721677162548,6.06974144900486,6.630926093403406,7.360137965257483,8.295081663934434,90
MAYV E2,Senegal,5-9,Female,3.7159887952951856,5.541783663914311,5.841626869980479,6.051728900358942,7.261952111037528,104
MAYV E2,Senegal,5-9,Male,3.651450274157614,5.599196677111733,5.829345550465919,6.0247718955855865,8.346625579189118,109
MAYV E2,Senegal,<5,Female,3.519278501049131,3.724758851744067,3.801376578193632,4.070031247804616,5.6895736665067185,44
MAYV E2,Senegal,<5,Male,3.474826738478297,3.6913003197920196,3.8069103028079097,3.960260504334417,4.3911174703524525,34
MAYV E2,Senegal,>59,Female,5.374848238474317,6.398312085505955,6.754245034314865,7.167353839693164,8.444703825326533,42
MAYV E2,Senegal,>59,Male,4.89661200282152,6.1924287789752945,6.595773701436552,6.972379143566285,8.04846700162116,33
MAYV NSP1,French Guiana,18-39,Female,3.757329856452032,5.104563279959903,5.522700111341976,5.939292408205443,8.530425938056013,128
MAYV NSP1,French Guiana,18-39,Male,4.047249204173918,5.248076791864175,5.739488601106989,6.62444950065008,9.257407268651516,323
MAYV NSP1,French Guiana,40-59,Female,4.214923258019513,5.466945648235129,5.893216909107434,7.11408618195141,9.68619603432359,94
MAYV NSP1,French Guiana,40-59,Male,4.115651931058318,5.4851850147171906,5.992174988381695,7.211718110455869,9.347898847822613,227
MAYV NSP1,French Guiana,>59,Female,5.172063865236051,5.583664841285503,5.995265817334955,6.406866793384406,6.818467769433858,2
MAYV NSP1,French Guiana,>59,Male,5.105966301626206,5.395117882057347,5.706148184019314,6.354871830663939,7.886637499976633,13
MAYV NSP1,New Caledonia,18-39,Female,4.548407199228386,5.017136103528276,5.246455095921926,5.59741441415712,7.690971977962387,156
MAYV NSP1,New Caledonia,18-39,Male,4.104517604396484,4.987404807967714,5.283915188395719,5.643957500959119,7.886632396334402,100
MAYV NSP1,New Caledonia,40-59,Female,4.502019508588674,5.096895577018376,5.306201567801869,5.642229114405454,8.218510873893312,173
MAYV NSP1,New Caledonia,40-59,Male,4.504785762081564,5.005049069971862,5.355193156318292,5.662185280906707,9.22346473506847,131
MAYV NSP1,New Caledonia,>59,Female,4.70168473798404,5.113804367837356,5.464697931102541,5.734394003500334,8.624952347022717,25
MAYV NSP1,New Caledonia,>59,Male,4.782752282747248,5.060510854240231,5.324220073304547,5.90502158966783,8.650743920869953,15
MAYV NSP1,Peru,10-17,Female,3.7374363509702846,4.436272086963757,4.664007420605614,5.105194089926974,6.413913937737662,80
MAYV NSP1,Peru,10-17,Male,3.953144923796976,4.443809060095291,4.703815159251614,5.120144566076571,7.435786051846611,73
MAYV NSP1,Peru,18-39,Female,3.8939993644767017,4.765454367700752,5.014012147640163,5.386396860301893,8.303070967325821,219
MAYV NSP1,Peru,18-39,Male,3.8755866894511017,4.767269990260061,5.061665823709329,5.537650310179722,7.56023407817456,76
MAYV NSP1,Peru,40-59,Female,4.285707657728273,4.889629534480476,5.317888119877252,5.7540162603488945,9.01175404428536,84
MAYV NSP1,Peru,40-59,Male,4.160234962416991,4.9718764691267365,5.319596868609093,5.712166709846288,8.162251911198092,58
MAYV NSP1,Peru,5-9,Female,4.05192659982263,4.527824655714585,4.765838333780023,5.10694999913207,7.3649282187092755,63
MAYV NSP1,Peru,5-9,Male,3.967960009582117,4.372789769818871,4.67836849359045,5.187565262663084,8.518359140721744,63
MAYV NSP1,Peru,<5,Female,3.640272602516637,4.348857404266063,4.859861467812904,5.246171743273477,5.606525249234094,23
MAYV NSP1,Peru,<5,Male,3.824869149187283,4.479172417333545,4.646226501996711,4.89011586090867,8.900151150453462,33
MAYV NSP1,Peru,>59,Female,4.02017790150805,5.215621450835316,5.513368210777511,5.72090161331082,8.114893556073767,50
MAYV NSP1,Peru,>59,Male,4.50732332486443,5.049477696872042,5.367089226429458,5.979616581798816,7.683593402768063,58
MAYV NSP1,Senegal,10-17,Female,4.922526717340826,5.7657668892792335,5.965397922895141,6.1540000997573,8.636614778682487,154
MAYV NSP1,Senegal,10-17,Male,5.096755291704613,5.764809303710015,5.975225660000783,6.215253398017752,7.765212948192851,126
MAYV NSP1,Senegal,18-39,Female,4.740455070109844,5.818098991043109,6.04904547235858,6.3354378189555085,8.451193593594468,234
MAYV NSP1,Senegal,18-39,Male,5.122856041260955,5.876121111810951,6.150026612287623,6.49996483853865,9.211794216265718,125
MAYV NSP1,Senegal,40-59,Female,5.178510414805416,5.862579580551499,6.076728362367732,6.269934917052438,9.2329257828299,124
MAYV NSP1,Senegal,40-59,Male,5.197649755016114,5.9391407996671335,6.108773652163162,6.494767251267644,7.794511817352464,90
MAYV NSP1,Senegal,5-9,Female,3.755502099914256,5.623732471628282,5.8463772082495025,6.138111404489379,9.158708140595246,104
MAYV NSP1,Senegal,5-9,Male,3.687099373029856,5.616548998291063,5.884391168082026,6.106052760064365,7.725713209242234,109
MAYV NSP1,Senegal,<5,Female,3.45952122464778,3.840909743006588,4.083924431280076,4.436850709007522,5.7905857889636945,44
MAYV NSP1,Senegal,<5,Male,3.3068392158598687,3.6341722548988518,3.9736691197731044,4.310970201006018,6.078537803379593,34
MAYV NSP1,Senegal,>59,Female,5.339165145344868,5.966215654722687,6.231078041349194,6.815335818878922,7.866830520078716,42
MAYV NSP1,Senegal,>59,Male,4.839279803988619,5.904166457948693,6.044140860661889,6.344245064892127,9.339335528593136,33
ONNV VLP,French Guiana,18-39,Female,3.6771819227998304,4.3326890092358985,4.688403495397477,5.1377869443077175,6.787657187730872,128
ONNV VLP,French Guiana,18-39,Male,3.5892449154062103,4.567092232098505,4.879959916034031,5.325799508620888,7.123178991019714,323
ONNV VLP,French Guiana,40-59,Female,3.831332602627088,4.650425357499073,4.93353721415852,5.306698641193003,7.018904310431827,94
ONNV VLP,French Guiana,40-59,Male,3.8552074356865926,4.74778205006603,5.17195692691379,5.636433830670285,6.941622419986234,227
ONNV VLP,French Guiana,>59,Female,4.280954549290378,4.5163391059775275,4.751723662664676,4.987108219351825,5.222492776038974,2
ONNV VLP,French Guiana,>59,Male,4.550913040255189,4.946972005716116,5.060917782757455,5.619921463627692,6.262350585919906,13
ONNV VLP,New Caledonia,18-39,Female,4.025592839491552,4.44277494883012,4.736269890546122,5.0494736232424575,6.314145775830911,156
ONNV VLP,New Caledonia,18-39,Male,3.5011630946895873,4.48481977660812,4.783864214920849,5.286303542712326,6.423267756315009,100
ONNV VLP,New Caledonia,40-59,Female,3.845541431232136,4.5896230118936785,4.856685797142724,5.203152564488933,6.523302440503409,173
ONNV VLP,New Caledonia,40-59,Male,3.688718802758583,4.565175065038332,4.939934801830175,5.348875233671205,6.183739686789775,131
ONNV VLP,New Caledonia,>59,Female,4.179042803118744,4.607369513883167,5.160833132610021,5.4273913871474075,7.427229596785066,25
ONNV VLP,New Caledonia,>59,Male,4.174440077229758,4.666052841494128,4.957667439066969,5.399771024777532,5.742661416118017,15
ONNV VLP,Peru,10-17,Female,3.5817786155990676,4.0642009717327845,4.265371926606358,4.5394528421930564,5.715475421636172,80
ONNV VLP,Peru,10-17,Male,3.4292427894541757,3.9139931960691734,4.259177439190874,4.847686171793743,5.339608001090078,73
ONNV VLP,Peru,18-39,Female,3.576406764457027,4.3368510608834105,4.689423251197196,5.018440158606653,6.072113883169542,219
ONNV VLP,Peru,18-39,Male,3.7871275454290463,4.362499399501974,4.827103286489274,5.271834374614796,6.863099628549354,76
ONNV VLP,Peru,40-59,Female,3.742523502526188,4.530865581176181,4.8775229953176105,5.260791413856303,6.000417979090981,84
ONNV VLP,Peru,40-59,Male,3.573824018265283,4.591245813178375,5.156428413594504,5.503653090183029,6.360209613463078,58
ONNV VLP,Peru,5-9,Female,3.5609350198760183,3.970424837460449,4.174618029081716,4.47578398456241,6.428260241450801,63
ONNV VLP,Peru,5-9,Male,3.629498601225463,3.902240073035788,4.188069616465176,4.5265016369466125,6.194049999568469,63
ONNV VLP,Peru,<5,Female,3.576406764457027,3.821680379111991,4.166328219430786,4.475974057087709,5.631939335379264,23
ONNV VLP,Peru,<5,Male,3.567896074789118,3.886218448073277,4.221061497521151,4.550655522750791,5.7808873758162145,33
ONNV VLP,Peru,>59,Female,3.6642781144109584,4.909594481985827,5.145771665904382,5.532941927238175,6.3609227163039135,50
ONNV VLP,Peru,>59,Male,4.2733671969770715,4.884429641431634,5.233079972742828,5.549702114053808,6.146727973060605,58
ONNV VLP,Senegal,10-17,Female,4.5025592062566915,5.039970445452889,5.303763488791135,5.925726669037662,6.876862956141042,154
ONNV VLP,Senegal,10-17,Male,4.496209978578032,5.032758826379628,5.256691279088469,5.6511430610348254,6.70709344478407,126
ONNV VLP,Senegal,18-39,Female,3.9287134781915976,5.296085256002492,6.12843803798275,6.508580731135499,6.924562985201621,234
ONNV VLP,Senegal,18-39,Male,4.63397634663503,5.31363364818085,5.594194706186496,6.475180529397681,7.053095136333462,125
ONNV VLP,Senegal,40-59,Female,4.907424935530992,5.768716718584827,6.28941862393059,6.5240488748117915,6.975594176740319,124
ONNV VLP,Senegal,40-59,Male,4.762974152368133,5.483997397589736,6.259611181438507,6.489152947712304,6.974051712317954,90
ONNV VLP,Senegal,5-9,Female,3.6903024547466,4.887584383788727,5.168200608150309,5.315775765835561,6.415024025902664,104
ONNV VLP,Senegal,5-9,Male,3.610259747073063,4.966690166794682,5.142645555160534,5.320470875173854,6.61331204973061,109
ONNV VLP,Senegal,<5,Female,3.4526308028694803,3.590639691812309,3.8908045049402977,4.091828086335482,4.980805751224815,44
ONNV VLP,Senegal,<5,Male,3.493001222248393,3.6064249965583834,3.86049219403208,3.9483765054580906,5.570941213448689,34
ONNV VLP,Senegal,>59,Female,4.752609334974869,5.948190625440014,6.282360860418266,6.510793830828485,7.042730057255986,42
ONNV VLP,Senegal,>59,Male,4.479980920704052,6.055517281462471,6.196437518146554,6.582383177240232,6.846443001821714,33
USUV NS1,French Guiana,18-39,Female,4.019037193090409,5.147409396506567,5.762780131561119,6.686202061570576,8.84106736052744,128
USUV NS1,French Guiana,18-39,Male,4.001857421228577,5.09581328152583,5.961275962739379,6.896851343911102,8.589910153718176,323
USUV NS1,French Guiana,40-59,Female,4.17279500008226,5.50295803418344,6.334711906238395,7.239088497314468,8.966201260478355,94
USUV NS1,French Guiana,40-59,Male,3.867591203906373,5.412575953200687,6.362052595514512,7.50514474811477,8.979728537187603,227
USUV NS1,French Guiana,>59,Female,4.782110456132146,5.7549435855059805,6.727776714879814,7.700609844253649,8.673442973627484,2
USUV NS1,French Guiana,>59,Male,4.766217160260712,5.006671442127328,5.8429095134355835,6.8688235442258145,8.610371750385692,13
USUV NS1,New Caledonia,18-39,Female,4.489251129051832,5.099750567077261,5.484738839301046,5.941539096746757,8.744703883482405,156
USUV NS1,New Caledonia,18-39,Male,3.972820627442909,5.0169185958244755,5.554886959540539,6.3165040242671395,8.257678670895638,100
USUV NS1,New Caledonia,40-59,Female,4.337389028121463,5.218647151941621,5.709204868252475,6.504980162081456,8.757778459405781,173
USUV NS1,New Caledonia,40-59,Male,4.034016550336735,5.2540232728608345,5.64174399316319,6.259330383219886,8.15904033484663,131
USUV NS1,New Caledonia,>59,Female,4.812021277597494,5.4508744351747165,5.901847989056871,6.103477558217729,8.29136718977555,25
USUV NS1,New Caledonia,>59,Male,4.49339919218827,5.488091075925848,5.896989849245757,6.523722145047173,8.444176445273857,15
USUV NS1,Peru,10-17,Female,3.4587543394711666,4.167926314476258,4.536337484907783,5.093263793289202,6.016834278494186,80
USUV NS1,Peru,10-17,Male,3.597341703665231,4.02929919793878,4.624702428356282,5.342816118948484,8.628250611907417,73
USUV NS1,Peru,18-39,Female,3.6605206052867625,4.728416099625482,5.6818019939802715,6.8009405100156,9.203035539270054,219
USUV NS1,Peru,18-39,Male,3.9430875770717737,4.8048138336892965,5.882957757817465,6.721196045255909,9.158399415231363,76
USUV NS1,Peru,40-59,Female,3.776033492408607,5.090904472130337,5.866639135090164,7.300524591013989,9.371347370972504,84
USUV NS1,Peru,40-59,Male,3.8699514560188177,5.083101924040104,6.381567406038998,7.526225743363973,8.925323142356008,58
USUV NS1,Peru,5-9,Female,3.6502641051195734,3.911835033567669,4.273583976993067,4.679442973636052,6.782488972189242,63
USUV NS1,Peru,5-9,Male,3.4062864669025217,4.044101425949716,4.279808723317277,4.578954764657663,7.390827200555674,63
USUV NS1,Peru,<5,Female,3.547947030576642,3.973482040285827,4.220772351864199,5.080959917581277,7.763282599625397,23
USUV NS1,Peru,<5,Male,3.5212787834944805,3.895834692221228,4.171182184560496,4.770173275211928,7.752996336661034,33
USUV NS1,Peru,>59,Female,4.45310301176167,5.832012503135111,6.717461754785515,8.09013436949923,9.067317198155836,50
USUV NS1,Peru,>59,Male,4.463061076799867,6.088686581047268,7.107521856570115,8.023578715801534,8.99817726784509,58
USUV NS1,Senegal,10-17,Female,5.040678602328501,5.719950242249511,5.9254939245571645,6.146138648390554,7.949488732188677,154
USUV NS1,Senegal,10-17,Male,5.277691005511361,5.724882827429067,5.881739098864378,6.139684824703986,7.3813094285731635,126
USUV NS1,Senegal,18-39,Female,3.8049096281767896,5.926226984664272,6.159992967463349,6.434414818751864,8.649861289053469,234
USUV NS1,Senegal,18-39,Male,5.422055469321055,5.943352392954341,6.21594083440408,6.458016793027498,8.87112144746337,125
USUV NS1,Senegal,40-59,Female,5.441994056802638,5.98218967145276,6.244814633289007,6.603564843959781,9.178378372748949,124
USUV NS1,Senegal,40-59,Male,5.273924522715884,6.0189997512019495,6.391594217959753,6.97697491686291,9.06006634624739,90
USUV NS1,Senegal,5-9,Female,3.7421087269377593,5.638959996966269,5.889306272754503,6.145830404936435,6.757046799079886,104
USUV NS1,Senegal,5-9,Male,3.624325691281376,5.670545606027597,5.879766981226787,6.1078128548415735,8.718974456412226,109
USUV NS1,Senegal,<5,Female,3.5597871701438044,3.7784763711086344,3.90147796560694,4.080902939043172,5.8556832749870535,44
USUV NS1,Senegal,<5,Male,3.624325691281376,3.730775731355673,3.869125959542889,3.970312631493451,4.421269665522964,34
USUV NS1,Senegal,>59,Female,5.55149583705583,6.183834563039663,6.383706731313952,6.729536170105744,8.044691475861441,42
USUV NS1,Senegal,>59,Male,5.774127891825252,6.208778572614003,6.557428444347353,7.13508836299916,8.386915073550362,33
WNV EDIII,French Guiana,18-39,Female,3.658993163854408,4.451699784278659,4.85354482019125,5.177641603748183,7.367675639993882,128
WNV EDIII,French Guiana,18-39,Male,3.4944067170413726,4.59091552953418,4.903021030506502,5.269275135656228,7.56130269383007,323
WNV EDIII,French Guiana,40-59,Female,3.74251225286835,4.748358374460167,4.954258550776414,5.343240057078311,7.106902908219015,94
WNV EDIII,French Guiana,40-59,Male,3.46674710025258,4.674661696087635,4.970834086204572,5.289158188134058,7.469687303071017,227
WNV EDIII,French Guiana,>59,Female,4.126668633184204,4.408514207903066,4.690359782621927,4.972205357340789,5.254050932059649,2
WNV EDIII,French Guiana,>59,Male,4.413865557064085,4.536550785144291,4.6691403865610885,4.924890889191634,6.916449641061261,13
WNV EDIII,New Caledonia,18-39,Female,4.288058272717603,4.710972961061312,4.9146816346677795,5.158017214211895,6.365418286098953,156
WNV EDIII,New Caledonia,18-39,Male,3.9711522441320217,4.712712139384795,4.902879651788171,5.339012489479342,6.1933645419763534,100
WNV EDIII,New Caledonia,40-59,Female,4.236426597568796,4.710568571473179,4.971657223622526,5.2836662492984185,6.931966678773738,173
WNV EDIII,New Caledonia,40-59,Male,4.021156066299027,4.703111168510323,5.039611494629444,5.351172992960901,5.933823305348566,131
WNV EDIII,New Caledonia,>59,Female,4.4256459344819215,4.853883438205983,5.218918719904261,5.528656189186261,7.814772259156082,25
WNV EDIII,New Caledonia,>59,Male,4.3993286261645475,4.889346826528326,5.118979189811101,5.305543063287487,6.116732798768368,15
WNV EDIII,Peru,10-17,Female,3.3212750651198713,4.112911597634153,4.369212227163622,4.771282745045153,5.8443065189438705,80
WNV EDIII,Peru,10-17,Male,3.352831037549413,4.019511315187287,4.338117184646338,4.679733600391863,6.101703233171878,73
WNV EDIII,Peru,18-39,Female,3.4301393707029946,4.336946382080502,4.612711473813645,4.967421047592028,6.897729988099315,219
WNV EDIII,Peru,18-39,Male,3.4784579479738023,4.37844187527155,4.61694782745364,5.1911799924258775,6.552978332927436,76
WNV EDIII,Peru,40-59,Female,3.572589493400778,4.448315513605234,4.7001485499763795,5.065767046097649,6.779328471747581,84
WNV EDIII,Peru,40-59,Male,4.125942664702702,4.501977050992097,4.862775508675669,5.261591101480349,6.665794109763588,58
WNV EDIII,Peru,5-9,Female,3.317282597020911,3.8855749335495293,4.169284965043695,4.5655669913409405,6.0043108871632285,63
WNV EDIII,Peru,5-9,Male,3.190654882702807,4.012086866240662,4.191160227953857,4.4897598312453,6.485249665527889,63
WNV EDIII,Peru,<5,Female,3.3997466805613668,3.8241349158279125,4.114741455420059,4.645135121277167,5.316227994108418,23
WNV EDIII,Peru,<5,Male,3.145752194148066,3.883459288611584,4.222394790357643,4.529596303878063,6.33459016696673,33
WNV EDIII,Peru,>59,Female,3.6978207764481055,4.7948223457591155,4.975413417526196,5.238726628686784,6.259248504521669,50
WNV EDIII,Peru,>59,Male,4.190704693926619,4.520205193871167,4.895718400120288,5.2882288287732075,6.33677455515269,58
WNV EDIII,Senegal,10-17,Female,4.601102582595994,5.337312200236927,5.621538047683509,5.796228771363771,6.408969588318109,154
WNV EDIII,Senegal,10-17,Male,4.812385537107438,5.336493653626299,5.523075818956357,5.772528442669129,6.864813899561699,126
WNV EDIII,Senegal,18-39,Female,3.671676239563468,5.468344491770917,5.704398543783324,5.933776782810847,6.9574515205743745,234
WNV EDIII,Senegal,18-39,Male,5.0960296202941855,5.551369181351948,5.75475225412638,6.035184425496272,6.692449575589192,125
WNV EDIII,Senegal,40-59,Female,4.883645288131715,5.552355485821529,5.7439056268424356,5.982080072106101,7.177630561940262,124
WNV EDIII,Senegal,40-59,Male,4.86322415806824,5.597296875821744,5.825429863825306,6.084843489837617,6.744370350006922,90
WNV EDIII,Senegal,5-9,Female,3.5517350426136103,5.151548117469343,5.53676686519223,5.751490139622742,6.795671226561472,104
WNV EDIII,Senegal,5-9,Male,3.775473033245112,5.279547336765116,5.518000987536498,5.709678373603547,6.961811200504185,109
WNV EDIII,Senegal,<5,Female,3.0580772224699846,3.427437325936033,3.7323008613799034,3.991546405065922,5.811742403059738,44
WNV EDIII,Senegal,<5,Male,2.9455992390432946,3.28119376457618,3.5987694687553806,3.9497742194638352,4.904145388719022,34
WNV EDIII,Senegal,>59,Female,5.042443823539442,5.5928713017930916,5.827305924652265,6.0535054034204725,6.647034362392077,42
WNV EDIII,Senegal,>59,Male,4.838115272881195,5.669259241273356,5.827369501718851,6.118131943667518,7.105795093021992,33
WNV NS1,French Guiana,18-39,Female,3.6511597385731536,5.058723038831191,5.83875322453998,6.584541289086037,8.372553888893165,128
WNV NS1,French Guiana,18-39,Male,3.7214391050534887,5.019514756449796,5.730789271192581,6.679006030932809,8.75734727446806,323
WNV NS1,French Guiana,40-59,Female,4.217389340879901,5.317528921957716,6.220316592837171,7.2521963079593625,8.738389718698018,94
WNV NS1,French Guiana,40-59,Male,3.7425407304953007,5.13290141613219,5.832721252588983,7.193243179134458,8.78792393727219,227
WNV NS1,French Guiana,>59,Female,4.658831462369455,5.651637301452904,6.644443140536355,7.637248979619804,8.630054818703254,2
WNV NS1,French Guiana,>59,Male,4.731012430181169,4.976255504019973,5.223203564584279,7.216852354477581,8.520567070285134,13
WNV NS1,New Caledonia,18-39,Female,4.2692516363220205,4.803311647008562,5.187483812482307,5.782476309956328,8.631218076473717,156
WNV NS1,New Caledonia,18-39,Male,3.832647227882787,4.8056075431265315,5.314407949571421,6.0935360956130316,8.61669889369331,100
WNV NS1,New Caledonia,40-59,Female,4.206416641648066,4.936615342192843,5.471517654978457,6.208694189273607,8.584847366522013,173
WNV NS1,New Caledonia,40-59,Male,4.010356149587661,4.983860525905985,5.454993752210756,5.996849119480684,8.49158210115472,131
WNV NS1,New Caledonia,>59,Female,4.642778499981021,5.2206148340299725,5.548073943228526,6.184955756229264,8.211230469652842,25
WNV NS1,New Caledonia,>59,Male,4.240779678167262,5.256586273687356,5.579465776017936,6.705179468596413,7.7425277374598656,15
WNV NS1,Peru,10-17,Female,3.3274375727714376,4.086312057016261,4.3873470015625795,4.863580007955643,6.414534905075441,80
WNV NS1,Peru,10-17,Male,3.4921086655415805,3.940504877277872,4.548161339790894,5.052310467002125,8.460583430932386,73
WNV NS1,Peru,18-39,Female,3.564567366060387,4.575790468456858,5.415620833430027,6.819682206579623,8.819618440380925,219
WNV NS1,Peru,18-39,Male,3.796014900517498,4.681645805603096,5.603423852637542,6.475285930944009,8.999142239940007,76
WNV NS1,Peru,40-59,Female,3.72819678984219,4.904876390262418,5.759650488163048,7.379440587045604,9.326374265333378,84
WNV NS1,Peru,40-59,Male,3.672994052779616,4.878222617512659,5.730281682177576,7.480301843767995,8.661388597209662,58
WNV NS1,Peru,5-9,Female,3.495574494573436,3.8569119794936366,4.1389596516443286,4.558881684456414,7.217922211630286,63
WNV NS1,Peru,5-9,Male,3.3552171368785135,3.9873652061890317,4.186921518139409,4.411435779375541,6.806475031844574,63
WNV NS1,Peru,<5,Female,3.446784330404004,3.93888500083984,4.289052639783169,4.765012247987608,7.489756456516203,23
WNV NS1,Peru,<5,Male,3.563695024930085,3.83333449608414,4.161658104742755,4.558696579162864,7.796203681956327,33
WNV NS1,Peru,>59,Female,4.322624391984751,5.495225291269223,6.803681762135723,8.02418106179267,9.072436266914565,50
WNV NS1,Peru,>59,Male,4.106375018542973,5.511020653844436,6.908279993640652,7.825191659825445,8.949984816902845,58
WNV NS1,Senegal,10-17,Female,4.918870618213228,5.633065836619052,5.855915970930628,6.067531784673682,7.061624115105219,154
WNV NS1,Senegal,10-17,Male,5.084828697403523,5.677496774609455,5.836663670651699,6.098075924066259,8.418987805796803,126
WNV NS1,Senegal,18-39,Female,3.5615375099339968,5.845727216380208,6.1120338784168915,6.345969374967826,8.536146125809704,234
WNV NS1,Senegal,18-39,Male,5.319841824273117,5.891620664113448,6.192193067700736,6.682325774988951,8.730013234850265,125
WNV NS1,Senegal,40-59,Female,5.24004490743282,5.936617596785165,6.214342181966038,6.576611517226455,8.580674629109469,124
WNV NS1,Senegal,40-59,Male,5.149833527712519,5.964661469460618,6.27446385431214,6.679870516221216,9.084020452228556,90
WNV NS1,Senegal,5-9,Female,3.387184122789219,5.505853592317457,5.829993165941562,6.025362660323789,6.836232015802526,104
WNV NS1,Senegal,5-9,Male,3.410714620199413,5.581164375392391,5.83494506855232,5.98926695865836,8.70857000016466,109
WNV NS1,Senegal,<5,Female,3.246826765094297,3.535601397004175,3.6671351149949194,3.832733383042957,5.734013917581023,44
WNV NS1,Senegal,<5,Male,3.313076150635497,3.471570486047368,3.5564113217018214,3.7172667003652595,4.3082254574219725,34
WNV NS1,Senegal,>59,Female,5.441679623593792,6.096517589328318,6.327143842654625,6.898282712756943,7.730666447955526,42
WNV NS1,Senegal,>59,Male,5.389273539966115,6.034601816853894,6.448389835533915,7.165038226553592,8.135901366294867,33
YFV E,French Guiana,18-39,Female,5.477516807346037,7.760005671536137,8.251762752539669,8.475082342709513,8.932526786305374,128
YFV E,French Guiana,18-39,Male,5.296658806691004,7.855968938563425,8.257888067379364,8.462211249861909,8.903430039593932,323
YFV E,French Guiana,40-59,Female,6.0502241894155,7.787437232909802,8.227852888650007,8.44327473353933,9.10639829761725,94
YFV E,French Guiana,40-59,Male,5.905434452708013,7.850556642695652,8.254791557077874,8.477369468109192,8.980087434210882,227
YFV E,French Guiana,>59,Female,7.208128436806591,7.358758600848484,7.509388764890376,7.660018928932269,7.810649092974161,2
YFV E,French Guiana,>59,Male,6.231541196230543,8.204018035210895,8.363549926520994,8.421797519108171,8.627327306353049,13
YFV E,New Caledonia,18-39,Female,4.619816189187331,6.870098799835425,7.772167419810487,8.273342257779618,8.643709831580342,156
YFV E,New Caledonia,18-39,Male,4.7536853625953395,7.48894768537585,7.997709029511575,8.253589927806127,8.649684295995307,100
YFV E,New Caledonia,40-59,Female,5.005262430405004,7.453097589257055,8.142035080238397,8.349823681243748,8.787315926233243,173
YFV E,New Caledonia,40-59,Male,4.664737876578844,7.351942507300933,8.076280414567579,8.366056948399109,8.679620565312394,131
YFV E,New Caledonia,>59,Female,6.368441354295969,7.807013491382595,8.167308628652862,8.449785412339487,8.56526621048399,25
YFV E,New Caledonia,>59,Male,5.566529938892588,7.697712837527041,8.13884433409877,8.326508559986927,8.664430998153296,15
YFV E,Peru,10-17,Female,4.595822169209136,6.2666668833216645,7.172900356577632,7.77810595982415,8.713250563739658,80
YFV E,Peru,10-17,Male,5.107553824404922,6.386750049968446,7.349327841021539,8.101629744215167,8.955526297258551,73
YFV E,Peru,18-39,Female,5.2366671026649305,7.640004690193923,8.134122477404738,8.442667769787384,9.02037560471956,219
YFV E,Peru,18-39,Male,5.097705876016686,7.627764977710413,8.264154702644813,8.529459932075863,9.02570142179335,76
YFV E,Peru,40-59,Female,5.756632652336335,7.804435274996225,8.255771931615335,8.495847487241523,8.954262852565861,84
YFV E,Peru,40-59,Male,4.938269899859106,8.059198749403599,8.277719218310118,8.531177289247863,9.088675166542812,58
YFV E,Peru,5-9,Female,4.901056303518672,5.820433157007756,6.4712738634862745,7.408651806402258,8.590523491314595,63
YFV E,Peru,5-9,Male,4.387255654779026,5.861658008848945,6.4776759529041295,7.35158600807028,8.690588937117864,63
YFV E,Peru,<5,Female,4.861197664787701,5.9529821595943275,7.025903734594787,7.58035661039421,8.924684178190457,23
YFV E,Peru,<5,Male,4.666922959924232,5.698912519621906,6.323345368425851,7.356677950101362,8.731827628812297,33
YFV E,Peru,>59,Female,6.507336917315812,8.015016254214704,8.328537995449821,8.501875825176391,9.107622858582555,50
YFV E,Peru,>59,Male,6.723505351686461,8.376640915840213,8.532671213981988,8.648739924332116,9.044781010488444,58
YFV E,Senegal,10-17,Female,5.425634153245154,6.1551835010604545,6.784926368563928,7.317889211180383,8.720063637130163,154
YFV E,Senegal,10-17,Male,5.537437262065152,6.169316854600398,6.822472683527391,7.34463722306032,8.409230321004419,126
YFV E,Senegal,18-39,Female,5.2774941555955754,6.833097125973511,7.509676485727075,7.965483012234644,8.752295689140764,234
YFV E,Senegal,18-39,Male,5.517828110893246,7.1970134367310985,7.580158876398422,7.944214875034203,8.581956961395125,125
YFV E,Senegal,40-59,Female,5.766110680268756,7.56617254373732,7.909959849190599,8.138053299555029,9.400508345530271,124
YFV E,Senegal,40-59,Male,5.629673414447222,7.746712450139185,8.033893795337857,8.227080640750396,8.740479946442132,90
YFV E,Senegal,5-9,Female,4.198310982755119,5.937048037808357,6.241864794185531,6.89056047780786,8.332401619318807,104
YFV E,Senegal,5-9,Male,5.156973456162405,6.102217350054436,6.726383023461218,7.181589526452605,8.72371450562374,109
YFV E,Senegal,<5,Female,3.5914499425743034,5.567201704399606,5.840233829239297,6.289221257729385,7.168985781311416,44
YFV E,Senegal,<5,Male,3.90407150975718,4.95460788796802,5.713563178163633,6.199287638727048,7.579000783521558,34
YFV E,Senegal,>59,Female,6.022671591618755,7.675741118728209,7.866396695106497,8.17435653156315,8.670043873558598,42
YFV E,Senegal,>59,Male,5.872523273877386,7.880069264934789,7.998825159627633,8.2052949177386,8.618157183155763,33
YFV NS1,French Guiana,18-39,Female,3.687170197028112,5.470353256178417,6.094232504220912,7.0778119552325185,9.023960548351043,128
YFV NS1,French Guiana,18-39,Male,3.595362647774989,5.314957861962128,6.025709772615929,6.978762776053536,9.264095367223886,323
YFV NS1,French Guiana,40-59,Female,4.362617800488656,5.602766069948476,6.430389683844535,7.549773837564758,9.428325680274012,94
YFV NS1,French Guiana,40-59,Male,4.059313754543005,5.639874725672856,6.601656368632757,7.532491199141619,9.386137973583772,227
YFV NS1,French Guiana,>59,Female,5.740326232985121,6.381776272647851,7.023226312310582,7.664676351973313,8.306126391636043,2
YFV NS1,French Guiana,>59,Male,5.2241057272727005,5.992734313746937,6.326102846959216,8.382167083610737,8.985041781898458,13
YFV NS1,New Caledonia,18-39,Female,4.466581934076866,4.988430717451553,5.275807269735637,5.656913352589154,8.58103313635506,156
YFV NS1,New Caledonia,18-39,Male,3.9708175722206103,4.946793424526216,5.320733816123587,6.0487824335393805,7.876691991808854,100
YFV NS1,New Caledonia,40-59,Female,4.306937058204127,5.0276608370610925,5.412072535971425,5.905353718825842,8.80023091585388,173
YFV NS1,New Caledonia,40-59,Male,4.047580644555664,5.104141060715579,5.500655701607405,5.96800678193429,7.974096305502624,131
YFV NS1,New Caledonia,>59,Female,4.408621628654869,5.225213696470931,5.62697310922217,5.955984108733274,8.691681877686934,25
YFV NS1,New Caledonia,>59,Male,4.6353302461335755,5.250011108132417,5.684084184666344,6.142623923346093,7.989527217558464,15
YFV NS1,Peru,10-17,Female,3.3325456469907127,4.327310174564335,4.70957874864318,5.323001711048726,7.854615958908089,80
YFV NS1,Peru,10-17,Male,3.1734809523610252,4.199694099854054,4.8930979477476715,5.666031168647481,7.969562876635923,73
YFV NS1,Peru,18-39,Female,3.8437855832924104,5.4097954688582135,6.055194647514075,7.257978672671074,9.358338156252678,219
YFV NS1,Peru,18-39,Male,4.183654893503797,5.5815725633703135,6.321485706829903,7.572036733707152,9.713420800588157,76
YFV NS1,Peru,40-59,Female,4.232576865388113,5.6933334426716264,6.392438657396111,7.855330579657203,9.580865383165088,84
YFV NS1,Peru,40-59,Male,4.2712472959804195,6.061372206967236,6.698096040129559,7.98107841484903,9.120039113558668,58
YFV NS1,Peru,5-9,Female,3.304789082559724,3.9388916948060393,4.4291143963271375,4.978518555896489,8.773328964296233,63
YFV NS1,Peru,5-9,Male,3.4305260553509163,4.105020857282857,4.505219352267709,4.930800766919207,7.256960920569344,63
YFV NS1,Peru,<5,Female,3.3026926838410313,4.263394019772624,4.810211158826214,6.656424100909325,8.422378802889634,23
YFV NS1,Peru,<5,Male,3.708742478898942,4.564076395380307,4.882373605074445,5.574268078367152,7.529908413887676,33
YFV NS1,Peru,>59,Female,3.871456095155592,5.903963573537977,7.388770807398961,8.651162613216883,9.56018063188784,50
YFV NS1,Peru,>59,Male,4.8244862846995815,6.5852059665443194,7.951655621623436,8.58475743778405,9.613977149358094,58
YFV NS1,Senegal,10-17,Female,4.4081452002692325,5.290262196492849,5.580094899929305,5.747470760960651,7.490076084611543,154
YFV NS1,Senegal,10-17,Male,4.537111532975,5.296891803110395,5.521869599040102,5.7746656918511015,7.019697033147735,126
YFV NS1,Senegal,18-39,Female,4.513708124590839,5.442200698090771,5.689418173345342,5.93225271267648,8.638050808224161,234
YFV NS1,Senegal,18-39,Male,4.9574534164118464,5.486064412522058,5.700160894873758,5.960543274416715,8.760417006019791,125
YFV NS1,Senegal,40-59,Female,4.663947966426099,5.432556299745176,5.733469161529975,6.0414092332325975,9.706632118966068,124
YFV NS1,Senegal,40-59,Male,4.486005522041505,5.536851427557195,5.782421788914403,6.148683623876319,8.987838523349945,90
YFV NS1,Senegal,5-9,Female,3.1369086065578253,5.027433377186886,5.431330838857023,5.629703376408357,7.184296481860083,104
YFV NS1,Senegal,5-9,Male,3.226139740285769,5.150256250673384,5.450192248714541,5.696996771898344,8.866142727070349,109
YFV NS1,Senegal,<5,Female,2.9783035763811867,3.301177411577262,3.7888879755703755,4.429707009473603,6.610248361824586,44
YFV NS1,Senegal,<5,Male,2.9783035763811867,3.11844239199816,3.4892338843330797,4.128181695038681,6.311826503430134,34
YFV NS1,Senegal,>59,Female,4.860276522709432,5.677682221331214,5.956840194798086,6.742689609210929,8.501521763032637,42
YFV NS1,Senegal,>59,Male,5.39210000047504,5.838310072738016,6.199984033507379,6.965546502364907,8.276129041749101,33
ZIKV VLP,French Guiana,18-39,Female,3.885624475142966,6.279728512762483,6.721665716490213,7.250975391192236,8.267630116020026,128
ZIKV VLP,French Guiana,18-39,Male,3.829153959503554,6.170083605816448,6.831496260797794,7.195644951765402,8.063825238370844,323
ZIKV VLP,French Guiana,40-59,Female,3.9897410710286154,6.421328847547594,6.966634127164099,7.274634946394409,8.03831770082091,94
ZIKV VLP,French Guiana,40-59,Male,3.934740466673063,6.312975806108309,6.813755692040001,7.216699791293648,8.236687923654374,227
ZIKV VLP,French Guiana,>59,Female,6.2063420141471415,6.479787989757938,6.753233965368734,7.02667994097953,7.300125916590327,2
ZIKV VLP,French Guiana,>59,Male,5.312524138125045,6.361735354418212,6.912736294239746,7.168798807629104,7.786841173613118,13
ZIKV VLP,New Caledonia,18-39,Female,4.2936191655816405,5.372527259323262,6.420248370456326,7.102975636526107,8.048574537606966,156
ZIKV VLP,New Caledonia,18-39,Male,4.452483640887261,5.935744046663212,6.600076356544134,7.073365608409533,7.668043209134233,100
ZIKV VLP,New Caledonia,40-59,Female,4.356386698954344,6.1008875218547445,6.763335346751609,7.18393916674418,8.000678879323313,173
ZIKV VLP,New Caledonia,40-59,Male,4.219511193427919,5.79864799153051,6.480557485517297,7.151058949501335,7.941121117436365,131
ZIKV VLP,New Caledonia,>59,Female,6.001997793652003,6.34683292872522,7.074217242193404,7.50432623501093,8.287860069196896,25
ZIKV VLP,New Caledonia,>59,Male,4.733577558642106,6.10330468278239,6.8970808175679705,7.1301106630925615,7.716086610626457,15
ZIKV VLP,Peru,10-17,Female,3.4134326519779807,4.554549339393026,5.513604242049306,6.905939418171449,7.625916458015962,80
ZIKV VLP,Peru,10-17,Male,3.305219067337748,4.170082086549871,5.359342801033294,6.534392041283763,8.223008415773593,73
ZIKV VLP,Peru,18-39,Female,3.780161320187472,5.690765624186849,6.512301083469571,7.091966774344455,7.888543785192542,219
ZIKV VLP,Peru,18-39,Male,3.8204734285390978,5.772277973839442,6.773597033730704,7.24678450371352,8.015870699360633,76
ZIKV VLP,Peru,40-59,Female,4.079335062455387,5.935070135479998,6.789567735173613,7.160047057949631,7.975404457638145,84
ZIKV VLP,Peru,40-59,Male,4.136713319187979,6.345630586412951,6.849447708080357,7.288591010190775,7.938602314684264,58
ZIKV VLP,Peru,5-9,Female,3.4387504599622707,4.1242365473118365,4.44323847944124,5.363652699052334,7.547509254351717,63
ZIKV VLP,Peru,5-9,Male,3.1838582103334807,3.9966929969359506,4.451206649090416,5.756571897583063,7.720346507423258,63
ZIKV VLP,Peru,<5,Female,3.7502282409896073,4.0055966604443425,5.051251913882106,6.873769681949016,7.399117385527317,23
ZIKV VLP,Peru,<5,Male,3.712584466527913,4.004758106124488,4.578716769419315,5.717849929335314,7.714245194069588,33
ZIKV VLP,Peru,>59,Female,4.69024414477836,6.722411211872044,7.012191611864382,7.506743443409102,8.034938010586835,50
ZIKV VLP,Peru,>59,Male,4.994822095679398,6.801327873476921,7.171740576551395,7.483507687668368,8.333811134118225,58
ZIKV VLP,Senegal,10-17,Female,5.117993083008627,5.961141595185108,6.237456464979578,6.478975419972776,7.503135153482549,154
ZIKV VLP,Senegal,10-17,Male,5.455361975621444,5.969535512376266,6.150321653283857,6.499824501314216,7.557916836285638,126
ZIKV VLP,Senegal,18-39,Female,4.028585743868409,6.350001058315393,6.650325607702946,7.049541941957418,7.66185493285237,234
ZIKV VLP,Senegal,18-39,Male,5.768918905721781,6.412439766907815,6.649733550389166,7.052000772731181,7.602940668702026,125
ZIKV VLP,Senegal,40-59,Female,5.633550792851524,6.580884076959919,7.0399233838303985,7.309807591765136,7.855572832781521,124
ZIKV VLP,Senegal,40-59,Male,5.607639411067022,6.725305569647793,7.15958127809543,7.407765965854637,7.979052991575662,90
ZIKV VLP,Senegal,5-9,Female,3.573640578496875,5.773176121430292,6.161876763648229,6.369252042028117,7.323436051168264,104
ZIKV VLP,Senegal,5-9,Male,3.8140259362455913,5.8701001427285115,6.130688941823448,6.366290749205177,7.771618191073857,109
ZIKV VLP,Senegal,<5,Female,3.300347243497194,3.6418696336746237,3.9274237161407086,4.157339414236389,6.561735062602748,44
ZIKV VLP,Senegal,<5,Male,3.300347243497194,3.5516616717781,3.8300920084476013,3.9594142214004937,5.12489653554824,34
ZIKV VLP,Senegal,>59,Female,5.608097423062892,6.6930955926513755,7.152839899174251,7.282978596010256,7.926733661814751,42
ZIKV VLP,Senegal,>59,Male,6.103330895576122,6.900186068260449,7.023140530662093,7.316751264520848,7.757331221197645,33
ZIKVAS EDIII,French Guiana,18-39,Female,3.357859701764616,4.700502528511883,5.15924451236245,6.102397667377607,8.27512015554827,128
ZIKVAS EDIII,French Guiana,18-39,Male,3.648520700080484,4.823242612926084,5.428904984504486,6.258477451767937,8.764425218514479,323
ZIKVAS EDIII,French Guiana,40-59,Female,4.178721362813154,4.796586536880525,5.260606480802635,6.144838180828078,8.044515203251883,94
ZIKVAS EDIII,French Guiana,40-59,Male,3.783934886491141,5.03769209677268,5.638346997018594,6.199659241986394,8.741442662961473,227
ZIKVAS EDIII,French Guiana,>59,Female,4.298451033795187,4.496198803034466,4.693946572273745,4.891694341513025,5.089442110752304,2
ZIKVAS EDIII,French Guiana,>59,Male,4.4499530924181485,4.86960283551827,4.9784782932835405,5.086805372812943,6.382350034832597,13
ZIKVAS EDIII,New Caledonia,18-39,Female,4.432280605071265,4.90329462398874,5.1876949419346925,5.658675760560446,8.18844235000094,156
ZIKVAS EDIII,New Caledonia,18-39,Male,4.296796087033434,4.791773920728117,5.115566553388731,5.553832171941707,7.276523279804704,100
ZIKVAS EDIII,New Caledonia,40-59,Female,4.311444131927991,4.92424583281954,5.1637409448044345,5.671871334347227,8.405151464413079,173
ZIKVAS EDIII,New Caledonia,40-59,Male,4.2888909753264555,4.9263048899597965,5.2776253400451605,5.621460106428682,8.070755923013483,131
ZIKVAS EDIII,New Caledonia,>59,Female,4.505013988130968,4.980461227554166,5.2385747901120014,5.7905321300149755,8.14227407548821,25
ZIKVAS EDIII,New Caledonia,>59,Male,4.477194142373413,4.741234639643567,5.41838878459237,6.231407952428339,7.396704176980756,15
ZIKVAS EDIII,Peru,10-17,Female,3.4901576870658997,4.291640553370119,4.600749659263808,5.176558777234795,8.053791760797804,80
ZIKVAS EDIII,Peru,10-17,Male,3.7700130028737697,4.254606450804859,4.5552242770576035,4.952596255840592,7.813612519672133,73
ZIKVAS EDIII,Peru,18-39,Female,3.6981015843478193,4.407369205357269,4.783533107593105,5.22810461015562,8.884152620639892,219
ZIKVAS EDIII,Peru,18-39,Male,3.871812667719123,4.325151939261278,4.8554581502342735,5.476939987109621,7.120511217520608,76
ZIKVAS EDIII,Peru,40-59,Female,3.9684395034081943,4.554202193918101,4.821733231401834,5.315470548020679,7.5188500043754365,84
ZIKVAS EDIII,Peru,40-59,Male,3.877103815777142,4.488050306756007,4.867966060129059,5.326535874776165,9.09825229610506,58
ZIKVAS EDIII,Peru,5-9,Female,3.612026092263524,4.357669196272463,4.6549859999367875,5.298737422626625,8.80675213320286,63
ZIKVAS EDIII,Peru,5-9,Male,3.552289468172906,4.25277896150988,4.598909407758346,5.140538061405684,6.808231229007134,63
ZIKVAS EDIII,Peru,<5,Female,3.7681778486059434,4.136845397329503,4.601465081720514,4.853573133407579,7.222245399169834,23
ZIKVAS EDIII,Peru,<5,Male,3.7178835547760594,4.449914956683695,4.823586253785786,5.2044707653722835,8.623316076789685,33
ZIKVAS EDIII,Peru,>59,Female,3.941027106090269,4.690687196224888,5.024263283353171,5.275869299158191,6.787098605089853,50
ZIKVAS EDIII,Peru,>59,Male,3.917190923022024,4.634684356236105,4.984275333583662,5.3077586472952625,6.928767759695789,58
ZIKVAS EDIII,Senegal,10-17,Female,5.258436428038671,6.019969147875303,6.212830123022719,6.443348125250885,8.649824244158818,154
ZIKVAS EDIII,Senegal,10-17,Male,5.473000865597906,5.999311775384365,6.183190368295056,6.404845337594084,8.94778261932523,126
ZIKVAS EDIII,Senegal,18-39,Female,4.1747459626804995,6.098968526403376,6.272653907767708,6.5130646742292155,9.49698622917064,234
ZIKVAS EDIII,Senegal,18-39,Male,5.398780590675803,6.062220569318612,6.334169293106716,6.537604140315309,8.265784309335293,125
ZIKVAS EDIII,Senegal,40-59,Female,5.328021816378317,6.044559703319076,6.25952489508841,6.539452829862386,8.800689733116252,124
ZIKVAS EDIII,Senegal,40-59,Male,5.351907301367674,6.193643152861834,6.352004437792816,6.5273155102557245,7.792547183796638,90
ZIKVAS EDIII,Senegal,5-9,Female,4.163816892148309,5.925177256825425,6.200260468212292,6.4014027046060535,8.610412495065473,104
ZIKVAS EDIII,Senegal,5-9,Male,3.95024279185025,5.93692564710283,6.167749704823393,6.416947668219011,8.480122956596361,109
ZIKVAS EDIII,Senegal,<5,Female,3.4815987821205545,4.080780136713093,4.462367116205124,5.072181406500644,8.80662007970312,44
ZIKVAS EDIII,Senegal,<5,Male,3.61506925581792,4.059486548902983,4.530059473040945,5.282331614605413,7.030866108175035,34
ZIKVAS EDIII,Senegal,>59,Female,5.596705769994886,6.057048599559801,6.296491016518106,6.467703636225549,7.800538198245524,42
ZIKVAS EDIII,Senegal,>59,Male,5.018348008378688,6.066049956452822,6.225594138049592,6.3405948071229155,8.791106231254409,33
ZIKVSU NS1,French Guiana,18-39,Female,3.3117821731733237,4.74009813979762,5.7337182605722,7.1492286111938546,8.995906212142144,128
ZIKVSU NS1,French Guiana,18-39,Male,3.39668161695981,4.85295290140872,5.841344719512582,7.150356319963091,9.047163059370682,323
ZIKVSU NS1,French Guiana,40-59,Female,3.49661593103306,5.1068708992010485,6.278030290613358,7.6576494668079125,9.164995912841867,94
ZIKVSU NS1,French Guiana,40-59,Male,3.373151119549616,5.0574826553093,6.162148455937183,7.566163078023556,9.09457701541901,227
ZIKVSU NS1,French Guiana,>59,Female,4.51323461340908,5.596433361679676,6.679632109950273,7.762830858220869,8.846029606491465,2
ZIKVSU NS1,French Guiana,>59,Male,4.6531764138635445,5.302595845635627,6.848669908035036,7.175741230593614,8.72713289293251,13
ZIKVSU NS1,New Caledonia,18-39,Female,3.8610490160249182,4.906421111939249,5.367770201736021,6.649605373372484,9.254419072921593,156
ZIKVSU NS1,New Caledonia,18-39,Male,3.326888012466891,4.754119060385832,5.341692914305024,5.959704526114416,9.11264030550255,100
ZIKVSU NS1,New Caledonia,40-59,Female,3.8297753359657314,4.894180303450228,5.411660987263343,7.623843905475612,9.444767044938963,173
ZIKVSU NS1,New Caledonia,40-59,Male,3.708286261472508,4.883321929931192,5.362734206854399,5.938441436377721,9.147560808123698,131
ZIKVSU NS1,New Caledonia,>59,Female,4.67760821366658,4.956879661731151,5.3400531987105,7.641264296889686,9.185971053260907,25
ZIKVSU NS1,New Caledonia,>59,Male,4.084200186661031,5.091538380772484,5.269187082841869,7.991978269603894,9.22157458831113,15
ZIKVSU NS1,Peru,10-17,Female,3.136664745456277,3.9484128953213227,4.7081133783156695,7.3886941610461605,9.341418553803477,80
ZIKVSU NS1,Peru,10-17,Male,3.2267919091437047,3.9169453735543303,4.549866559496092,5.66063447926965,9.462403337599604,73
ZIKVSU NS1,Peru,18-39,Female,3.249005154611078,4.427350365082811,5.568558211039144,7.789976502690632,9.29760278906456,219
ZIKVSU NS1,Peru,18-39,Male,3.571199500147789,4.658019099719428,6.030686656857882,8.10994737329795,9.385283632972078,76
ZIKVSU NS1,Peru,40-59,Female,3.3535861545947343,5.224270362839851,6.079782042379504,7.965690304797934,9.40747358258313,84
ZIKVSU NS1,Peru,40-59,Male,3.9647177445693456,5.328424750247178,6.9262980269895404,8.073990722799994,8.957400976266037,58
ZIKVSU NS1,Peru,5-9,Female,3.186048390571238,3.66378085967961,4.101629259280957,4.9302423985943715,8.3543020951132,63
ZIKVSU NS1,Peru,5-9,Male,3.1496807464003633,3.6295441066929035,4.060973253639826,4.583166512948994,9.069270442827548,63
ZIKVSU NS1,Peru,<5,Female,3.303564138861512,3.620313956955031,3.9082455221189343,5.109170301512356,8.458693954092896,23
ZIKVSU NS1,Peru,<5,Male,3.2490976666580034,3.66992100051495,3.905504749568373,4.976433765457992,9.338534988118434,33
ZIKVSU NS1,Peru,>59,Female,4.169833909223421,5.488565064603161,7.678248491313692,8.564317386442115,9.363832921924136,50
ZIKVSU NS1,Peru,>59,Male,4.106901856621133,5.7739107371639555,7.911955023724752,8.630311668098546,9.403494599160856,58
ZIKVSU NS1,Senegal,10-17,Female,4.617824446286469,5.287720964422041,5.570460813134032,5.749714149321597,7.94350150115589,154
ZIKVSU NS1,Senegal,10-17,Male,4.791747249223455,5.342910419024934,5.520409959743896,5.7545022636868195,8.093588449710365,126
ZIKVSU NS1,Senegal,18-39,Female,3.29123586464538,5.541052464892089,5.7996862143692205,6.223082881081717,8.510819701446838,234
ZIKVSU NS1,Senegal,18-39,Male,5.004335133670168,5.653914588400918,5.824487252705789,6.8945195736119445,8.638223898633834,125
ZIKVSU NS1,Senegal,40-59,Female,4.844623001271403,5.716357401233563,6.467044034311025,7.356311246073955,8.911555726893278,124
ZIKVSU NS1,Senegal,40-59,Male,4.915045465567949,5.931473892816248,6.855088977215016,7.815935435904931,8.923828447694818,90
ZIKVSU NS1,Senegal,5-9,Female,3.201623705955693,5.175632960715133,5.514462597823599,5.70636358447362,7.03977148137175,104
ZIKVSU NS1,Senegal,5-9,Male,3.232395364622447,5.236179546136309,5.5183243450209165,5.6760333385395105,8.379708327118395,109
ZIKVSU NS1,Senegal,<5,Female,3.085791890430571,3.2167807323754616,3.3110786853142886,3.4184483259708145,5.533464157098528,44
ZIKVSU NS1,Senegal,<5,Male,2.938107515428592,3.153218895045537,3.224067308324659,3.383350700800648,5.334309762154342,34
ZIKVSU NS1,Senegal,>59,Female,5.11314321509658,6.256940048192719,6.9673967949542455,7.624102263706661,8.289332257171855,42
ZIKVSU NS1,Senegal,>59,Male,5.477051325089646,6.237680069043127,6.980567459809819,7.277284805457906,8.358400592901226,33
ZIKVU NS1,French Guiana,18-39,Female,3.745982994521926,4.625690421014069,5.265859239513232,6.212717040913917,7.904926880602798,128
ZIKVU NS1,French Guiana,18-39,Male,3.839504069088935,4.836111325312729,5.358890995466768,6.265533084808534,8.219919921285992,323
ZIKVU NS1,French Guiana,40-59,Female,3.978032451946351,4.948699626669683,5.577256678145318,6.734653571450026,8.474022799879913,94
ZIKVU NS1,French Guiana,40-59,Male,3.920647730740108,4.90351486413231,5.5721957780747795,6.571352083897551,8.311750770511722,227
ZIKVU NS1,French Guiana,>59,Female,4.5111407572399695,5.362685082661321,6.214229408082673,7.065773733504026,7.917318058925377,2
ZIKVU NS1,French Guiana,>59,Male,4.673556354643617,5.106284573034297,5.653215201442404,6.158140050696262,7.920865112166713,13
ZIKVU NS1,New Caledonia,18-39,Female,4.174101767143394,4.8025994899618265,5.2509154573530825,6.141762814176891,8.47240356584747,156
ZIKVU NS1,New Caledonia,18-39,Male,3.6768054568564814,4.751330024326155,5.35035713930648,6.0181188815953055,8.224133854594385,100
ZIKVU NS1,New Caledonia,40-59,Female,4.0230341478096054,4.890115503146779,5.409328508929495,6.1971747712894665,8.496143514638533,173
ZIKVU NS1,New Caledonia,40-59,Male,3.874587043092637,4.872798371476372,5.357345205509789,5.865685674035172,8.31551165380003,131
ZIKVU NS1,New Caledonia,>59,Female,4.576419385994392,5.050971000045855,5.603058175037412,6.3028357751396795,8.333108480748352,25
ZIKVU NS1,New Caledonia,>59,Male,4.3165431411604676,5.069692701493015,5.4414168234809965,6.483901522714634,8.391300393573102,15
ZIKVU NS1,Peru,10-17,Female,3.48017514108767,4.088450323595842,4.483242698489308,5.734570990200814,8.268771836431792,80
ZIKVU NS1,Peru,10-17,Male,3.4658847479565864,3.9230551259913615,4.332235187796549,5.2388339574710105,8.779627548249175,73
ZIKVU NS1,Peru,18-39,Female,3.60470343244654,4.433482980409252,5.231374208223117,6.334737461413444,8.51203086053969,219
ZIKVU NS1,Peru,18-39,Male,3.8899858106074463,4.5599774931599075,5.468216197686077,7.165532469801542,8.584116526627131,76
ZIKVU NS1,Peru,40-59,Female,3.795384871807148,4.875279996788827,5.403113240254173,6.274361323757453,8.787853211550216,84
ZIKVU NS1,Peru,40-59,Male,3.816290078881723,4.962861709709343,5.7701293060560905,7.042542024996936,8.004217529965208,58
ZIKVU NS1,Peru,5-9,Female,3.58674600669582,3.868987904721086,4.10075162881278,4.497384279382141,6.9375431520260245,63
ZIKVU NS1,Peru,5-9,Male,3.5935759248611188,3.929398065457754,4.129070297521181,4.573222484083157,8.25684468059271,63
ZIKVU NS1,Peru,<5,Female,3.637735004883245,3.9127196302020097,4.250351761758609,4.956562099164524,7.541942437427132,23
ZIKVU NS1,Peru,<5,Male,3.4999777683838498,3.846028604625903,4.182972935288921,4.60221960424328,8.455983378519939,33
ZIKVU NS1,Peru,>59,Female,4.038038910566587,5.005518261948505,5.8434804292587215,7.507492515311033,8.607386987949107,50
ZIKVU NS1,Peru,>59,Male,4.252717412593854,5.471634207294377,6.517407418993077,7.575847711336351,8.387209782221314,58
ZIKVU NS1,Senegal,10-17,Female,4.650611918144102,5.391959851769883,5.649878558558337,5.803956808376264,7.128504792576792,154
ZIKVU NS1,Senegal,10-17,Male,4.9762182422137204,5.473449239741922,5.61440761662194,5.816223160487931,7.139758700435443,126
ZIKVU NS1,Senegal,18-39,Female,3.667602454431237,5.612691763008599,5.811465121883462,6.0580532673835075,7.71462517762841,234
ZIKVU NS1,Senegal,18-39,Male,5.156038457699923,5.704491188875295,5.890215896841486,6.4491931911213,7.992523084184853,125
ZIKVU NS1,Senegal,40-59,Female,4.898314572788934,5.7554549006745015,6.190395889249487,6.7762498259788995,8.25469253764531,124
ZIKVU NS1,Senegal,40-59,Male,4.872521818227204,5.892361672343451,6.426814556675611,7.158256318466771,8.25338751116775,90
ZIKVU NS1,Senegal,5-9,Female,3.6451295985791785,5.232779140090029,5.600578669500926,5.784436957164498,6.6912530658444,104
ZIKVU NS1,Senegal,5-9,Male,3.524501610790564,5.347885483031519,5.585298153468159,5.739393007106902,7.650383818588057,109
ZIKVU NS1,Senegal,<5,Female,3.4444589031170274,3.6226867803218026,3.7003344637604947,3.7709828268681664,5.689885582271125,44
ZIKVU NS1,Senegal,<5,Male,3.471857877305142,3.5898993594474535,3.650684554267154,3.7403146532016236,3.849924011225192,34
ZIKVU NS1,Senegal,>59,Female,5.141440322094435,6.135063810518798,6.527349759186334,6.9544253594692735,7.576818622723949,42
ZIKVU NS1,Senegal,>59,Male,5.516997592411338,6.032446159272827,6.351943640150045,6.707844309536883,7.786973001302391,33
