antigen,study,year,age_cat,median_group_age,method,x,n,mean,lower,upper,tpr,fpr,auc_med,group,spec,sens,adjusted_prev,site_year
CHIKV VLP,Peru,2018,<5,3,exact,1,56,0.017857142857142856,4.5200153052082914e-4,0.09552590263233962,0.9991485764094687,0.02275005167020094,0.9988653886875548,Alpha,0.9772499483297992,0.9991485764094687,0,Peru _ 2018
CHIKV VLP,Peru,2018,5-9,8,exact,4,126,0.031746031746031744,0.008716160791083949,0.07928800565262084,0.9991485764094687,0.02275005167020094,0.9988653886875548,Alpha,0.9772499483297992,0.9991485764094687,0.009213430630933243,Peru _ 2018
CHIKV VLP,Peru,2018,10-17,13,exact,1,153,0.006535947712418301,1.654621788018673e-4,0.03587654535465323,0.9991485764094687,0.02275005167020094,0.9988653886875548,Alpha,0.9772499483297992,0.9991485764094687,0,Peru _ 2018
CHIKV VLP,Peru,2018,18-39,29.5,exact,19,295,0.06440677966101695,0.03921909564728632,0.09875408282815656,0.9991485764094687,0.02275005167020094,0.9988653886875548,Alpha,0.9772499483297992,0.9991485764094687,0.0426636531450516,Peru _ 2018
CHIKV VLP,Peru,2018,40-59,49,exact,11,142,0.07746478873239436,0.03930378926582023,0.13437789409780532,0.9991485764094687,0.02275005167020094,0.9988653886875548,Alpha,0.9772499483297992,0.9991485764094687,0.056037300012107404,Peru _ 2018
CHIKV VLP,Peru,2018,>59,65,exact,10,108,0.09259259259259259,0.045299790597483236,0.1636939733393422,0.9991485764094687,0.02275005167020094,0.9988653886875548,Alpha,0.9772499483297992,0.9991485764094687,0.07153077268428083,Peru _ 2018
CHIKV VLP,Senegal,2016,<5,3,exact,0,78,0,0,0.04619242032804871,0.9991485764094687,0.02275005167020094,0.9988653886875548,Alpha,0.9772499483297992,0.9991485764094687,0,Senegal _ 2016
CHIKV VLP,Senegal,2016,5-9,8,exact,8,119,0.06722689075630252,0.029468535026432208,0.12816954961070048,0.9991485764094687,0.02275005167020094,0.9988653886875548,Alpha,0.9772499483297992,0.9991485764094687,0.045551931879432656,Senegal _ 2016
CHIKV VLP,Senegal,2016,10-17,13,exact,49,146,0.3356164383561644,0.25966695399412953,0.418390726613319,0.9991485764094687,0.02275005167020094,0.9988653886875548,Alpha,0.9772499483297992,0.9991485764094687,0.320428983410754,Senegal _ 2016
CHIKV VLP,Senegal,2016,18-39,29.5,exact,102,205,0.4975609756097561,0.42715036711571996,0.5680431326717035,0.9991485764094687,0.02275005167020094,0.9988653886875548,Alpha,0.9772499483297992,0.9991485764094687,0.48628803906309276,Senegal _ 2016
CHIKV VLP,Senegal,2016,40-59,49,exact,76,113,0.672566371681416,0.5779341003117818,0.7578995286513531,0.9991485764094687,0.02275005167020094,0.9988653886875548,Alpha,0.9772499483297992,0.9991485764094687,0.6655236602131682,Senegal _ 2016
CHIKV VLP,Senegal,2016,>59,65,exact,28,35,0.8,0.6306211554775546,0.9155939838394356,0.9991485764094687,0.02275005167020094,0.9988653886875548,Alpha,0.9772499483297992,0.9991485764094687,0.796037610295808,Senegal _ 2016
CHIKV VLP,Senegal,2018,5-9,8,exact,2,94,0.02127659574468085,0.0025871611133935213,0.07475176597758049,0.9991485764094687,0.02275005167020094,0.9988653886875548,Alpha,0.9772499483297992,0.9991485764094687,0,Senegal _ 2018
CHIKV VLP,Senegal,2018,10-17,13,exact,20,134,0.14925373134328357,0.0936154953639926,0.2210569347680772,0.9991485764094687,0.02275005167020094,0.9988653886875548,Alpha,0.9772499483297992,0.9991485764094687,0.12956152274693736,Senegal _ 2018
CHIKV VLP,Senegal,2018,18-39,29.5,exact,77,154,0.5,0.41846196156717097,0.581538038432829,0.9991485764094687,0.02275005167020094,0.9988653886875548,Alpha,0.9772499483297992,0.9991485764094687,0.4887860194762598,Senegal _ 2018
CHIKV VLP,Senegal,2018,40-59,49,exact,75,101,0.7425742574257426,0.6459865542184818,0.8244444369167353,0.9991485764094687,0.02275005167020094,0.9988653886875548,Alpha,0.9772499483297992,0.9991485764094687,0.7372237744293598,Senegal _ 2018
CHIKV VLP,Senegal,2018,>59,65,exact,32,40,0.8,0.6435219813207652,0.9094775906000093,0.9991485764094687,0.02275005167020094,0.9988653886875548,Alpha,0.9772499483297992,0.9991485764094687,0.796037610295808,Senegal _ 2018
CHIKV VLP,French Guiana,2015,18-39,29.5,exact,38,250,0.152,0.10986403293329694,0.20261083755877984,0.9991485764094687,0.02275005167020094,0.9988653886875548,Alpha,0.9772499483297992,0.9991485764094687,0.1323741741255839,French Guiana _ 2015
CHIKV VLP,French Guiana,2015,40-59,49,exact,30,158,0.189873417721519,0.13192565229010444,0.2598254707900709,0.9991485764094687,0.02275005167020094,0.9988653886875548,Alpha,0.9772499483297992,0.9991485764094687,0.17116306694128403,French Guiana _ 2015
CHIKV VLP,French Guiana,2015,>59,65,exact,0,1,0,0,0.975,0.9991485764094687,0.02275005167020094,0.9988653886875548,Alpha,0.9772499483297992,0.9991485764094687,0,French Guiana _ 2015
CHIKV VLP,French Guiana,2019,18-39,29.5,exact,38,201,0.1890547263681592,0.13739661690773952,0.2501292116270757,0.9991485764094687,0.02275005167020094,0.9988653886875548,Alpha,0.9772499483297992,0.9991485764094687,0.1703245862055839,French Guiana _ 2019
CHIKV VLP,French Guiana,2019,40-59,49,exact,54,163,0.3312883435582822,0.2596477811696061,0.40919270474200564,0.9991485764094687,0.02275005167020094,0.9988653886875548,Alpha,0.9772499483297992,0.9991485764094687,0.3159962700378635,French Guiana _ 2019
CHIKV VLP,French Guiana,2019,>59,65,exact,3,14,0.21428571428571427,0.046579287889867316,0.5079756770484718,0.9991485764094687,0.02275005167020094,0.9988653886875548,Alpha,0.9772499483297992,0.9991485764094687,0.19616545679097577,French Guiana _ 2019
CHIKV VLP,New Caledonia,2020,18-39,29.5,exact,3,256,0.01171875,0.0024232387538726252,0.03386328263629146,0.9991485764094687,0.02275005167020094,0.9988653886875548,Alpha,0.9772499483297992,0.9991485764094687,0,New Caledonia _ 2020
CHIKV VLP,New Caledonia,2020,40-59,49,exact,3,304,0.009868421052631578,0.0020397476293703143,0.028567279683698876,0.9991485764094687,0.02275005167020094,0.9988653886875548,Alpha,0.9772499483297992,0.9991485764094687,0,New Caledonia _ 2020
CHIKV VLP,New Caledonia,2020,>59,65,exact,2,40,0.05,0.006113646599350875,0.16919686395941758,0.9991485764094687,0.02275005167020094,0.9988653886875548,Alpha,0.9772499483297992,0.9991485764094687,0.027908633246937656,New Caledonia _ 2020
CHIKV E2,Peru,2018,<5,3,exact,0,56,0,0,0.0637500966623622,0.8771983436618982,0.02274933949267898,0.976682077454072,Alpha,0.977250660507321,0.8771983436618982,0,Peru _ 2018
CHIKV E2,Peru,2018,5-9,8,exact,6,126,0.047619047619047616,0.017673307076270572,0.10076560891382824,0.8771983436618982,0.02274933949267898,0.976682077454072,Alpha,0.977250660507321,0.8771983436618982,0.029106135070693307,Peru _ 2018
CHIKV E2,Peru,2018,10-17,13,exact,1,153,0.006535947712418301,1.654621788018673e-4,0.03587654535465323,0.8771983436618982,0.02274933949267898,0.976682077454072,Alpha,0.977250660507321,0.8771983436618982,0,Peru _ 2018
CHIKV E2,Peru,2018,18-39,29.5,exact,10,295,0.03389830508474576,0.016373002047073815,0.06145509020953088,0.8771983436618982,0.02274933949267898,0.976682077454072,Alpha,0.977250660507321,0.8771983436618982,0.013048134572883988,Peru _ 2018
CHIKV E2,Peru,2018,40-59,49,exact,6,142,0.04225352112676056,0.01566180160557218,0.08969781497347284,0.8771983436618982,0.02274933949267898,0.976682077454072,Alpha,0.977250660507321,0.8771983436618982,0.02282661872026574,Peru _ 2018
CHIKV E2,Peru,2018,>59,65,exact,6,108,0.05555555555555555,0.020658264620303624,0.11700468294227695,0.8771983436618982,0.02274933949267898,0.976682077454072,Alpha,0.977250660507321,0.8771983436618982,0.038394586339033865,Peru _ 2018
CHIKV E2,Senegal,2016,<5,3,exact,0,78,0,0,0.04619242032804871,0.8771983436618982,0.02274933949267898,0.976682077454072,Alpha,0.977250660507321,0.8771983436618982,0,Senegal _ 2016
CHIKV E2,Senegal,2016,5-9,8,exact,9,119,0.07563025210084033,0.03516540219760034,0.1387171194796457,0.8771983436618982,0.02274933949267898,0.976682077454072,Alpha,0.977250660507321,0.8771983436618982,0.06188890425307174,Senegal _ 2016
CHIKV E2,Senegal,2016,10-17,13,exact,50,146,0.3424657534246575,0.26600207794490716,0.42546818403509257,0.8771983436618982,0.02274933949267898,0.976682077454072,Alpha,0.977250660507321,0.8771983436618982,0.37417846164246965,Senegal _ 2016
CHIKV E2,Senegal,2016,18-39,29.5,exact,106,205,0.5170731707317073,0.4464149868223939,0.5872305023752633,0.8771983436618982,0.02274933949267898,0.976682077454072,Alpha,0.977250660507321,0.8771983436618982,0.5785293549726346,Senegal _ 2016
CHIKV E2,Senegal,2016,40-59,49,exact,73,113,0.6460176991150443,0.5504962136889734,0.7336793311699545,0.8771983436618982,0.02274933949267898,0.976682077454072,Alpha,0.977250660507321,0.8771983436618982,0.7294389209668153,Senegal _ 2016
CHIKV E2,Senegal,2016,>59,65,exact,24,35,0.6857142857142857,0.5071199996848251,0.8314828492529975,0.8771983436618982,0.02274933949267898,0.976682077454072,Alpha,0.977250660507321,0.8771983436618982,0.7758976170452765,Senegal _ 2016
CHIKV E2,Senegal,2018,5-9,8,exact,4,94,0.0425531914893617,0.01171422469390715,0.10538089779940352,0.8771983436618982,0.02274933949267898,0.976682077454072,Alpha,0.977250660507321,0.8771983436618982,0.023177336388773794,Senegal _ 2018
CHIKV E2,Senegal,2018,10-17,13,exact,21,134,0.15671641791044777,0.09970508728097016,0.229527265775205,0.8771983436618982,0.02274933949267898,0.976682077454072,Alpha,0.977250660507321,0.8771983436618982,0.15678768161012147,Senegal _ 2018
CHIKV E2,Senegal,2018,18-39,29.5,exact,82,154,0.5324675324675324,0.4504568060884455,0.6132049284977834,0.8771983436618982,0.02274933949267898,0.976682077454072,Alpha,0.977250660507321,0.8771983436618982,0.5965460671002272,Senegal _ 2018
CHIKV E2,Senegal,2018,40-59,49,exact,72,101,0.7128712871287128,0.6143105616285007,0.7985449692341517,0.8771983436618982,0.02274933949267898,0.976682077454072,Alpha,0.977250660507321,0.8771983436618982,0.8076806740585291,Senegal _ 2018
CHIKV E2,Senegal,2018,>59,65,exact,27,40,0.675,0.5087051245215516,0.8142710332366502,0.8771983436618982,0.02274933949267898,0.976682077454072,Alpha,0.977250660507321,0.8771983436618982,0.7633582078330168,Senegal _ 2018
CHIKV E2,French Guiana,2015,18-39,29.5,exact,47,250,0.188,0.1415279402962406,0.24203763681877788,0.8771983436618982,0.02274933949267898,0.976682077454072,Alpha,0.977250660507321,0.8771983436618982,0.1934002611051015,French Guiana _ 2015
CHIKV E2,French Guiana,2015,40-59,49,exact,39,158,0.2468354430379747,0.18178958038677695,0.3216279229297744,0.8771983436618982,0.02274933949267898,0.976682077454072,Alpha,0.977250660507321,0.8771983436618982,0.26225801943929306,French Guiana _ 2015
CHIKV E2,French Guiana,2015,>59,65,exact,0,1,0,0,0.975,0.8771983436618982,0.02274933949267898,0.976682077454072,Alpha,0.977250660507321,0.8771983436618982,0,French Guiana _ 2015
CHIKV E2,French Guiana,2019,18-39,29.5,exact,37,201,0.18407960199004975,0.13304488978831353,0.244686655178329,0.8771983436618982,0.02274933949267898,0.976682077454072,Alpha,0.977250660507321,0.8771983436618982,0.1888120434457433,French Guiana _ 2019
CHIKV E2,French Guiana,2019,40-59,49,exact,47,163,0.2883435582822086,0.2201795883152997,0.3643810945228959,0.8771983436618982,0.02274933949267898,0.976682077454072,Alpha,0.977250660507321,0.8771983436618982,0.3108368287558214,French Guiana _ 2019
CHIKV E2,French Guiana,2019,>59,65,exact,2,14,0.14285714285714285,0.017794515483191553,0.4281291609096989,0.8771983436618982,0.02274933949267898,0.976682077454072,Alpha,0.977250660507321,0.8771983436618982,0.14056755029078022,French Guiana _ 2019
CHIKV E2,New Caledonia,2020,18-39,29.5,exact,13,256,0.05078125,0.027312525005386057,0.08527212595645983,0.8771983436618982,0.02274933949267898,0.976682077454072,Alpha,0.977250660507321,0.8771983436618982,0.0328070023729227,New Caledonia _ 2020
CHIKV E2,New Caledonia,2020,40-59,49,exact,10,304,0.03289473684210526,0.015884855432558354,0.059661085331127794,0.8771983436618982,0.02274933949267898,0.976682077454072,Alpha,0.977250660507321,0.8771983436618982,0.011873613638640368,New Caledonia _ 2020
CHIKV E2,New Caledonia,2020,>59,65,exact,2,40,0.05,0.006113646599350875,0.16919686395941758,0.8771983436618982,0.02274933949267898,0.976682077454072,Alpha,0.977250660507321,0.8771983436618982,0.031892670451195475,New Caledonia _ 2020
ONNV VLP,Peru,2018,<5,3,exact,0,56,0,0,0.0637500966623622,0.9778391169338744,0.02275090924020295,0.996780006664688,Alpha,0.977249090759797,0.9778391169338744,0,Peru _ 2018
ONNV VLP,Peru,2018,5-9,8,exact,4,126,0.031746031746031744,0.008716160791083949,0.07928800565262084,0.9778391169338744,0.02275090924020295,0.996780006664688,Alpha,0.977249090759797,0.9778391169338744,0.009418106551173873,Peru _ 2018
ONNV VLP,Peru,2018,10-17,13,exact,0,153,0,0,0.02382199129343554,0.9778391169338744,0.02275090924020295,0.996780006664688,Alpha,0.977249090759797,0.9778391169338744,0,Peru _ 2018
ONNV VLP,Peru,2018,18-39,29.5,exact,7,295,0.023728813559322035,0.009592233459945754,0.04827716272824023,0.9778391169338744,0.02275090924020295,0.996780006664688,Alpha,0.977249090759797,0.9778391169338744,0.0010238890096660013,Peru _ 2018
ONNV VLP,Peru,2018,40-59,49,exact,4,142,0.028169014084507043,0.007727337502597353,0.07055190025304803,0.9778391169338744,0.02275090924020295,0.996780006664688,Alpha,0.977249090759797,0.9778391169338744,0.00567288424321308,Peru _ 2018
ONNV VLP,Peru,2018,>59,65,exact,6,108,0.05555555555555555,0.020658264620303624,0.11700468294227695,0.9778391169338744,0.02275090924020295,0.996780006664688,Alpha,0.977249090759797,0.9778391169338744,0.03434724253853856,Peru _ 2018
ONNV VLP,Senegal,2016,<5,3,exact,0,78,0,0,0.04619242032804871,0.9778391169338744,0.02275090924020295,0.996780006664688,Alpha,0.977249090759797,0.9778391169338744,0,Senegal _ 2016
ONNV VLP,Senegal,2016,5-9,8,exact,8,119,0.06722689075630252,0.029468535026432208,0.12816954961070048,0.9778391169338744,0.02275090924020295,0.996780006664688,Alpha,0.977249090759797,0.9778391169338744,0.04656740723822703,Senegal _ 2016
ONNV VLP,Senegal,2016,10-17,13,exact,48,146,0.3287671232876712,0.25334969042889655,0.4112956611421502,0.9778391169338744,0.02275090924020295,0.996780006664688,Alpha,0.977249090759797,0.9778391169338744,0.32040623220176734,Senegal _ 2016
ONNV VLP,Senegal,2016,18-39,29.5,exact,103,205,0.5024390243902439,0.4319568673282965,0.57284963288428,0.9778391169338744,0.02275090924020295,0.996780006664688,Alpha,0.977249090759797,0.9778391169338744,0.5022448306721141,Senegal _ 2016
ONNV VLP,Senegal,2016,40-59,49,exact,73,113,0.6460176991150443,0.5504962136889734,0.7336793311699545,0.9778391169338744,0.02275090924020295,0.996780006664688,Alpha,0.977249090759797,0.9778391169338744,0.6525751075703194,Senegal _ 2016
ONNV VLP,Senegal,2016,>59,65,exact,29,35,0.8285714285714286,0.6635016999818028,0.9343781988437493,0.9778391169338744,0.02275090924020295,0.996780006664688,Alpha,0.977249090759797,0.9778391169338744,0.8437131909283077,Senegal _ 2016
ONNV VLP,Senegal,2018,5-9,8,exact,2,94,0.02127659574468085,0.0025871611133935213,0.07475176597758049,0.9778391169338744,0.02275090924020295,0.996780006664688,Alpha,0.977249090759797,0.9778391169338744,0,Senegal _ 2018
ONNV VLP,Senegal,2018,10-17,13,exact,18,134,0.13432835820895522,0.08159537547343787,0.20396602054478807,0.9778391169338744,0.02275090924020295,0.996780006664688,Alpha,0.977249090759797,0.9778391169338744,0.11682423473554059,Senegal _ 2018
ONNV VLP,Senegal,2018,18-39,29.5,exact,77,154,0.5,0.41846196156717097,0.581538038432829,0.9778391169338744,0.02275090924020295,0.996780006664688,Alpha,0.977249090759797,0.9778391169338744,0.49969111430267676,Senegal _ 2018
ONNV VLP,Senegal,2018,40-59,49,exact,73,101,0.7227722772277227,0.6248176918628167,0.8072312812999453,0.9778391169338744,0.02275090924020295,0.996780006664688,Alpha,0.977249090759797,0.9778391169338744,0.7329389708181173,Senegal _ 2018
ONNV VLP,Senegal,2018,>59,65,exact,31,40,0.775,0.6154883226965775,0.891603361015928,0.9778391169338744,0.02275090924020295,0.996780006664688,Alpha,0.977249090759797,0.9778391169338744,0.7876226349567372,Senegal _ 2018
ONNV VLP,French Guiana,2015,18-39,29.5,exact,32,250,0.128,0.08922514191601683,0.17586971205152313,0.9778391169338744,0.02275090924020295,0.996780006664688,Alpha,0.977249090759797,0.9778391169338744,0.11019829363609318,French Guiana _ 2015
ONNV VLP,French Guiana,2015,40-59,49,exact,18,158,0.11392405063291139,0.06893359513090858,0.17406393510217988,0.9778391169338744,0.02275090924020295,0.996780006664688,Alpha,0.977249090759797,0.9778391169338744,0.09546044088730979,French Guiana _ 2015
ONNV VLP,French Guiana,2015,>59,65,exact,0,1,0,0,0.975,0.9778391169338744,0.02275090924020295,0.996780006664688,Alpha,0.977249090759797,0.9778391169338744,0,French Guiana _ 2015
ONNV VLP,French Guiana,2019,18-39,29.5,exact,25,201,0.12437810945273632,0.08213301401566953,0.17811113506601717,0.9778391169338744,0.02275090924020295,0.996780006664688,Alpha,0.977249090759797,0.9778391169338744,0.10640608835276143,French Guiana _ 2019
ONNV VLP,French Guiana,2019,40-59,49,exact,32,163,0.19631901840490798,0.138327157556265,0.26568942289654063,0.9778391169338744,0.02275090924020295,0.996780006664688,Alpha,0.977249090759797,0.9778391169338744,0.18172992585033995,French Guiana _ 2019
ONNV VLP,French Guiana,2019,>59,65,exact,2,14,0.14285714285714285,0.017794515483191553,0.4281291609096989,0.9778391169338744,0.02275090924020295,0.996780006664688,Alpha,0.977249090759797,0.9778391169338744,0.1257540744922085,French Guiana _ 2019
ONNV VLP,New Caledonia,2020,18-39,29.5,exact,14,256,0.0546875,0.030217175352924452,0.0900547978340569,0.9778391169338744,0.02275090924020295,0.996780006664688,Alpha,0.977249090759797,0.9778391169338744,0.0334383677889992,New Caledonia _ 2020
ONNV VLP,New Caledonia,2020,40-59,49,exact,11,304,0.03618421052631579,0.018198944410549367,0.06382004867243063,0.9778391169338744,0.02275090924020295,0.996780006664688,Alpha,0.977249090759797,0.9778391169338744,0.014064984969871243,New Caledonia _ 2020
ONNV VLP,New Caledonia,2020,>59,65,exact,2,40,0.05,0.006113646599350875,0.16919686395941758,0.9778391169338744,0.02275090924020295,0.996780006664688,Alpha,0.977249090759797,0.9778391169338744,0.028530444141486856,New Caledonia _ 2020
MAYV E2,Peru,2018,<5,3,exact,4,56,0.07142857142857142,0.019803931508829753,0.17290469813936982,0.8253334990273516,0.02275111456860346,0.9794087979971116,Alpha,0.9772488854313964,0.8253334990273516,0.06065104069384158,Peru _ 2018
MAYV E2,Peru,2018,5-9,8,exact,7,126,0.05555555555555555,0.022625213272668088,0.11111709158504524,0.8253334990273516,0.02275111456860346,0.9794087979971116,Alpha,0.9772488854313964,0.8253334990273516,0.040873612008161406,Peru _ 2018
MAYV E2,Peru,2018,10-17,13,exact,7,153,0.0457516339869281,0.01858971490739436,0.09199214291095181,0.8253334990273516,0.02275111456860346,0.9794087979971116,Alpha,0.9772488854313964,0.8253334990273516,0.028658141349359116,Peru _ 2018
MAYV E2,Peru,2018,18-39,29.5,exact,59,295,0.2,0.1558769224717821,0.25026286961842337,0.8253334990273516,0.02275111456860346,0.9794087979971116,Alpha,0.9772488854313964,0.8253334990273516,0.2208482130478493,Peru _ 2018
MAYV E2,Peru,2018,40-59,49,exact,41,142,0.2887323943661972,0.21582621784279588,0.37068110082372874,0.8253334990273516,0.02275111456860346,0.9794087979971116,Alpha,0.9772488854313964,0.8253334990273516,0.3314068249541362,Peru _ 2018
MAYV E2,Peru,2018,>59,65,exact,52,108,0.48148148148148145,0.38430824763796645,0.5796957945165946,0.8253334990273516,0.02275111456860346,0.9794087979971116,Alpha,0.9772488854313964,0.8253334990273516,0.5715679484072407,Peru _ 2018
MAYV E2,Senegal,2016,<5,3,exact,0,78,0,0,0.04619242032804871,0.8253334990273516,0.02275111456860346,0.9794087979971116,Alpha,0.9772488854313964,0.8253334990273516,0,Senegal _ 2016
MAYV E2,Senegal,2016,5-9,8,exact,7,119,0.058823529411764705,0.023974559730976175,0.11744630485242791,0.8253334990273516,0.02275111456860346,0.9794087979971116,Alpha,0.9772488854313964,0.8253334990273516,0.0449454355610955,Senegal _ 2016
MAYV E2,Senegal,2016,10-17,13,exact,39,146,0.2671232876712329,0.1973519222837481,0.3465970832186376,0.8253334990273516,0.02275111456860346,0.9794087979971116,Alpha,0.9772488854313964,0.8253334990273516,0.3044823532570193,Senegal _ 2016
MAYV E2,Senegal,2016,18-39,29.5,exact,89,205,0.43414634146341463,0.3652544167854086,0.5049708051359869,0.8253334990273516,0.02275111456860346,0.9794087979971116,Alpha,0.9772488854313964,0.8253334990273516,0.51258940497709915,Senegal _ 2016
MAYV E2,Senegal,2016,40-59,49,exact,50,113,0.4424778761061947,0.34910004469296874,0.5389453481338728,0.8253334990273516,0.02275111456860346,0.9794087979971116,Alpha,0.9772488854313964,0.8253334990273516,0.5229703139082098,Senegal _ 2016
MAYV E2,Senegal,2016,>59,65,exact,11,35,0.3142857142857143,0.16851715074700246,0.49288000031517487,0.8253334990273516,0.02275111456860346,0.9794087979971116,Alpha,0.9772488854313964,0.8253334990273516,0.36324569958474484,Senegal _ 2016
MAYV E2,Senegal,2018,5-9,8,exact,2,94,0.02127659574468085,0.0025871611133935213,0.07475176597758049,0.8253334990273516,0.02275111456860346,0.9794087979971116,Alpha,0.9772488854313964,0.8253334990273516,0,Senegal _ 2018
MAYV E2,Senegal,2018,10-17,13,exact,13,134,0.09701492537313433,0.05267430723069655,0.1601842764057524,0.8253334990273516,0.02275111456860346,0.9794087979971116,Alpha,0.9772488854313964,0.8253334990273516,0.09253107499314658,Senegal _ 2018
MAYV E2,Senegal,2018,18-39,29.5,exact,74,154,0.4805194805194805,0.3994224082217043,0.5623805006127328,0.8253334990273516,0.02275111456860346,0.9794087979971116,Alpha,0.9772488854313964,0.8253334990273516,0.5703693163656842,Senegal _ 2018
MAYV E2,Senegal,2018,40-59,49,exact,53,101,0.5247524752475248,0.4229612050916355,0.6250542275124293,0.8253334990273516,0.02275111456860346,0.9794087979971116,Alpha,0.9772488854313964,0.8253334990273516,0.6254826549893255,Senegal _ 2018
MAYV E2,Senegal,2018,>59,65,exact,18,40,0.45,0.2925883500398798,0.6150932054659868,0.8253334990273516,0.02275111456860346,0.9794087979971116,Alpha,0.9772488854313964,0.8253334990273516,0.5323427148473088,Senegal _ 2018
MAYV E2,French Guiana,2015,18-39,29.5,exact,46,250,0.184,0.13797348444614,0.23769221100381044,0.8253334990273516,0.02275111456860346,0.9794087979971116,Alpha,0.9772488854313964,0.8253334990273516,0.2009125649326839,French Guiana _ 2015
MAYV E2,French Guiana,2015,40-59,49,exact,58,158,0.3670886075949367,0.2919166600797056,0.44734783125374167,0.8253334990273516,0.02275111456860346,0.9794087979971116,Alpha,0.9772488854313964,0.8253334990273516,0.4290369433644501,French Guiana _ 2015
MAYV E2,French Guiana,2015,>59,65,exact,0,1,0,0,0.975,0.8253334990273516,0.02275111456860346,0.9794087979971116,Alpha,0.9772488854313964,0.8253334990273516,0,French Guiana _ 2015
MAYV E2,French Guiana,2019,18-39,29.5,exact,43,201,0.21393034825870647,0.15936010868047557,0.2771425999559014,0.8253334990273516,0.02275111456860346,0.9794087979971116,Alpha,0.9772488854313964,0.8253334990273516,0.23820512061080407,French Guiana _ 2019
MAYV E2,French Guiana,2019,40-59,49,exact,68,163,0.4171779141104294,0.340551626585446,0.4968721420255263,0.8253334990273516,0.02275111456860346,0.9794087979971116,Alpha,0.9772488854313964,0.8253334990273516,0.4914471176785452,French Guiana _ 2019
MAYV E2,French Guiana,2019,>59,65,exact,9,14,0.6428571428571429,0.3513801106159915,0.8724015701408406,0.8253334990273516,0.02275111456860346,0.9794087979971116,Alpha,0.9772488854313964,0.8253334990273516,0.7726384733783204,French Guiana _ 2019
MAYV E2,New Caledonia,2020,18-39,29.5,exact,4,256,0.015625,0.004273272485754598,0.039520756533374946,0.8253334990273516,0.02275111456860346,0.9794087979971116,Alpha,0.9772488854313964,0.8253334990273516,0,New Caledonia _ 2020
MAYV E2,New Caledonia,2020,40-59,49,exact,4,304,0.013157894736842105,0.0035964080886481398,0.033344933432320256,0.8253334990273516,0.02275111456860346,0.9794087979971116,Alpha,0.9772488854313964,0.8253334990273516,0,New Caledonia _ 2020
MAYV E2,New Caledonia,2020,>59,65,exact,2,40,0.05,0.006113646599350875,0.16919686395941758,0.8253334990273516,0.02275111456860346,0.9794087979971116,Alpha,0.9772488854313964,0.8253334990273516,0.03395151196817344,New Caledonia _ 2020
DENV1 VLP,Peru,2018,<5,3,exact,22,56,0.39285714285714285,0.2649912625037286,0.5324630725542131,0.9640708931010828,0.02275013194817921,0.9968587582273984,Flavi,0.9772498680518208,0.9640708931010828,0.393178421408306,Peru _ 2018
DENV1 VLP,Peru,2018,5-9,8,exact,40,126,0.31746031746031744,0.23742204801799216,0.4063083986736611,0.9640708931010828,0.02275013194817921,0.9968587582273984,Flavi,0.9772498680518208,0.9640708931010828,0.3130815739697332,Peru _ 2018
DENV1 VLP,Peru,2018,10-17,13,exact,89,153,0.5816993464052288,0.49932313398938644,0.6608483577093756,0.9640708931010828,0.02275013194817921,0.9968587582273984,Flavi,0.9772498680518208,0.9640708931010828,0.5937925067885086,Peru _ 2018
DENV1 VLP,Peru,2018,18-39,29.5,exact,250,295,0.847457627118644,0.8012613225484895,0.8865073396261159,0.9640708931010828,0.02275013194817921,0.9968587582273984,Flavi,0.9772498680518208,0.9640708931010828,0.8761173971775421,Peru _ 2018
DENV1 VLP,Peru,2018,40-59,49,exact,132,142,0.9295774647887324,0.8743042612317997,0.9657150310346607,0.9640708931010828,0.02275013194817921,0.9968587582273984,Flavi,0.9772498680518208,0.9640708931010828,0.963356350209355,Peru _ 2018
DENV1 VLP,Peru,2018,>59,65,exact,104,108,0.9629629629629629,0.9078809272401651,0.9898180262727522,0.9640708931010828,0.02275013194817921,0.9968587582273984,Flavi,0.9772498680518208,0.9640708931010828,0.9988230046719005,Peru _ 2018
DENV1 VLP,Senegal,2016,<5,3,exact,5,78,0.0641025641025641,0.021139720411461393,0.14328759610688568,0.9640708931010828,0.02275013194817921,0.9968587582273984,Flavi,0.9772498680518208,0.9640708931010828,0.043930224277362886,Senegal _ 2016
DENV1 VLP,Senegal,2016,5-9,8,exact,20,119,0.16806722689075632,0.10578773332657065,0.24756260652701034,0.9640708931010828,0.02275013194817921,0.9968587582273984,Flavi,0.9772498680518208,0.9640708931010828,0.1543757462276692,Senegal _ 2016
DENV1 VLP,Senegal,2016,10-17,13,exact,60,146,0.410958904109589,0.3302850494660019,0.4953217200770126,0.9640708931010828,0.02275013194817921,0.9968587582273984,Flavi,0.9772498680518208,0.9640708931010828,0.4124085945856994,Senegal _ 2016
DENV1 VLP,Senegal,2016,18-39,29.5,exact,156,205,0.7609756097560976,0.6966079520042264,0.8176312220071077,0.9640708931010828,0.02275013194817921,0.9968587582273984,Flavi,0.9772498680518208,0.9640708931010828,0.7842443386712945,Senegal _ 2016
DENV1 VLP,Senegal,2016,40-59,49,exact,103,113,0.911504424778761,0.8432715383282438,0.9567440337570912,0.9640708931010828,0.02275013194817921,0.9968587582273984,Flavi,0.9772498680518208,0.9640708931010828,0.94415668867439,Senegal _ 2016
DENV1 VLP,Senegal,2016,>59,65,exact,33,35,0.9428571428571428,0.8084285936547608,0.9930032363716905,0.9640708931010828,0.02275013194817921,0.9968587582273984,Flavi,0.9772498680518208,0.9640708931010828,0.977463845354948,Senegal _ 2016
DENV1 VLP,Senegal,2018,5-9,8,exact,19,94,0.20212765957446807,0.1263026741222809,0.2975113156292083,0.9640708931010828,0.02275013194817921,0.9968587582273984,Flavi,0.9772498680518208,0.9640708931010828,0.19055940868295748,Senegal _ 2018
DENV1 VLP,Senegal,2018,10-17,13,exact,42,134,0.31343283582089554,0.23611244536979092,0.3992127468173007,0.9640708931010828,0.02275013194817921,0.9968587582273984,Flavi,0.9772498680518208,0.9640708931010828,0.308803030665866,Senegal _ 2018
DENV1 VLP,Senegal,2018,18-39,29.5,exact,123,154,0.7987012987012987,0.726609358215968,0.8589402287377077,0.9640708931010828,0.02275013194817921,0.9968587582273984,Flavi,0.9772498680518208,0.9640708931010828,0.8243217389604324,Senegal _ 2018
DENV1 VLP,Senegal,2018,40-59,49,exact,97,101,0.9603960396039604,0.9016949813799406,0.9891055162831897,0.9640708931010828,0.02275013194817921,0.9968587582273984,Flavi,0.9772498680518208,0.9640708931010828,0.996096066666349,Senegal _ 2018
DENV1 VLP,Senegal,2018,>59,65,exact,39,40,0.975,0.8684141415172343,0.9993672550679505,0.9640708931010828,0.02275013194817921,0.9968587582273984,Flavi,0.9772498680518208,0.9640708931010828,1,Senegal _ 2018
DENV1 VLP,French Guiana,2015,18-39,29.5,exact,228,250,0.912,0.8697986823793833,0.9440281603342575,0.9640708931010828,0.02275013194817921,0.9968587582273984,Flavi,0.9772498680518208,0.9640708931010828,0.9446831566348246,French Guiana _ 2015
DENV1 VLP,French Guiana,2015,40-59,49,exact,149,158,0.9430379746835443,0.8946242899439102,0.973625539409513,0.9640708931010828,0.02275013194817921,0.9968587582273984,Flavi,0.9772498680518208,0.9640708931010828,0.9776559497192243,French Guiana _ 2015
DENV1 VLP,French Guiana,2015,>59,65,exact,1,1,1,0.025000000000000022,1,0.9640708931010828,0.02275013194817921,0.9968587582273984,Flavi,0.9772498680518208,0.9640708931010828,1,French Guiana _ 2015
DENV1 VLP,French Guiana,2019,18-39,29.5,exact,188,201,0.9353233830845771,0.8919403000456052,0.9651160141027348,0.9640708931010828,0.02275013194817921,0.9968587582273984,Flavi,0.9772498680518208,0.9640708931010828,0.9694604525865376,French Guiana _ 2019
DENV1 VLP,French Guiana,2019,40-59,49,exact,159,163,0.9754601226993865,0.9383624511957317,0.993274131214627,0.9640708931010828,0.02275013194817921,0.9968587582273984,Flavi,0.9772498680518208,0.9640708931010828,1,French Guiana _ 2019
DENV1 VLP,French Guiana,2019,>59,65,exact,13,14,0.9285714285714286,0.6613155100681788,0.9981932193408746,0.9640708931010828,0.02275013194817921,0.9968587582273984,Flavi,0.9772498680518208,0.9640708931010828,0.9622876005771132,French Guiana _ 2019
DENV1 VLP,New Caledonia,2020,18-39,29.5,exact,208,256,0.8125,0.7592063158940288,0.8583964862099172,0.9640708931010828,0.02275013194817921,0.9968587582273984,Flavi,0.9772498680518208,0.9640708931010828,0.8389806117572047,New Caledonia _ 2020
DENV1 VLP,New Caledonia,2020,40-59,49,exact,250,304,0.8223684210526315,0.7746752179002772,0.8636496072016776,0.9640708931010828,0.02275013194817921,0.9968587582273984,Flavi,0.9772498680518208,0.9640708931010828,0.8494642018997881,New Caledonia _ 2020
DENV1 VLP,New Caledonia,2020,>59,65,exact,38,40,0.95,0.8308031360405824,0.9938863534006491,0.9640708931010828,0.02275013194817921,0.9968587582273984,Flavi,0.9772498680518208,0.9640708931010828,0.9850519677438654,New Caledonia _ 2020
DENV2 VLP,Peru,2018,<5,3,exact,18,56,0.32142857142857145,0.20285451204282323,0.45963623448440816,0.9318714787340996,0.02275013194817921,0.9944416792923272,Flavi,0.9772498680518208,0.9318714787340996,0.32853528358599304,Peru _ 2018
DENV2 VLP,Peru,2018,5-9,8,exact,35,126,0.2777777777777778,0.20171603344480027,0.36458823900637294,0.9318714787340996,0.02275013194817921,0.9944416792923272,Flavi,0.9772498680518208,0.9318714787340996,0.280521018158044,Peru _ 2018
DENV2 VLP,Peru,2018,10-17,13,exact,81,153,0.5294117647058824,0.447156091361508,0.6105063194249707,0.9318714787340996,0.02275013194817921,0.9944416792923272,Flavi,0.9772498680518208,0.9318714787340996,0.557309136507397,Peru _ 2018
DENV2 VLP,Peru,2018,18-39,29.5,exact,239,295,0.8101694915254237,0.7606848884311147,0.8533005260419344,0.9318714787340996,0.02275013194817921,0.9944416792923272,Flavi,0.9772498680518208,0.9318714787340996,0.8661322961572321,Peru _ 2018
DENV2 VLP,Peru,2018,40-59,49,exact,126,142,0.8873239436619719,0.8234763250624044,0.9342072828656378,0.9318714787340996,0.02275013194817921,0.9944416792923272,Flavi,0.9772498680518208,0.9318714787340996,0.9509993520341155,Peru _ 2018
DENV2 VLP,Peru,2018,>59,65,exact,101,108,0.9351851851851852,0.8710094438028315,0.9735461649785059,0.9318714787340996,0.02275013194817921,0.9944416792923272,Flavi,0.9772498680518208,0.9318714787340996,1,Peru _ 2018
DENV2 VLP,Senegal,2016,<5,3,exact,6,78,0.07692307692307693,0.028752525001535467,0.15994636450061162,0.9318714787340996,0.02275013194817921,0.9944416792923272,Flavi,0.9772498680518208,0.9318714787340996,0.0595882443706983,Senegal _ 2016
DENV2 VLP,Senegal,2016,5-9,8,exact,14,119,0.11764705882352941,0.06583390291258784,0.1895090351867451,0.9318714787340996,0.02275013194817921,0.9944416792923272,Flavi,0.9772498680518208,0.9318714787340996,0.10438312466300104,Senegal _ 2016
DENV2 VLP,Senegal,2016,10-17,13,exact,48,146,0.3287671232876712,0.25334969042889655,0.4112956611421502,0.9318714787340996,0.02275013194817921,0.9944416792923272,Flavi,0.9772498680518208,0.9318714787340996,0.33660742036404157,Senegal _ 2016
DENV2 VLP,Senegal,2016,18-39,29.5,exact,150,205,0.7317073170731707,0.6655382217393004,0.7910419546836933,0.9318714787340996,0.02275013194817921,0.9944416792923272,Flavi,0.9772498680518208,0.9318714787340996,0.7798267938943652,Senegal _ 2016
DENV2 VLP,Senegal,2016,40-59,49,exact,101,113,0.8938053097345132,0.8218457668641272,0.9439106598898893,0.9318714787340996,0.02275013194817921,0.9944416792923272,Flavi,0.9772498680518208,0.9318714787340996,0.958128616015712,Senegal _ 2016
DENV2 VLP,Senegal,2016,>59,65,exact,33,35,0.9428571428571428,0.8084285936547608,0.9930032363716905,0.9318714787340996,0.02275013194817921,0.9944416792923272,Flavi,0.9772498680518208,0.9318714787340996,1,Senegal _ 2016
DENV2 VLP,Senegal,2018,5-9,8,exact,15,94,0.1595744680851064,0.092154235873388,0.24950115080122415,0.9318714787340996,0.02275013194817921,0.9944416792923272,Flavi,0.9772498680518208,0.9318714787340996,0.1505017307322634,Senegal _ 2018
DENV2 VLP,Senegal,2018,10-17,13,exact,38,134,0.2835820895522388,0.2091299953868183,0.3678630046410959,0.9318714787340996,0.02275013194817921,0.9944416792923272,Flavi,0.9772498680518208,0.9318714787340996,0.2869055473465637,Senegal _ 2018
DENV2 VLP,Senegal,2018,18-39,29.5,exact,116,154,0.7532467532467533,0.6774008602873502,0.8190848809241055,0.9318714787340996,0.02275013194817921,0.9944416792923272,Flavi,0.9772498680518208,0.9318714787340996,0.8035193804228107,Senegal _ 2018
DENV2 VLP,Senegal,2018,40-59,49,exact,95,101,0.9405940594059405,0.8751735633556668,0.977889427590582,0.9318714787340996,0.02275013194817921,0.9944416792923272,Flavi,0.9772498680518208,0.9318714787340996,1,Senegal _ 2018
DENV2 VLP,Senegal,2018,>59,65,exact,39,40,0.975,0.8684141415172343,0.9993672550679505,0.9318714787340996,0.02275013194817921,0.9944416792923272,Flavi,0.9772498680518208,0.9318714787340996,1,Senegal _ 2018
DENV2 VLP,French Guiana,2015,18-39,29.5,exact,223,250,0.892,0.846764543379335,0.9276107479517096,0.9318714787340996,0.02275013194817921,0.9944416792923272,Flavi,0.9772498680518208,0.9318714787340996,0.9561428417943766,French Guiana _ 2015
DENV2 VLP,French Guiana,2015,40-59,49,exact,145,158,0.9177215189873418,0.8634110475583443,0.9554624658697652,0.9318714787340996,0.02275013194817921,0.9944416792923272,Flavi,0.9772498680518208,0.9318714787340996,0.9844355653986311,French Guiana _ 2015
DENV2 VLP,French Guiana,2015,>59,65,exact,1,1,1,0.025000000000000022,1,0.9318714787340996,0.02275013194817921,0.9944416792923272,Flavi,0.9772498680518208,0.9318714787340996,1,French Guiana _ 2015
DENV2 VLP,French Guiana,2019,18-39,29.5,exact,186,201,0.9253731343283582,0.8799012310025344,0.9576321411504409,0.9318714787340996,0.02275013194817921,0.9944416792923272,Flavi,0.9772498680518208,0.9318714787340996,0.9928520604771678,French Guiana _ 2019
DENV2 VLP,French Guiana,2019,40-59,49,exact,158,163,0.9693251533742331,0.9298696471838761,0.9899664149455645,0.9318714787340996,0.02275013194817921,0.9944416792923272,Flavi,0.9772498680518208,0.9318714787340996,1,French Guiana _ 2019
DENV2 VLP,French Guiana,2019,>59,65,exact,13,14,0.9285714285714286,0.6613155100681788,0.9981932193408746,0.9318714787340996,0.02275013194817921,0.9944416792923272,Flavi,0.9772498680518208,0.9318714787340996,0.9963700663565564,French Guiana _ 2019
DENV2 VLP,New Caledonia,2020,18-39,29.5,exact,200,256,0.78125,0.7255385905399451,0.830321995695529,0.9318714787340996,0.02275013194817921,0.9944416792923272,Flavi,0.9772498680518208,0.9318714787340996,0.8343219205372283,New Caledonia _ 2020
DENV2 VLP,New Caledonia,2020,40-59,49,exact,247,304,0.8125,0.7640050088117302,0.8547851798326167,0.9318714787340996,0.02275013194817921,0.9944416792923272,Flavi,0.9772498680518208,0.9318714787340996,0.8686957696504191,New Caledonia _ 2020
DENV2 VLP,New Caledonia,2020,>59,65,exact,38,40,0.95,0.8308031360405824,0.9938863534006491,0.9318714787340996,0.02275013194817921,0.9944416792923272,Flavi,0.9772498680518208,0.9318714787340996,1,New Caledonia _ 2020
DENV3 VLP,Peru,2018,<5,3,exact,11,56,0.19642857142857142,0.10234830260107897,0.3243329859241144,0.8939282816163066,0.02275013194817921,0.9911874735682044,Flavi,0.9772498680518208,0.8939282816163066,0.19936041732285706,Peru _ 2018
DENV3 VLP,Peru,2018,5-9,8,exact,24,126,0.19047619047619047,0.12601998186649266,0.27002575770475457,0.8939282816163066,0.02275013194817921,0.9911874735682044,Flavi,0.9772498680518208,0.8939282816163066,0.19252785276112136,Peru _ 2018
DENV3 VLP,Peru,2018,10-17,13,exact,66,153,0.43137254901960786,0.3516552554440193,0.5138001536846941,0.8939282816163066,0.02275013194817921,0.9911874735682044,Flavi,0.9772498680518208,0.8939282816163066,0.4690457597301909,Peru _ 2018
DENV3 VLP,Peru,2018,18-39,29.5,exact,223,295,0.7559322033898305,0.7027900112752536,0.803852581292909,0.8939282816163066,0.02275013194817921,0.9911874735682044,Flavi,0.9772498680518208,0.8939282816163066,0.841598324890213,Peru _ 2018
DENV3 VLP,Peru,2018,40-59,49,exact,121,142,0.852112676056338,0.7828643255525829,0.9060641656636678,0.8939282816163066,0.02275013194817921,0.9911874735682044,Flavi,0.9772498680518208,0.8939282816163066,0.9520010854543377,Peru _ 2018
DENV3 VLP,Peru,2018,>59,65,exact,95,108,0.8796296296296297,0.8029612662982232,0.9343252706808618,0.8939282816163066,0.02275013194817921,0.9911874735682044,Flavi,0.9772498680518208,0.8939282816163066,0.9835869942420802,Peru _ 2018
DENV3 VLP,Senegal,2016,<5,3,exact,0,78,0,0,0.04619242032804871,0.8939282816163066,0.02275013194817921,0.9911874735682044,Flavi,0.9772498680518208,0.8939282816163066,0,Senegal _ 2016
DENV3 VLP,Senegal,2016,5-9,8,exact,7,119,0.058823529411764705,0.023974559730976175,0.11744630485242791,0.8939282816163066,0.02275013194817921,0.9911874735682044,Flavi,0.9772498680518208,0.8939282816163066,0.041407601278024994,Senegal _ 2016
DENV3 VLP,Senegal,2016,10-17,13,exact,21,146,0.14383561643835616,0.09129474888195444,0.21142727837271047,0.8939282816163066,0.02275013194817921,0.9911874735682044,Flavi,0.9772498680518208,0.8939282816163066,0.138990497565055,Senegal _ 2016
DENV3 VLP,Senegal,2016,18-39,29.5,exact,97,205,0.47317073170731705,0.40321449389971264,0.5439140521065191,0.8939282816163066,0.02275013194817921,0.9911874735682044,Flavi,0.9772498680518208,0.8939282816163066,0.5170246750687263,Senegal _ 2016
DENV3 VLP,Senegal,2016,40-59,49,exact,88,113,0.7787610619469026,0.6909685280775575,0.851417623530251,0.8939282816163066,0.02275013194817921,0.9911874735682044,Flavi,0.9772498680518208,0.8939282816163066,0.867802906083817,Senegal _ 2016
DENV3 VLP,Senegal,2016,>59,65,exact,31,35,0.8857142857142857,0.7326219562807549,0.967968830970902,0.8939282816163066,0.02275013194817921,0.9911874735682044,Flavi,0.9772498680518208,0.8939282816163066,0.9905713935718543,Senegal _ 2016
DENV3 VLP,Senegal,2018,5-9,8,exact,3,94,0.031914893617021274,0.006630604366727022,0.09044553575203662,0.8939282816163066,0.02275013194817921,0.9911874735682044,Flavi,0.9772498680518208,0.8939282816163066,0.010519962733607882,Senegal _ 2018
DENV3 VLP,Senegal,2018,10-17,13,exact,17,134,0.12686567164179105,0.07567222999775225,0.19533886174142856,0.8939282816163066,0.02275013194817921,0.9911874735682044,Flavi,0.9772498680518208,0.8939282816163066,0.11951119266854231,Senegal _ 2018
DENV3 VLP,Senegal,2018,18-39,29.5,exact,83,154,0.538961038961039,0.4568952038019035,0.6194988081503734,0.8939282816163066,0.02275013194817921,0.9911874735682044,Flavi,0.9772498680518208,0.8939282816163066,0.592543450739104,Senegal _ 2018
DENV3 VLP,Senegal,2018,40-59,49,exact,85,101,0.8415841584158416,0.7555270645222344,0.9066533805315818,0.8939282816163066,0.02275013194817921,0.9911874735682044,Flavi,0.9772498680518208,0.8939282816163066,0.9399157069993028,Senegal _ 2018
DENV3 VLP,Senegal,2018,>59,65,exact,35,40,0.875,0.7319670826382796,0.9581403738613833,0.8939282816163066,0.02275013194817921,0.9911874735682044,Flavi,0.9772498680518208,0.8939282816163066,0.97827277736073,Senegal _ 2018
DENV3 VLP,French Guiana,2015,18-39,29.5,exact,211,250,0.844,0.7929707352589189,0.8866564732909928,0.8939282816163066,0.02275013194817921,0.9911874735682044,Flavi,0.9772498680518208,0.8939282816163066,0.9426887811232104,French Guiana _ 2015
DENV3 VLP,French Guiana,2015,40-59,49,exact,128,158,0.810126582278481,0.7401745292099291,0.8680743477098956,0.8939282816163066,0.02275013194817921,0.9911874735682044,Flavi,0.9772498680518208,0.8939282816163066,0.9038064724537116,French Guiana _ 2015
DENV3 VLP,French Guiana,2015,>59,65,exact,1,1,1,0.025000000000000022,1,0.8939282816163066,0.02275013194817921,0.9911874735682044,Flavi,0.9772498680518208,0.8939282816163066,1,French Guiana _ 2015
DENV3 VLP,French Guiana,2019,18-39,29.5,exact,181,201,0.900497512437811,0.8505134664535899,0.9381554273931095,0.8939282816163066,0.02275013194817921,0.9911874735682044,Flavi,0.9772498680518208,0.8939282816163066,1,French Guiana _ 2019
DENV3 VLP,French Guiana,2019,40-59,49,exact,152,163,0.9325153374233128,0.8824608451261312,0.9658330059406429,0.8939282816163066,0.02275013194817921,0.9911874735682044,Flavi,0.9772498680518208,0.8939282816163066,1,French Guiana _ 2019
DENV3 VLP,French Guiana,2019,>59,65,exact,13,14,0.9285714285714286,0.6613155100681788,0.9981932193408746,0.8939282816163066,0.02275013194817921,0.9911874735682044,Flavi,0.9772498680518208,0.8939282816163066,1,French Guiana _ 2019
DENV3 VLP,New Caledonia,2020,18-39,29.5,exact,176,256,0.6875,0.626831831779595,0.7437640291637295,0.8939282816163066,0.02275013194817921,0.9911874735682044,Flavi,0.9772498680518208,0.8939282816163066,0.7630469936660546,New Caledonia _ 2020
DENV3 VLP,New Caledonia,2020,40-59,49,exact,231,304,0.7598684210526315,0.7078022838110385,0.8067906916313897,0.8939282816163066,0.02275013194817921,0.9911874735682044,Flavi,0.9772498680518208,0.8939282816163066,0.8461165943903153,New Caledonia _ 2020
DENV3 VLP,New Caledonia,2020,>59,65,exact,36,40,0.9,0.7633626001239001,0.9720745847057807,0.8939282816163066,0.02275013194817921,0.9911874735682044,Flavi,0.9772498680518208,0.8939282816163066,1,New Caledonia _ 2020
DENV4 VLP,Peru,2018,<5,3,exact,15,56,0.26785714285714285,0.15832524844203688,0.4030202841005812,0.9722300228585736,0.02275013194817921,0.997219131987546,Flavi,0.9772498680518208,0.9722300228585736,0.2581487120005739,Peru _ 2018
DENV4 VLP,Peru,2018,5-9,8,exact,33,126,0.2619047619047619,0.18764039229752805,0.3476981788692013,0.9722300228585736,0.02275013194817921,0.997219131987546,Flavi,0.9772498680518208,0.9722300228585736,0.2518796156148952,Peru _ 2018
DENV4 VLP,Peru,2018,10-17,13,exact,81,153,0.5294117647058824,0.447156091361508,0.6105063194249707,0.9722300228585736,0.02275013194817921,0.997219131987546,Flavi,0.9772498680518208,0.9722300228585736,0.5336201825948081,Peru _ 2018
DENV4 VLP,Peru,2018,18-39,29.5,exact,234,295,0.7932203389830509,0.7424638657488142,0.8379790735300156,0.9722300228585736,0.02275013194817921,0.997219131987546,Flavi,0.9772498680518208,0.9722300228585736,0.8114655343528319,Peru _ 2018
DENV4 VLP,Peru,2018,40-59,49,exact,124,142,0.8732394366197183,0.8070789134851707,0.9231125565268303,0.9722300228585736,0.02275013194817921,0.997219131987546,Flavi,0.9772498680518208,0.9722300228585736,0.8957423035637546,Peru _ 2018
DENV4 VLP,Peru,2018,>59,65,exact,100,108,0.9259259259259259,0.8592549311428567,0.9674785484837385,0.9722300228585736,0.02275013194817921,0.997219131987546,Flavi,0.9772498680518208,0.9722300228585736,0.951232145750607,Peru _ 2018
DENV4 VLP,Senegal,2016,<5,3,exact,2,78,0.02564102564102564,0.0031204724829340114,0.08957332714632771,0.9722300228585736,0.02275013194817921,0.997219131987546,Flavi,0.9772498680518208,0.9722300228585736,0.0030447129218024436,Senegal _ 2016
DENV4 VLP,Senegal,2016,5-9,8,exact,9,119,0.07563025210084033,0.03516540219760034,0.1387171194796457,0.9722300228585736,0.02275013194817921,0.997219131987546,Flavi,0.9772498680518208,0.9722300228585736,0.055693775780714945,Senegal _ 2016
DENV4 VLP,Senegal,2016,10-17,13,exact,40,146,0.273972602739726,0.20349303592706902,0.3538650944145185,0.9722300228585736,0.02275013194817921,0.997219131987546,Flavi,0.9772498680518208,0.9722300228585736,0.2645895644516137,Senegal _ 2016
DENV4 VLP,Senegal,2016,18-39,29.5,exact,138,205,0.6731707317073171,0.6043602555041971,0.7368869024020275,0.9722300228585736,0.02275013194817921,0.997219131987546,Flavi,0.9772498680518208,0.9722300228585736,0.6850283044283244,Senegal _ 2016
DENV4 VLP,Senegal,2016,40-59,49,exact,99,113,0.8761061946902655,0.800870455307208,0.9305813281434296,0.9722300228585736,0.02275013194817921,0.997219131987546,Flavi,0.9772498680518208,0.9722300228585736,0.8987615966504134,Senegal _ 2016
DENV4 VLP,Senegal,2016,>59,65,exact,33,35,0.9428571428571428,0.8084285936547608,0.9930032363716905,0.9722300228585736,0.02275013194817921,0.997219131987546,Flavi,0.9772498680518208,0.9722300228585736,0.9690642421365375,Senegal _ 2016
DENV4 VLP,Senegal,2018,5-9,8,exact,14,94,0.14893617021276595,0.0838856802208563,0.2372473993858606,0.9722300228585736,0.02275013194817921,0.997219131987546,Flavi,0.9772498680518208,0.9722300228585736,0.1329001693164825,Senegal _ 2018
DENV4 VLP,Senegal,2018,10-17,13,exact,32,134,0.23880597014925373,0.16943591065121977,0.3200766511905282,0.9722300228585736,0.02275013194817921,0.997219131987546,Flavi,0.9772498680518208,0.9722300228585736,0.22755177889435085,Senegal _ 2018
DENV4 VLP,Senegal,2018,18-39,29.5,exact,106,154,0.6883116883116883,0.6087862778012476,0.7604240399050973,0.9722300228585736,0.02275013194817921,0.997219131987546,Flavi,0.9772498680518208,0.9722300228585736,0.7009748839707869,Senegal _ 2018
DENV4 VLP,Senegal,2018,40-59,49,exact,92,101,0.9108910891089109,0.8375743909519315,0.9584405297207997,0.9722300228585736,0.02275013194817921,0.997219131987546,Flavi,0.9772498680518208,0.9722300228585736,0.9353973324376056,Senegal _ 2018
DENV4 VLP,Senegal,2018,>59,65,exact,39,40,0.975,0.8684141415172343,0.9993672550679505,0.9722300228585736,0.02275013194817921,0.997219131987546,Flavi,0.9772498680518208,0.9722300228585736,1,Senegal _ 2018
DENV4 VLP,French Guiana,2015,18-39,29.5,exact,222,250,0.888,0.8422086741822872,0.9242738184873651,0.9722300228585736,0.02275013194817921,0.997219131987546,Flavi,0.9772498680518208,0.9722300228585736,0.9112882498461227,French Guiana _ 2015
DENV4 VLP,French Guiana,2015,40-59,49,exact,140,158,0.8860759493670886,0.8259360648978201,0.9310664048690914,0.9722300228585736,0.02275013194817921,0.997219131987546,Flavi,0.9772498680518208,0.9722300228585736,0.9092618239561898,French Guiana _ 2015
DENV4 VLP,French Guiana,2015,>59,65,exact,1,1,1,0.025000000000000022,1,0.9722300228585736,0.02275013194817921,0.997219131987546,Flavi,0.9772498680518208,0.9722300228585736,1,French Guiana _ 2015
DENV4 VLP,French Guiana,2019,18-39,29.5,exact,185,201,0.9203980099502488,0.8739491834754142,0.9538168543082901,0.9722300228585736,0.02275013194817921,0.997219131987546,Flavi,0.9772498680518208,0.9722300228585736,0.9454100993559469,French Guiana _ 2019
DENV4 VLP,French Guiana,2019,40-59,49,exact,158,163,0.9693251533742331,0.9298696471838761,0.9899664149455645,0.9722300228585736,0.02275013194817921,0.997219131987546,Flavi,0.9772498680518208,0.9722300228585736,0.9969405676600953,French Guiana _ 2019
DENV4 VLP,French Guiana,2019,>59,65,exact,13,14,0.9285714285714286,0.6613155100681788,0.9981932193408746,0.9722300228585736,0.02275013194817921,0.997219131987546,Flavi,0.9772498680518208,0.9722300228585736,0.9540184108109088,French Guiana _ 2019
DENV4 VLP,New Caledonia,2020,18-39,29.5,exact,191,256,0.74609375,0.6881566030608018,0.7982348724115904,0.9722300228585736,0.02275013194817921,0.997219131987546,Flavi,0.9772498680518208,0.9722300228585736,0.7618314247374461,New Caledonia _ 2020
DENV4 VLP,New Caledonia,2020,40-59,49,exact,242,304,0.7960526315789473,0.7463201953536823,0.8399103787539166,0.9722300228585736,0.02275013194817921,0.997219131987546,Flavi,0.9772498680518208,0.9722300228585736,0.8144485281192198,New Caledonia _ 2020
DENV4 VLP,New Caledonia,2020,>59,65,exact,36,40,0.9,0.7633626001239001,0.9720745847057807,0.9722300228585736,0.02275013194817921,0.997219131987546,Flavi,0.9772498680518208,0.9722300228585736,0.9239267481596509,New Caledonia _ 2020
DENV1 NS1,Peru,2018,<5,3,exact,10,56,0.17857142857142858,0.08910095321397704,0.3039716069422428,0.9128308256115478,0.02275013194817921,0.98883451421394,Flavi,0.9772498680518208,0.9128308256115478,0.17506423600979867,Peru _ 2018
DENV1 NS1,Peru,2018,5-9,8,exact,26,126,0.20634920634920634,0.1394427502057608,0.28754732046818576,0.9128308256115478,0.02275013194817921,0.98883451421394,Flavi,0.9772498680518208,0.9128308256115478,0.2062723927258498,Peru _ 2018
DENV1 NS1,Peru,2018,10-17,13,exact,60,153,0.39215686274509803,0.3143121732535631,0.4742636340725709,0.9128308256115478,0.02275013194817921,0.98883451421394,Flavi,0.9772498680518208,0.9128308256115478,0.4150261132802749,Peru _ 2018
DENV1 NS1,Peru,2018,18-39,29.5,exact,216,295,0.7322033898305085,0.6778049005219466,0.78187015236599,0.9128308256115478,0.02275013194817921,0.98883451421394,Flavi,0.9772498680518208,0.9128308256115478,0.7970662243693679,Peru _ 2018
DENV1 NS1,Peru,2018,40-59,49,exact,113,142,0.795774647887324,0.7200475703909187,0.8587563752954305,0.9128308256115478,0.02275013194817921,0.98883451421394,Flavi,0.9772498680518208,0.9128308256115478,0.8684881285960181,Peru _ 2018
DENV1 NS1,Peru,2018,>59,65,exact,95,108,0.8796296296296297,0.8029612662982232,0.9343252706808618,0.9128308256115478,0.02275013194817921,0.98883451421394,Flavi,0.9772498680518208,0.9128308256115478,0.9626986674148951,Peru _ 2018
DENV1 NS1,Senegal,2016,<5,3,exact,3,78,0.038461538461538464,0.008003028417497449,0.10831165028927248,0.9128308256115478,0.02275013194817921,0.98883451421394,Flavi,0.9772498680518208,0.9128308256115478,0.017651665321145964,Senegal _ 2016
DENV1 NS1,Senegal,2016,5-9,8,exact,107,119,0.8991596638655462,0.830476804609474,0.9467994455733677,0.9128308256115478,0.02275013194817921,0.98883451421394,Flavi,0.9772498680518208,0.9128308256115478,0.9846405367026508,Senegal _ 2016
DENV1 NS1,Senegal,2016,10-17,13,exact,146,146,1,0.9750502238880522,1,0.9128308256115478,0.02275013194817921,0.98883451421394,Flavi,0.9772498680518208,0.9128308256115478,1,Senegal _ 2016
DENV1 NS1,Senegal,2016,18-39,29.5,exact,204,205,0.9951219512195122,0.9731223762233312,0.9998765061236342,0.9128308256115478,0.02275013194817921,0.98883451421394,Flavi,0.9772498680518208,0.9128308256115478,1,Senegal _ 2016
DENV1 NS1,Senegal,2016,40-59,49,exact,113,113,1,0.9678821442542607,1,0.9128308256115478,0.02275013194817921,0.98883451421394,Flavi,0.9772498680518208,0.9128308256115478,1,Senegal _ 2016
DENV1 NS1,Senegal,2016,>59,65,exact,35,35,1,0.8999675644278949,1,0.9128308256115478,0.02275013194817921,0.98883451421394,Flavi,0.9772498680518208,0.9128308256115478,1,Senegal _ 2016
DENV1 NS1,Senegal,2018,5-9,8,exact,90,94,0.9574468085106383,0.8946191022005965,0.9882857753060929,0.9128308256115478,0.02275013194817921,0.98883451421394,Flavi,0.9772498680518208,0.9128308256115478,1,Senegal _ 2018
DENV1 NS1,Senegal,2018,10-17,13,exact,128,134,0.9552238805970149,0.9050896852853604,0.9833931400976395,0.9128308256115478,0.02275013194817921,0.98883451421394,Flavi,0.9772498680518208,0.9128308256115478,1,Senegal _ 2018
DENV1 NS1,Senegal,2018,18-39,29.5,exact,154,154,1,0.9763308516274573,1,0.9128308256115478,0.02275013194817921,0.98883451421394,Flavi,0.9772498680518208,0.9128308256115478,1,Senegal _ 2018
DENV1 NS1,Senegal,2018,40-59,49,exact,101,101,1,0.9641353796099963,1,0.9128308256115478,0.02275013194817921,0.98883451421394,Flavi,0.9772498680518208,0.9128308256115478,1,Senegal _ 2018
DENV1 NS1,Senegal,2018,>59,65,exact,40,40,1,0.9119026971211976,1,0.9128308256115478,0.02275013194817921,0.98883451421394,Flavi,0.9772498680518208,0.9128308256115478,1,Senegal _ 2018
DENV1 NS1,French Guiana,2015,18-39,29.5,exact,202,250,0.808,0.7536250337196942,0.8549093185719001,0.9128308256115478,0.02275013194817921,0.98883451421394,Flavi,0.9772498680518208,0.9128308256115478,0.8822232339631051,French Guiana _ 2015
DENV1 NS1,French Guiana,2015,40-59,49,exact,127,158,0.8037974683544303,0.7332185729142883,0.8626257175050026,0.9128308256115478,0.02275013194817921,0.98883451421394,Flavi,0.9772498680518208,0.9128308256115478,0.8775017163799372,French Guiana _ 2015
DENV1 NS1,French Guiana,2015,>59,65,exact,1,1,1,0.025000000000000022,1,0.9128308256115478,0.02275013194817921,0.98883451421394,Flavi,0.9772498680518208,0.9128308256115478,1,French Guiana _ 2015
DENV1 NS1,French Guiana,2019,18-39,29.5,exact,182,201,0.9054726368159204,0.8563218511121267,0.942124793003335,0.9128308256115478,0.02275013194817921,0.98883451421394,Flavi,0.9772498680518208,0.9128308256115478,0.9917331216731117,French Guiana _ 2019
DENV1 NS1,French Guiana,2019,40-59,49,exact,144,163,0.8834355828220859,0.8239664256402405,0.9283422780469245,0.9128308256115478,0.02275013194817921,0.98883451421394,Flavi,0.9772498680518208,0.9128308256115478,0.9669746316275238,French Guiana _ 2019
DENV1 NS1,French Guiana,2019,>59,65,exact,13,14,0.9285714285714286,0.6613155100681788,0.9981932193408746,0.9128308256115478,0.02275013194817921,0.98883451421394,Flavi,0.9772498680518208,0.9128308256115478,1,French Guiana _ 2019
DENV1 NS1,New Caledonia,2020,18-39,29.5,exact,199,256,0.77734375,0.7213606439085632,0.8267815650429113,0.9128308256115478,0.02275013194817921,0.98883451421394,Flavi,0.9772498680518208,0.9128308256115478,0.84778113200735306,New Caledonia _ 2020
DENV1 NS1,New Caledonia,2020,40-59,49,exact,253,304,0.8322368421052632,0.7853933621136702,0.8724651013750183,0.9128308256115478,0.02275013194817921,0.98883451421394,Flavi,0.9772498680518208,0.9128308256115478,0.9094531719651414,New Caledonia _ 2020
DENV1 NS1,New Caledonia,2020,>59,65,exact,38,40,0.95,0.8308031360405824,0.9938863534006491,0.9128308256115478,0.02275013194817921,0.98883451421394,Flavi,0.9772498680518208,0.9128308256115478,1,New Caledonia _ 2020
DENV2 NS1,Peru,2018,<5,3,exact,11,56,0.19642857142857142,0.10234830260107897,0.3243329859241144,0.834217724168915,0.02275013194817921,0.9810518914282748,Flavi,0.9772498680518208,0.834217724168915,0.2140300378541158,Peru _ 2018
DENV2 NS1,Peru,2018,5-9,8,exact,27,126,0.21428571428571427,0.14621679087813444,0.2962478922169266,0.834217724168915,0.02275013194817921,0.9810518914282748,Flavi,0.9772498680518208,0.834217724168915,0.23603602186177447,Peru _ 2018
DENV2 NS1,Peru,2018,10-17,13,exact,50,153,0.32679738562091504,0.2532412772955971,0.4072125997654892,0.834217724168915,0.02275013194817921,0.9810518914282748,Flavi,0.9772498680518208,0.834217724168915,0.37468810410610803,Peru _ 2018
DENV2 NS1,Peru,2018,18-39,29.5,exact,196,295,0.6644067796610169,0.6073796924190524,0.7180921632065527,0.834217724168915,0.02275013194817921,0.9810518914282748,Flavi,0.9772498680518208,0.834217724168915,0.7907360119666912,Peru _ 2018
DENV2 NS1,Peru,2018,40-59,49,exact,108,142,0.7605633802816901,0.6818069274419432,0.828129546869729,0.834217724168915,0.02275013194817921,0.9810518914282748,Flavi,0.9772498680518208,0.834217724168915,0.9092331664340954,Peru _ 2018
DENV2 NS1,Peru,2018,>59,65,exact,85,108,0.7870370370370371,0.6977856405990932,0.8599521095609914,0.834217724168915,0.02275013194817921,0.9810518914282748,Flavi,0.9772498680518208,0.834217724168915,0.9418575829963104,Peru _ 2018
DENV2 NS1,Senegal,2016,<5,3,exact,1,78,0.01282051282051282,3.2453460909720455e-4,0.06937274078560496,0.834217724168915,0.02275013194817921,0.9810518914282748,Flavi,0.9772498680518208,0.834217724168915,0,Senegal _ 2016
DENV2 NS1,Senegal,2016,5-9,8,exact,95,119,0.7983193277310925,0.7149413447035502,0.8662980664983668,0.834217724168915,0.02275013194817921,0.9810518914282748,Flavi,0.9772498680518208,0.834217724168915,0.9557611458769664,Senegal _ 2016
DENV2 NS1,Senegal,2016,10-17,13,exact,141,146,0.9657534246575342,0.9218914638731135,0.9887884215510871,0.834217724168915,0.02275013194817921,0.9810518914282748,Flavi,0.9772498680518208,0.834217724168915,1,Senegal _ 2016
DENV2 NS1,Senegal,2016,18-39,29.5,exact,201,205,0.9804878048780488,0.9507971983797641,0.9946586139531599,0.834217724168915,0.02275013194817921,0.9810518914282748,Flavi,0.9772498680518208,0.834217724168915,1,Senegal _ 2016
DENV2 NS1,Senegal,2016,40-59,49,exact,112,113,0.9911504424778761,0.9516793514358978,0.999775973699549,0.834217724168915,0.02275013194817921,0.9810518914282748,Flavi,0.9772498680518208,0.834217724168915,1,Senegal _ 2016
DENV2 NS1,Senegal,2016,>59,65,exact,35,35,1,0.8999675644278949,1,0.834217724168915,0.02275013194817921,0.9810518914282748,Flavi,0.9772498680518208,0.834217724168915,1,Senegal _ 2016
DENV2 NS1,Senegal,2018,5-9,8,exact,50,94,0.5319148936170213,0.4261378512698484,0.6356261022905628,0.834217724168915,0.02275013194817921,0.9810518914282748,Flavi,0.9772498680518208,0.834217724168915,0.627461609742683,Senegal _ 2018
DENV2 NS1,Senegal,2018,10-17,13,exact,70,134,0.5223880597014925,0.4344168095421309,0.6093481731017112,0.834217724168915,0.02275013194817921,0.9810518914282748,Flavi,0.9772498680518208,0.834217724168915,0.6157213578745131,Senegal _ 2018
DENV2 NS1,Senegal,2018,18-39,29.5,exact,139,154,0.9025974025974026,0.8444405834645273,0.9444532137307581,0.834217724168915,0.02275013194817921,0.9810518914282748,Flavi,0.9772498680518208,0.834217724168915,1,Senegal _ 2018
DENV2 NS1,Senegal,2018,40-59,49,exact,97,101,0.9603960396039604,0.9016949813799406,0.9891055162831897,0.834217724168915,0.02275013194817921,0.9810518914282748,Flavi,0.9772498680518208,0.834217724168915,1,Senegal _ 2018
DENV2 NS1,Senegal,2018,>59,65,exact,39,40,0.975,0.8684141415172343,0.9993672550679505,0.834217724168915,0.02275013194817921,0.9810518914282748,Flavi,0.9772498680518208,0.834217724168915,1,Senegal _ 2018
DENV2 NS1,French Guiana,2015,18-39,29.5,exact,196,250,0.784,0.7277611190107559,0.8333693383859031,0.834217724168915,0.02275013194817921,0.9810518914282748,Flavi,0.9772498680518208,0.834217724168915,0.9381149356421191,French Guiana _ 2015
DENV2 NS1,French Guiana,2015,40-59,49,exact,120,158,0.759493670886076,0.6851561173168809,0.8238361054495746,0.834217724168915,0.02275013194817921,0.9810518914282748,Flavi,0.9772498680518208,0.834217724168915,0.9079149259943425,French Guiana _ 2015
DENV2 NS1,French Guiana,2015,>59,65,exact,1,1,1,0.025000000000000022,1,0.834217724168915,0.02275013194817921,0.9810518914282748,Flavi,0.9772498680518208,0.834217724168915,1,French Guiana _ 2015
DENV2 NS1,French Guiana,2019,18-39,29.5,exact,171,201,0.8507462686567164,0.7938368050540213,0.8969779482415527,0.834217724168915,0.02275013194817921,0.9810518914282748,Flavi,0.9772498680518208,0.834217724168915,1,French Guiana _ 2019
DENV2 NS1,French Guiana,2019,40-59,49,exact,140,163,0.8588957055214724,0.7958331334210055,0.9084018032609669,0.834217724168915,0.02275013194817921,0.9810518914282748,Flavi,0.9772498680518208,0.834217724168915,1,French Guiana _ 2019
DENV2 NS1,French Guiana,2019,>59,65,exact,10,14,0.7142857142857143,0.41896474281633855,0.9161106816928725,0.834217724168915,0.02275013194817921,0.9810518914282748,Flavi,0.9772498680518208,0.834217724168915,0.8522035740762192,French Guiana _ 2019
DENV2 NS1,New Caledonia,2020,18-39,29.5,exact,176,256,0.6875,0.626831831779595,0.7437640291637295,0.834217724168915,0.02275013194817921,0.9810518914282748,Flavi,0.9772498680518208,0.834217724168915,0.8191945980647309,New Caledonia _ 2020
DENV2 NS1,New Caledonia,2020,40-59,49,exact,235,304,0.7730263157894737,0.7217509564050354,0.8188929285051181,0.834217724168915,0.02275013194817921,0.9810518914282748,Flavi,0.9772498680518208,0.834217724168915,0.9245916793645704,New Caledonia _ 2020
DENV2 NS1,New Caledonia,2020,>59,65,exact,38,40,0.95,0.8308031360405824,0.9938863534006491,0.834217724168915,0.02275013194817921,0.9810518914282748,Flavi,0.9772498680518208,0.834217724168915,1,New Caledonia _ 2020
DENV3 NS1,Peru,2018,<5,3,exact,6,56,0.10714285714285714,0.04034794619082216,0.21875647184527947,0.9268382575947908,0.02275013194817921,0.9931142867050544,Flavi,0.9772498680518208,0.9268382575947908,0.09334568478522985,Peru _ 2018
DENV3 NS1,Peru,2018,5-9,8,exact,14,126,0.1111111111111111,0.06209325520314657,0.17939527686378787,0.9268382575947908,0.02275013194817921,0.9931142867050544,Flavi,0.9772498680518208,0.9268382575947908,0.09773491837395311,Peru _ 2018
DENV3 NS1,Peru,2018,10-17,13,exact,38,153,0.24836601307189543,0.18214334483043104,0.3245976857706324,0.9268382575947908,0.02275013194817921,0.9931142867050544,Flavi,0.9772498680518208,0.9268382575947908,0.2495507625015578,Peru _ 2018
DENV3 NS1,Peru,2018,18-39,29.5,exact,195,295,0.6610169491525424,0.6038924976690889,0.714868907644888,0.9268382575947908,0.02275013194817921,0.9931142867050544,Flavi,0.9772498680518208,0.9268382575947908,0.7059785424655026,Peru _ 2018
DENV3 NS1,Peru,2018,40-59,49,exact,104,142,0.7323943661971831,0.6516759790351346,0.8031530743465193,0.9268382575947908,0.02275013194817921,0.9931142867050544,Flavi,0.9772498680518208,0.9268382575947908,0.7849281658704015,Peru _ 2018
DENV3 NS1,Peru,2018,>59,65,exact,90,108,0.8333333333333334,0.749444411083799,0.8981268222374051,0.9268382575947908,0.02275013194817921,0.9931142867050544,Flavi,0.9772498680518208,0.9268382575947908,0.8965754315215877,Peru _ 2018
DENV3 NS1,Senegal,2016,<5,3,exact,2,78,0.02564102564102564,0.0031204724829340114,0.08957332714632771,0.9268382575947908,0.02275013194817921,0.9931142867050544,Flavi,0.9772498680518208,0.9268382575947908,0.0031975795399136124,Senegal _ 2016
DENV3 NS1,Senegal,2016,5-9,8,exact,106,119,0.8907563025210085,0.8204361285143028,0.9405349402809752,0.9268382575947908,0.02275013194817921,0.9931142867050544,Flavi,0.9772498680518208,0.9268382575947908,0.9600902234525244,Senegal _ 2016
DENV3 NS1,Senegal,2016,10-17,13,exact,146,146,1,0.9750502238880522,1,0.9268382575947908,0.02275013194817921,0.9931142867050544,Flavi,0.9772498680518208,0.9268382575947908,1,Senegal _ 2016
DENV3 NS1,Senegal,2016,18-39,29.5,exact,204,205,0.9951219512195122,0.9731223762233312,0.9998765061236342,0.9268382575947908,0.02275013194817921,0.9931142867050544,Flavi,0.9772498680518208,0.9268382575947908,1,Senegal _ 2016
DENV3 NS1,Senegal,2016,40-59,49,exact,113,113,1,0.9678821442542607,1,0.9268382575947908,0.02275013194817921,0.9931142867050544,Flavi,0.9772498680518208,0.9268382575947908,1,Senegal _ 2016
DENV3 NS1,Senegal,2016,>59,65,exact,35,35,1,0.8999675644278949,1,0.9268382575947908,0.02275013194817921,0.9931142867050544,Flavi,0.9772498680518208,0.9268382575947908,1,Senegal _ 2016
DENV3 NS1,Senegal,2018,5-9,8,exact,83,94,0.8829787234042553,0.8002568082033943,0.9401129040120587,0.9268382575947908,0.02275013194817921,0.9931142867050544,Flavi,0.9772498680518208,0.9268382575947908,0.9514875453549766,Senegal _ 2018
DENV3 NS1,Senegal,2018,10-17,13,exact,120,134,0.8955223880597015,0.8309194372498119,0.9416927688549379,0.9268382575947908,0.02275013194817921,0.9931142867050544,Flavi,0.9772498680518208,0.9268382575947908,0.9653619280612806,Senegal _ 2018
DENV3 NS1,Senegal,2018,18-39,29.5,exact,152,154,0.987012987012987,0.9538755490443982,0.9984233246043949,0.9268382575947908,0.02275013194817921,0.9931142867050544,Flavi,0.9772498680518208,0.9268382575947908,1,Senegal _ 2018
DENV3 NS1,Senegal,2018,40-59,49,exact,101,101,1,0.9641353796099963,1,0.9268382575947908,0.02275013194817921,0.9931142867050544,Flavi,0.9772498680518208,0.9268382575947908,1,Senegal _ 2018
DENV3 NS1,Senegal,2018,>59,65,exact,40,40,1,0.9119026971211976,1,0.9268382575947908,0.02275013194817921,0.9931142867050544,Flavi,0.9772498680518208,0.9268382575947908,1,Senegal _ 2018
DENV3 NS1,French Guiana,2015,18-39,29.5,exact,192,250,0.768,0.7106596858330394,0.8188654036207138,0.9268382575947908,0.02275013194817921,0.9931142867050544,Flavi,0.9772498680518208,0.9268382575947908,0.824311089716848,French Guiana _ 2015
DENV3 NS1,French Guiana,2015,40-59,49,exact,122,158,0.7721518987341772,0.6987827897118852,0.835027371686599,0.9268382575947908,0.02275013194817921,0.9931142867050544,Flavi,0.9772498680518208,0.9268382575947908,0.8289034503688669,French Guiana _ 2015
DENV3 NS1,French Guiana,2015,>59,65,exact,1,1,1,0.025000000000000022,1,0.9268382575947908,0.02275013194817921,0.9931142867050544,Flavi,0.9772498680518208,0.9268382575947908,1,French Guiana _ 2015
DENV3 NS1,French Guiana,2019,18-39,29.5,exact,177,201,0.8805970149253731,0.8275632928753086,0.9219778580851531,0.9268382575947908,0.02275013194817921,0.9931142867050544,Flavi,0.9772498680518208,0.9268382575947908,0.9488531688917543,French Guiana _ 2019
DENV3 NS1,French Guiana,2019,40-59,49,exact,144,163,0.8834355828220859,0.8239664256402405,0.9283422780469245,0.9268382575947908,0.02275013194817921,0.9931142867050544,Flavi,0.9772498680518208,0.9268382575947908,0.9519928715558975,French Guiana _ 2019
DENV3 NS1,French Guiana,2019,>59,65,exact,12,14,0.8571428571428571,0.5718708390903011,0.9822054845168084,0.9268382575947908,0.02275013194817921,0.9931142867050544,Flavi,0.9772498680518208,0.9268382575947908,0.9229108330539272,French Guiana _ 2019
DENV3 NS1,New Caledonia,2020,18-39,29.5,exact,157,256,0.61328125,0.5506392193329271,0.6732677934882396,0.9268382575947908,0.02275013194817921,0.9931142867050544,Flavi,0.9772498680518208,0.9268382575947908,0.6531787126719176,New Caledonia _ 2020
DENV3 NS1,New Caledonia,2020,40-59,49,exact,221,304,0.7269736842105263,0.6731923688630644,0.7762699373528398,0.9268382575947908,0.02275013194817921,0.9931142867050544,Flavi,0.9772498680518208,0.9268382575947908,0.7789324207290971,New Caledonia _ 2020
DENV3 NS1,New Caledonia,2020,>59,65,exact,37,40,0.925,0.796135251267101,0.9842578201489585,0.9268382575947908,0.02275013194817921,0.9931142867050544,Flavi,0.9772498680518208,0.9268382575947908,0.9979667274210953,New Caledonia _ 2020
DENV4 NS1,Peru,2018,<5,3,exact,7,56,0.125,0.05176450487920037,0.24073257965206896,0.876097401545441,0.02275013194817921,0.986115086864724,Flavi,0.9772498680518208,0.876097401545441,0.11982210724137855,Peru _ 2018
DENV4 NS1,Peru,2018,5-9,8,exact,13,126,0.10317460317460317,0.056090419103411726,0.16996859640637108,0.876097401545441,0.02275013194817921,0.986115086864724,Flavi,0.9772498680518208,0.876097401545441,0.09424588803615713,Peru _ 2018
DENV4 NS1,Peru,2018,10-17,13,exact,32,153,0.20915032679738563,0.1476742259863516,0.2822351480223948,0.876097401545441,0.02275013194817921,0.986115086864724,Flavi,0.9772498680518208,0.876097401545441,0.21843416096846272,Peru _ 2018
DENV4 NS1,Peru,2018,18-39,29.5,exact,192,295,0.6508474576271186,0.5934491368849696,0.7051807914251883,0.876097401545441,0.02275013194817921,0.986115086864724,Flavi,0.9772498680518208,0.876097401545441,0.7360395328567355,Peru _ 2018
DENV4 NS1,Peru,2018,40-59,49,exact,99,142,0.6971830985915493,0.6145212550848689,0.7714116100902152,0.876097401545441,0.02275013194817921,0.986115086864724,Flavi,0.9772498680518208,0.876097401545441,0.7903382253296123,Peru _ 2018
DENV4 NS1,Peru,2018,>59,65,exact,81,108,0.75,0.6574880602647021,0.8283355968425128,0.876097401545441,0.02275013194817921,0.986115086864724,Flavi,0.9772498680518208,0.876097401545441,0.852232020845449,Peru _ 2018
DENV4 NS1,Senegal,2016,<5,3,exact,1,78,0.01282051282051282,3.2453460909720455e-4,0.06937274078560496,0.876097401545441,0.02275013194817921,0.986115086864724,Flavi,0.9772498680518208,0.876097401545441,0,Senegal _ 2016
DENV4 NS1,Senegal,2016,5-9,8,exact,106,119,0.8907563025210085,0.8204361285143028,0.9405349402809752,0.876097401545441,0.02275013194817921,0.986115086864724,Flavi,0.9772498680518208,0.876097401545441,1,Senegal _ 2016
DENV4 NS1,Senegal,2016,10-17,13,exact,146,146,1,0.9750502238880522,1,0.876097401545441,0.02275013194817921,0.986115086864724,Flavi,0.9772498680518208,0.876097401545441,1,Senegal _ 2016
DENV4 NS1,Senegal,2016,18-39,29.5,exact,204,205,0.9951219512195122,0.9731223762233312,0.9998765061236342,0.876097401545441,0.02275013194817921,0.986115086864724,Flavi,0.9772498680518208,0.876097401545441,1,Senegal _ 2016
DENV4 NS1,Senegal,2016,40-59,49,exact,113,113,1,0.9678821442542607,1,0.876097401545441,0.02275013194817921,0.986115086864724,Flavi,0.9772498680518208,0.876097401545441,1,Senegal _ 2016
DENV4 NS1,Senegal,2016,>59,65,exact,35,35,1,0.8999675644278949,1,0.876097401545441,0.02275013194817921,0.986115086864724,Flavi,0.9772498680518208,0.876097401545441,1,Senegal _ 2016
DENV4 NS1,Senegal,2018,5-9,8,exact,78,94,0.8297872340425532,0.7383526575869891,0.8994616707487625,0.876097401545441,0.02275013194817921,0.986115086864724,Flavi,0.9772498680518208,0.876097401545441,0.9457311587523519,Senegal _ 2018
DENV4 NS1,Senegal,2018,10-17,13,exact,114,134,0.8507462686567164,0.7789430652319228,0.9063845046360074,0.876097401545441,0.02275013194817921,0.986115086864724,Flavi,0.9772498680518208,0.876097401545441,0.9702921263219261,Senegal _ 2018
DENV4 NS1,Senegal,2018,18-39,29.5,exact,149,154,0.9675324675324676,0.925860459184221,0.9893754248256854,0.876097401545441,0.02275013194817921,0.986115086864724,Flavi,0.9772498680518208,0.876097401545441,1,Senegal _ 2018
DENV4 NS1,Senegal,2018,40-59,49,exact,99,101,0.9801980198019802,0.9302949102050756,0.997592827090742,0.876097401545441,0.02275013194817921,0.986115086864724,Flavi,0.9772498680518208,0.876097401545441,1,Senegal _ 2018
DENV4 NS1,Senegal,2018,>59,65,exact,39,40,0.975,0.8684141415172343,0.9993672550679505,0.876097401545441,0.02275013194817921,0.986115086864724,Flavi,0.9772498680518208,0.876097401545441,1,Senegal _ 2018
DENV4 NS1,French Guiana,2015,18-39,29.5,exact,180,250,0.72,0.6599495136998608,0.7747498446904041,0.876097401545441,0.02275013194817921,0.986115086864724,Flavi,0.9772498680518208,0.876097401545441,0.817076344992454,French Guiana _ 2015
DENV4 NS1,French Guiana,2015,40-59,49,exact,113,158,0.7151898734177216,0.6380489894004091,0.784066434879981,0.876097401545441,0.02275013194817921,0.986115086864724,Flavi,0.9772498680518208,0.876097401545441,0.8114395699611721,French Guiana _ 2015
DENV4 NS1,French Guiana,2015,>59,65,exact,1,1,1,0.025000000000000022,1,0.876097401545441,0.02275013194817921,0.986115086864724,Flavi,0.9772498680518208,0.876097401545441,1,French Guiana _ 2015
DENV4 NS1,French Guiana,2019,18-39,29.5,exact,171,201,0.8507462686567164,0.7938368050540213,0.8969779482415527,0.876097401545441,0.02275013194817921,0.986115086864724,Flavi,0.9772498680518208,0.876097401545441,0.9702921263219261,French Guiana _ 2019
DENV4 NS1,French Guiana,2019,40-59,49,exact,135,163,0.8282208588957055,0.7613911088380301,0.8827148486537343,0.876097401545441,0.02275013194817921,0.986115086864724,Flavi,0.9772498680518208,0.876097401545441,0.943895592854793,French Guiana _ 2019
DENV4 NS1,French Guiana,2019,>59,65,exact,10,14,0.7142857142857143,0.41896474281633855,0.9161106816928725,0.876097401545441,0.02275013194817921,0.986115086864724,Flavi,0.9772498680518208,0.876097401545441,0.8103800257823595,French Guiana _ 2019
DENV4 NS1,New Caledonia,2020,18-39,29.5,exact,164,256,0.640625,0.578532442397209,0.6994191283617897,0.876097401545441,0.02275013194817921,0.986115086864724,Flavi,0.9772498680518208,0.876097401545441,0.7240602859647367,New Caledonia _ 2020
DENV4 NS1,New Caledonia,2020,40-59,49,exact,229,304,0.7532894736842105,0.7008511780045654,0.8007160244928504,0.876097401545441,0.02275013194817921,0.986115086864724,Flavi,0.9772498680518208,0.876097401545441,0.856086809864418,New Caledonia _ 2020
DENV4 NS1,New Caledonia,2020,>59,65,exact,36,40,0.9,0.7633626001239001,0.9720745847057807,0.876097401545441,0.02275013194817921,0.986115086864724,Flavi,0.9772498680518208,0.876097401545441,1,New Caledonia _ 2020
ZIKV VLP,Peru,2018,<5,3,exact,14,56,0.25,0.1439331121643963,0.38372019088070575,0.8658903639543339,0.02275013194817921,0.9889626091315872,Flavi,0.9772498680518208,0.8658903639543339,0.26952796157183234,Peru _ 2018
ZIKV VLP,Peru,2018,5-9,8,exact,24,126,0.19047619047619047,0.12601998186649266,0.27002575770475457,0.8658903639543339,0.02275013194817921,0.9889626091315872,Flavi,0.9772498680518208,0.8658903639543339,0.19893020420686913,Peru _ 2018
ZIKV VLP,Peru,2018,10-17,13,exact,60,153,0.39215686274509803,0.3143121732535631,0.4742636340725709,0.8658903639543339,0.02275013194817921,0.9889626091315872,Flavi,0.9772498680518208,0.8658903639543339,0.43813201739639235,Peru _ 2018
ZIKV VLP,Peru,2018,18-39,29.5,exact,203,295,0.688135593220339,0.6318774668489573,0.7405668763604267,0.8658903639543339,0.02275013194817921,0.9889626091315872,Flavi,0.9772498680518208,0.8658903639543339,0.7891753186643127,Peru _ 2018
ZIKV VLP,Peru,2018,40-59,49,exact,114,142,0.8028169014084507,0.7277811953652289,0.86479334135763275,0.8658903639543339,0.02275013194817921,0.9889626091315872,Flavi,0.9772498680518208,0.8658903639543339,0.9251922039162963,Peru _ 2018
ZIKV VLP,Peru,2018,>59,65,exact,97,108,0.8981481481481481,0.8250640135083366,0.9480491719565877,0.8658903639543339,0.02275013194817921,0.9889626091315872,Flavi,0.9772498680518208,0.8658903639543339,1,Peru _ 2018
ZIKV VLP,Senegal,2016,<5,3,exact,1,78,0.01282051282051282,3.2453460909720455e-4,0.06937274078560496,0.8658903639543339,0.02275013194817921,0.9889626091315872,Flavi,0.9772498680518208,0.8658903639543339,0,Senegal _ 2016
ZIKV VLP,Senegal,2016,5-9,8,exact,100,119,0.8403361344537815,0.7619469094956861,0.901048214714197,0.8658903639543339,0.02275013194817921,0.9889626091315872,Flavi,0.9772498680518208,0.8658903639543339,0.9696916022619997,Senegal _ 2016
ZIKV VLP,Senegal,2016,10-17,13,exact,138,146,0.9452054794520548,0.8948889156523929,0.9760497154794583,0.8658903639543339,0.02275013194817921,0.9889626091315872,Flavi,0.9772498680518208,0.8658903639543339,1,Senegal _ 2016
ZIKV VLP,Senegal,2016,18-39,29.5,exact,201,205,0.9804878048780488,0.9507971983797641,0.9946586139531599,0.8658903639543339,0.02275013194817921,0.9889626091315872,Flavi,0.9772498680518208,0.8658903639543339,1,Senegal _ 2016
ZIKV VLP,Senegal,2016,40-59,49,exact,111,113,0.9823008849557522,0.9375258478548559,0.9978493216840143,0.8658903639543339,0.02275013194817921,0.9889626091315872,Flavi,0.9772498680518208,0.8658903639543339,1,Senegal _ 2016
ZIKV VLP,Senegal,2016,>59,65,exact,34,35,0.9714285714285714,0.8508279203435684,0.999276895623662,0.8658903639543339,0.02275013194817921,0.9889626091315872,Flavi,0.9772498680518208,0.8658903639543339,1,Senegal _ 2016
ZIKV VLP,Senegal,2018,5-9,8,exact,44,94,0.46808510638297873,0.3643738977094372,0.5738621487301516,0.8658903639543339,0.02275013194817921,0.9889626091315872,Flavi,0.9772498680518208,0.8658903639543339,0.5281861279175071,Senegal _ 2018
ZIKV VLP,Senegal,2018,10-17,13,exact,76,134,0.5671641791044776,0.4788508541426505,0.6524428168389165,0.8658903639543339,0.02275013194817921,0.9889626091315872,Flavi,0.9772498680518208,0.8658903639543339,0.6456981015612647,Senegal _ 2018
ZIKV VLP,Senegal,2018,18-39,29.5,exact,138,154,0.8961038961038961,0.836765754853105,0.9394380347868699,0.8658903639543339,0.02275013194817921,0.9889626091315872,Flavi,0.9772498680518208,0.8658903639543339,1,Senegal _ 2018
ZIKV VLP,Senegal,2018,40-59,49,exact,96,101,0.9504950495049505,0.8882449413653339,0.9837327848893618,0.8658903639543339,0.02275013194817921,0.9889626091315872,Flavi,0.9772498680518208,0.8658903639543339,1,Senegal _ 2018
ZIKV VLP,Senegal,2018,>59,65,exact,39,40,0.975,0.8684141415172343,0.9993672550679505,0.8658903639543339,0.02275013194817921,0.9889626091315872,Flavi,0.9772498680518208,0.8658903639543339,1,Senegal _ 2018
ZIKV VLP,French Guiana,2015,18-39,29.5,exact,194,250,0.776,0.719197018724719,0.8261309982265509,0.8658903639543339,0.02275013194817921,0.9889626091315872,Flavi,0.9772498680518208,0.8658903639543339,0.8933862238545419,French Guiana _ 2015
ZIKV VLP,French Guiana,2015,40-59,49,exact,130,158,0.8227848101265823,0.7541619312514533,0.8788933611904262,0.8658903639543339,0.02275013194817921,0.9889626091315872,Flavi,0.9772498680518208,0.8658903639543339,0.9488749887724052,French Guiana _ 2015
ZIKV VLP,French Guiana,2015,>59,65,exact,1,1,1,0.025000000000000022,1,0.8658903639543339,0.02275013194817921,0.9889626091315872,Flavi,0.9772498680518208,0.8658903639543339,1,French Guiana _ 2015
ZIKV VLP,French Guiana,2019,18-39,29.5,exact,176,201,0.8756218905472637,0.8218888649339828,0.9178669859843305,0.8658903639543339,0.02275013194817921,0.9889626091315872,Flavi,0.9772498680518208,0.8658903639543339,1,French Guiana _ 2019
ZIKV VLP,French Guiana,2019,40-59,49,exact,146,163,0.8957055214723927,0.8382703210394933,0.9380606421952524,0.8658903639543339,0.02275013194817921,0.9889626091315872,Flavi,0.9772498680518208,0.8658903639543339,1,French Guiana _ 2019
ZIKV VLP,French Guiana,2019,>59,65,exact,12,14,0.8571428571428571,0.5718708390903011,0.9822054845168084,0.8658903639543339,0.02275013194817921,0.9889626091315872,Flavi,0.9772498680518208,0.8658903639543339,0.9896250866944599,French Guiana _ 2019
ZIKV VLP,New Caledonia,2020,18-39,29.5,exact,172,256,0.671875,0.6106616503587854,0.7290533761187841,0.8658903639543339,0.02275013194817921,0.9889626091315872,Flavi,0.9772498680518208,0.8658903639543339,0.769889566896011,New Caledonia _ 2020
ZIKV VLP,New Caledonia,2020,40-59,49,exact,230,304,0.756578947368421,0.7043248396510008,0.8037552742801903,0.8658903639543339,0.02275013194817921,0.9889626091315872,Flavi,0.9772498680518208,0.8658903639543339,0.8703520334620743,New Caledonia _ 2020
ZIKV VLP,New Caledonia,2020,>59,65,exact,37,40,0.925,0.796135251267101,0.9842578201489585,0.8658903639543339,0.02275013194817921,0.9889626091315872,Flavi,0.9772498680518208,0.8658903639543339,1,New Caledonia _ 2020
ZIKVU NS1,Peru,2018,<5,3,exact,12,56,0.21428571428571427,0.11592219911993074,0.34439541108633365,0.8547274269467602,0.02275013194817921,0.9805754170586318,Flavi,0.9772498680518208,0.8547274269467602,0.23021731901693515,Peru _ 2018
ZIKVU NS1,Peru,2018,5-9,8,exact,21,126,0.16666666666666666,0.10623026380705947,0.24341399727048374,0.8547274269467602,0.02275013194817921,0.9805754170586318,Flavi,0.9772498680518208,0.8547274269467602,0.17298132483138604,Peru _ 2018
ZIKVU NS1,Peru,2018,10-17,13,exact,50,153,0.32679738562091504,0.2532412772955971,0.4072125997654892,0.8547274269467602,0.02275013194817921,0.9805754170586318,Flavi,0.9772498680518208,0.8547274269467602,0.36545138371024233,Peru _ 2018
ZIKVU NS1,Peru,2018,18-39,29.5,exact,166,295,0.5627118644067797,0.5040208004327742,0.620130613350888,0.8547274269467602,0.02275013194817921,0.9805754170586318,Flavi,0.9772498680518208,0.8547274269467602,0.6490101781678085,Peru _ 2018
ZIKVU NS1,Peru,2018,40-59,49,exact,94,142,0.6619718309859155,0.5778782565860875,0.7391488179205393,0.8547274269467602,0.02275013194817921,0.9805754170586318,Flavi,0.9772498680518208,0.8547274269467602,0.7683162784374139,Peru _ 2018
ZIKVU NS1,Peru,2018,>59,65,exact,88,108,0.8148148148148148,0.7285891474997314,0.8830588116502278,0.8547274269467602,0.02275013194817921,0.9805754170586318,Flavi,0.9772498680518208,0.8547274269467602,0.9520268012458039,Peru _ 2018
ZIKVU NS1,Senegal,2016,<5,3,exact,1,78,0.01282051282051282,3.2453460909720455e-4,0.06937274078560496,0.8547274269467602,0.02275013194817921,0.9805754170586318,Flavi,0.9772498680518208,0.8547274269467602,0,Senegal _ 2016
ZIKVU NS1,Senegal,2016,5-9,8,exact,107,119,0.8991596638655462,0.830476804609474,0.9467994455733677,0.8547274269467602,0.02275013194817921,0.9805754170586318,Flavi,0.9772498680518208,0.8547274269467602,1,Senegal _ 2016
ZIKVU NS1,Senegal,2016,10-17,13,exact,146,146,1,0.9750502238880522,1,0.8547274269467602,0.02275013194817921,0.9805754170586318,Flavi,0.9772498680518208,0.8547274269467602,1,Senegal _ 2016
ZIKVU NS1,Senegal,2016,18-39,29.5,exact,204,205,0.9951219512195122,0.9731223762233312,0.9998765061236342,0.8547274269467602,0.02275013194817921,0.9805754170586318,Flavi,0.9772498680518208,0.8547274269467602,1,Senegal _ 2016
ZIKVU NS1,Senegal,2016,40-59,49,exact,113,113,1,0.9678821442542607,1,0.8547274269467602,0.02275013194817921,0.9805754170586318,Flavi,0.9772498680518208,0.8547274269467602,1,Senegal _ 2016
ZIKVU NS1,Senegal,2016,>59,65,exact,35,35,1,0.8999675644278949,1,0.8547274269467602,0.02275013194817921,0.9805754170586318,Flavi,0.9772498680518208,0.8547274269467602,1,Senegal _ 2016
ZIKVU NS1,Senegal,2018,5-9,8,exact,88,94,0.9361702127659575,0.8662324095257107,0.9762174397249506,0.8547274269467602,0.02275013194817921,0.9805754170586318,Flavi,0.9772498680518208,0.8547274269467602,1,Senegal _ 2018
ZIKVU NS1,Senegal,2018,10-17,13,exact,125,134,0.9328358208955224,0.8763305484951431,0.9688305683336832,0.8547274269467602,0.02275013194817921,0.9805754170586318,Flavi,0.9772498680518208,0.8547274269467602,1,Senegal _ 2018
ZIKVU NS1,Senegal,2018,18-39,29.5,exact,152,154,0.987012987012987,0.9538755490443982,0.9984233246043949,0.8547274269467602,0.02275013194817921,0.9805754170586318,Flavi,0.9772498680518208,0.8547274269467602,1,Senegal _ 2018
ZIKVU NS1,Senegal,2018,40-59,49,exact,99,101,0.9801980198019802,0.9302949102050756,0.997592827090742,0.8547274269467602,0.02275013194817921,0.9805754170586318,Flavi,0.9772498680518208,0.8547274269467602,1,Senegal _ 2018
ZIKVU NS1,Senegal,2018,>59,65,exact,40,40,1,0.9119026971211976,1,0.8547274269467602,0.02275013194817921,0.9805754170586318,Flavi,0.9772498680518208,0.8547274269467602,1,Senegal _ 2018
ZIKVU NS1,French Guiana,2015,18-39,29.5,exact,143,250,0.572,0.5081182597579327,0.634153951396037,0.8547274269467602,0.02275013194817921,0.9805754170586318,Flavi,0.9772498680518208,0.8547274269467602,0.6601741073387797,French Guiana _ 2015
ZIKVU NS1,French Guiana,2015,40-59,49,exact,97,158,0.6139240506329114,0.5332870559062957,0.6902026786216572,0.8547274269467602,0.02275013194817921,0.9805754170586318,Flavi,0.9772498680518208,0.8547274269467602,0.7105649664222394,French Guiana _ 2015
ZIKVU NS1,French Guiana,2015,>59,65,exact,1,1,1,0.025000000000000022,1,0.8547274269467602,0.02275013194817921,0.9805754170586318,Flavi,0.9772498680518208,0.8547274269467602,1,French Guiana _ 2015
ZIKVU NS1,French Guiana,2019,18-39,29.5,exact,145,201,0.7213930348258707,0.6539580455712197,0.7821693854095477,0.8547274269467602,0.02275013194817921,0.9805754170586318,Flavi,0.9772498680518208,0.8547274269467602,0.839737943664536,French Guiana _ 2019
ZIKVU NS1,French Guiana,2019,40-59,49,exact,132,163,0.8098159509202454,0.7410453821854541,0.8669699403480094,0.8547274269467602,0.02275013194817921,0.9805754170586318,Flavi,0.9772498680518208,0.8547274269467602,0.9460183874049216,French Guiana _ 2019
ZIKVU NS1,French Guiana,2019,>59,65,exact,11,14,0.7857142857142857,0.4920243229515282,0.9534207121101327,0.8547274269467602,0.02275013194817921,0.9805754170586318,Flavi,0.9772498680518208,0.8547274269467602,0.9170492492435239,French Guiana _ 2019
ZIKVU NS1,New Caledonia,2020,18-39,29.5,exact,149,256,0.58203125,0.5190007291080961,0.6431397982276781,0.8547274269467602,0.02275013194817921,0.9805754170586318,Flavi,0.9772498680518208,0.8547274269467602,0.6722312272389291,New Caledonia _ 2020
ZIKVU NS1,New Caledonia,2020,40-59,49,exact,201,304,0.6611842105263158,0.6049592593015568,0.7142315947906992,0.8547274269467602,0.02275013194817921,0.9805754170586318,Flavi,0.9772498680518208,0.8547274269467602,0.7673695933964466,New Caledonia _ 2020
ZIKVU NS1,New Caledonia,2020,>59,65,exact,31,40,0.775,0.6154883226965775,0.891603361015928,0.8547274269467602,0.02275013194817921,0.9805754170586318,Flavi,0.9772498680518208,0.8547274269467602,0.9041711505517754,New Caledonia _ 2020
ZIKVSU NS1,Peru,2018,<5,3,exact,17,56,0.30357142857142855,0.187798729881535,0.4409673736807175,0.8557021151882471,0.02275013194817921,0.9811023426425,Flavi,0.9772498680518208,0.8557021151882471,0.33713983791825947,Peru _ 2018
ZIKVSU NS1,Peru,2018,5-9,8,exact,32,126,0.25396825396825395,0.18065012791115653,0.3392068455981928,0.8557021151882471,0.02275013194817921,0.9811023426425,Flavi,0.9772498680518208,0.8557021151882471,0.2775887766311188,Peru _ 2018
ZIKVSU NS1,Peru,2018,10-17,13,exact,74,153,0.48366013071895425,0.40221419838473227,0.5657510911481257,0.8557021151882471,0.02275013194817921,0.9811023426425,Flavi,0.9772498680518208,0.8557021151882471,0.5533452204266311,Peru _ 2018
ZIKVSU NS1,Peru,2018,18-39,29.5,exact,211,295,0.7152542372881356,0.6600708873141176,0.7660545979049852,0.8557021151882471,0.02275013194817921,0.9811023426425,Flavi,0.9772498680518208,0.8557021151882471,0.8313853850809158,Peru _ 2018
ZIKVSU NS1,Peru,2018,40-59,49,exact,124,142,0.8732394366197183,0.8070789134851707,0.9231125565268303,0.8557021151882471,0.02275013194817921,0.9811023426425,Flavi,0.9772498680518208,0.8557021151882471,1,Peru _ 2018
ZIKVSU NS1,Peru,2018,>59,65,exact,104,108,0.9629629629629629,0.9078809272401651,0.9898180262727522,0.8557021151882471,0.02275013194817921,0.9811023426425,Flavi,0.9772498680518208,0.8557021151882471,1,Peru _ 2018
ZIKVSU NS1,Senegal,2016,<5,3,exact,2,78,0.02564102564102564,0.0031204724829340114,0.08957332714632771,0.8557021151882471,0.02275013194817921,0.9811023426425,Flavi,0.9772498680518208,0.8557021151882471,0.0034706606755425156,Senegal _ 2016
ZIKVSU NS1,Senegal,2016,5-9,8,exact,108,119,0.907563025210084,0.8406229493220502,0.9529478347006999,0.8557021151882471,0.02275013194817921,0.9811023426425,Flavi,0.9772498680518208,0.8557021151882471,1,Senegal _ 2016
ZIKVSU NS1,Senegal,2016,10-17,13,exact,146,146,1,0.9750502238880522,1,0.8557021151882471,0.02275013194817921,0.9811023426425,Flavi,0.9772498680518208,0.8557021151882471,1,Senegal _ 2016
ZIKVSU NS1,Senegal,2016,18-39,29.5,exact,204,205,0.9951219512195122,0.9731223762233312,0.9998765061236342,0.8557021151882471,0.02275013194817921,0.9811023426425,Flavi,0.9772498680518208,0.8557021151882471,1,Senegal _ 2016
ZIKVSU NS1,Senegal,2016,40-59,49,exact,113,113,1,0.9678821442542607,1,0.8557021151882471,0.02275013194817921,0.9811023426425,Flavi,0.9772498680518208,0.8557021151882471,1,Senegal _ 2016
ZIKVSU NS1,Senegal,2016,>59,65,exact,35,35,1,0.8999675644278949,1,0.8557021151882471,0.02275013194817921,0.9811023426425,Flavi,0.9772498680518208,0.8557021151882471,1,Senegal _ 2016
ZIKVSU NS1,Senegal,2018,5-9,8,exact,93,94,0.9893617021276596,0.9421486602673296,0.9997306978855144,0.8557021151882471,0.02275013194817921,0.9811023426425,Flavi,0.9772498680518208,0.8557021151882471,1,Senegal _ 2018
ZIKVSU NS1,Senegal,2018,10-17,13,exact,133,134,0.9925373134328358,0.959122962463657,0.999811078982269,0.8557021151882471,0.02275013194817921,0.9811023426425,Flavi,0.9772498680518208,0.8557021151882471,1,Senegal _ 2018
ZIKVSU NS1,Senegal,2018,18-39,29.5,exact,154,154,1,0.9763308516274573,1,0.8557021151882471,0.02275013194817921,0.9811023426425,Flavi,0.9772498680518208,0.8557021151882471,1,Senegal _ 2018
ZIKVSU NS1,Senegal,2018,40-59,49,exact,101,101,1,0.9641353796099963,1,0.8557021151882471,0.02275013194817921,0.9811023426425,Flavi,0.9772498680518208,0.8557021151882471,1,Senegal _ 2018
ZIKVSU NS1,Senegal,2018,>59,65,exact,40,40,1,0.9119026971211976,1,0.8557021151882471,0.02275013194817921,0.9811023426425,Flavi,0.9772498680518208,0.8557021151882471,1,Senegal _ 2018
ZIKVSU NS1,French Guiana,2015,18-39,29.5,exact,187,250,0.748,0.6894273847539526,0.8005885190878379,0.8557021151882471,0.02275013194817921,0.9811023426425,Flavi,0.9772498680518208,0.8557021151882471,0.8706982907114277,French Guiana _ 2015
ZIKVSU NS1,French Guiana,2015,40-59,49,exact,122,158,0.7721518987341772,0.6987827897118852,0.835027371686599,0.8557021151882471,0.02275013194817921,0.9811023426425,Flavi,0.9772498680518208,0.8557021151882471,0.8996938381380988,French Guiana _ 2015
ZIKVSU NS1,French Guiana,2015,>59,65,exact,1,1,1,0.025000000000000022,1,0.8557021151882471,0.02275013194817921,0.9811023426425,Flavi,0.9772498680518208,0.8557021151882471,1,French Guiana _ 2015
ZIKVSU NS1,French Guiana,2019,18-39,29.5,exact,175,201,0.8706467661691543,0.8162371179219527,0.9137323398808697,0.8557021151882471,0.02275013194817921,0.9811023426425,Flavi,0.9772498680518208,0.8557021151882471,1,French Guiana _ 2019
ZIKVSU NS1,French Guiana,2019,40-59,49,exact,144,163,0.8834355828220859,0.8239664256402405,0.9283422780469245,0.8557021151882471,0.02275013194817921,0.9811023426425,Flavi,0.9772498680518208,0.8557021151882471,1,French Guiana _ 2019
ZIKVSU NS1,French Guiana,2019,>59,65,exact,12,14,0.8571428571428571,0.5718708390903011,0.9822054845168084,0.8557021151882471,0.02275013194817921,0.9811023426425,Flavi,0.9772498680518208,0.8557021151882471,1,French Guiana _ 2019
ZIKVSU NS1,New Caledonia,2020,18-39,29.5,exact,215,256,0.83984375,0.7890667112492868,0.882551335385625,0.8557021151882471,0.02275013194817921,0.9811023426425,Flavi,0.9772498680518208,0.8557021151882471,0.9809612492588584,New Caledonia _ 2020
ZIKVSU NS1,New Caledonia,2020,40-59,49,exact,260,304,0.8552631578947368,0.810608320669782,0.8928238378943459,0.8557021151882471,0.02275013194817921,0.9811023426425,Flavi,0.9772498680518208,0.8557021151882471,0.9994730100866045,New Caledonia _ 2020
ZIKVSU NS1,New Caledonia,2020,>59,65,exact,39,40,0.975,0.8684141415172343,0.9993672550679505,0.8557021151882471,0.02275013194817921,0.9811023426425,Flavi,0.9772498680518208,0.8557021151882471,1,New Caledonia _ 2020
YFV E,Peru,2018,<5,3,exact,15,56,0.26785714285714285,0.15832524844203688,0.4030202841005812,0.8266911482384143,0.02275005433071797,0.9731837070164766,Flavi,0.977249945669282,0.8266911482384143,0.30488190040770147,Peru _ 2018
YFV E,Peru,2018,5-9,8,exact,29,126,0.23015873015873015,0.15988171678336682,0.3135363735354978,0.8266911482384143,0.02275005433071797,0.9731837070164766,Flavi,0.977249945669282,0.8266911482384143,0.2579898917965073,Peru _ 2018
YFV E,Peru,2018,10-17,13,exact,66,153,0.43137254901960786,0.3516552554440193,0.5138001536846941,0.8266911482384143,0.02275005433071797,0.9731837070164766,Flavi,0.977249945669282,0.8266911482384143,0.5082741730525414,Peru _ 2018
YFV E,Peru,2018,18-39,29.5,exact,234,295,0.7932203389830509,0.7424638657488142,0.8379790735300156,0.8266911482384143,0.02275005433071797,0.9731837070164766,Flavi,0.977249945669282,0.8266911482384143,0.9583665899044012,Peru _ 2018
YFV E,Peru,2018,40-59,49,exact,124,142,0.8732394366197183,0.8070789134851707,0.9231125565268303,0.8266911482384143,0.02275005433071797,0.9731837070164766,Flavi,0.977249945669282,0.8266911482384143,1,Peru _ 2018
YFV E,Peru,2018,>59,65,exact,99,108,0.9166666666666666,0.8476960712281786,0.9611852470300501,0.8266911482384143,0.02275005433071797,0.9731837070164766,Flavi,0.977249945669282,0.8266911482384143,1,Peru _ 2018
YFV E,Senegal,2016,<5,3,exact,1,78,0.01282051282051282,3.2453460909720455e-4,0.06937274078560496,0.8266911482384143,0.02275005433071797,0.9731837070164766,Flavi,0.977249945669282,0.8266911482384143,0,Senegal _ 2016
YFV E,Senegal,2016,5-9,8,exact,18,119,0.15126050420168066,0.09217999796713272,0.22848299790348892,0.8266911482384143,0.02275005433071797,0.9731837070164766,Flavi,0.977249945669282,0.8266911482384143,0.15985057965667,Senegal _ 2016
YFV E,Senegal,2016,10-17,13,exact,26,146,0.1780821917808219,0.11975068733535787,0.24994131383433416,0.8266911482384143,0.02275005433071797,0.9731837070164766,Flavi,0.977249945669282,0.8266911482384143,0.19321333195580906,Senegal _ 2016
YFV E,Senegal,2016,18-39,29.5,exact,107,205,0.5219512195121951,0.45124724219849943,0.5920112333634011,0.8266911482384143,0.02275005433071797,0.9731837070164766,Flavi,0.977249945669282,0.8266911482384143,0.6209424657657722,Senegal _ 2016
YFV E,Senegal,2016,40-59,49,exact,92,113,0.8141592920353983,0.7300616359742541,0.8811249035913589,0.8266911482384143,0.02275005433071797,0.9731837070164766,Flavi,0.977249945669282,0.8266911482384143,0.9844119720984745,Senegal _ 2016
YFV E,Senegal,2016,>59,65,exact,32,35,0.9142857142857143,0.7694249813411228,0.9819623601857825,0.8266911482384143,0.02275005433071797,0.9731837070164766,Flavi,0.977249945669282,0.8266911482384143,1,Senegal _ 2016
YFV E,Senegal,2018,5-9,8,exact,10,94,0.10638297872340426,0.052207269357661956,0.18695141171016016,0.8266911482384143,0.02275005433071797,0.9731837070164766,Flavi,0.977249945669282,0.8266911482384143,0.1040286720338848,Senegal _ 2018
YFV E,Senegal,2018,10-17,13,exact,28,134,0.208955223880597,0.14356637178880183,0.28764292328038876,0.8266911482384143,0.02275005433071797,0.9731837070164766,Flavi,0.977249945669282,0.8266911482384143,0.23161543919193903,Senegal _ 2018
YFV E,Senegal,2018,18-39,29.5,exact,93,154,0.6038961038961039,0.5220144545331563,0.6816990915912953,0.8266911482384143,0.02275005433071797,0.9731837070164766,Flavi,0.977249945669282,0.8266911482384143,0.7228714317122713,Senegal _ 2018
YFV E,Senegal,2018,40-59,49,exact,85,101,0.8415841584158416,0.7555270645222344,0.9066533805315818,0.8266911482384143,0.02275005433071797,0.9731837070164766,Flavi,0.977249945669282,0.8266911482384143,1,Senegal _ 2018
YFV E,Senegal,2018,>59,65,exact,36,40,0.9,0.7633626001239001,0.9720745847057807,0.8266911482384143,0.02275005433071797,0.9731837070164766,Flavi,0.977249945669282,0.8266911482384143,1,Senegal _ 2018
YFV E,French Guiana,2015,18-39,29.5,exact,205,250,0.82,0.7666615106870395,0.8655724762673123,0.8266911482384143,0.02275005433071797,0.9731837070164766,Flavi,0.977249945669282,0.8266911482384143,0.9916770665299731,French Guiana _ 2015
YFV E,French Guiana,2015,40-59,49,exact,131,158,0.8291139240506329,0.7611953788925258,0.8842615777643649,0.8266911482384143,0.02275005433071797,0.9731837070164766,Flavi,0.977249945669282,0.8266911482384143,1,French Guiana _ 2015
YFV E,French Guiana,2015,>59,65,exact,1,1,1,0.025000000000000022,1,0.8266911482384143,0.02275005433071797,0.9731837070164766,Flavi,0.977249945669282,0.8266911482384143,1,French Guiana _ 2015
YFV E,French Guiana,2019,18-39,29.5,exact,182,201,0.9054726368159204,0.8563218511121267,0.942124793003335,0.8266911482384143,0.02275005433071797,0.9731837070164766,Flavi,0.977249945669282,0.8266911482384143,1,French Guiana _ 2019
YFV E,French Guiana,2019,40-59,49,exact,155,163,0.950920245398773,0.9055858016329831,0.9785756206862078,0.8266911482384143,0.02275005433071797,0.9731837070164766,Flavi,0.977249945669282,0.8266911482384143,1,French Guiana _ 2019
YFV E,French Guiana,2019,>59,65,exact,12,14,0.8571428571428571,0.5718708390903011,0.9822054845168084,0.8266911482384143,0.02275005433071797,0.9731837070164766,Flavi,0.977249945669282,0.8266911482384143,1,French Guiana _ 2019
YFV E,New Caledonia,2020,18-39,29.5,exact,165,256,0.64453125,0.582533658522401,0.7031384572600385,0.8266911482384143,0.02275005433071797,0.9731837070164766,Flavi,0.977249945669282,0.8266911482384143,0.7734163614488293,New Caledonia _ 2020
YFV E,New Caledonia,2020,40-59,49,exact,226,304,0.743421052631579,0.6904523939917704,0.7915757915489811,0.8266911482384143,0.02275005433071797,0.9731837070164766,Flavi,0.977249945669282,0.8266911482384143,0.8964226406165078,New Caledonia _ 2020
YFV E,New Caledonia,2020,>59,65,exact,34,40,0.85,0.7016473331604234,0.9428977418454741,0.8266911482384143,0.02275005433071797,0.9731837070164766,Flavi,0.977249945669282,0.8266911482384143,1,New Caledonia _ 2020
JEV E,Peru,2018,<5,3,exact,9,56,0.16071428571428573,0.07621874392501371,0.2832797081613915,0.6914867043998381,0.02275013194817921,0.9472405461096072,Flavi,0.9772498680518208,0.6914867043998381,0.20630568066632776,Peru _ 2018
JEV E,Peru,2018,5-9,8,exact,20,126,0.15873015873015872,0.09973557634874275,0.2344464817150641,0.6914867043998381,0.02275013194817921,0.9472405461096072,Flavi,0.9772498680518208,0.6914867043998381,0.20333870223885375,Peru _ 2018
JEV E,Peru,2018,10-17,13,exact,53,153,0.3464052287581699,0.27140201168279654,0.42748656948886476,0.6914867043998381,0.02275013194817921,0.9472405461096072,Flavi,0.9772498680518208,0.6914867043998381,0.4839799558493369,Peru _ 2018
JEV E,Peru,2018,18-39,29.5,exact,201,295,0.6813559322033899,0.6248622452700008,0.7341615138297177,0.6914867043998381,0.02275013194817921,0.9472405461096072,Flavi,0.9772498680518208,0.6914867043998381,0.9848508775895003,Peru _ 2018
JEV E,Peru,2018,40-59,49,exact,118,142,0.8309859154929577,0.7590388028339228,0.8886051920038099,0.6914867043998381,0.02275013194817921,0.9472405461096072,Flavi,0.9772498680518208,0.6914867043998381,1,Peru _ 2018
JEV E,Peru,2018,>59,65,exact,99,108,0.9166666666666666,0.8476960712281786,0.9611852470300501,0.6914867043998381,0.02275013194817921,0.9472405461096072,Flavi,0.9772498680518208,0.6914867043998381,1,Peru _ 2018
JEV E,Senegal,2016,<5,3,exact,0,78,0,0,0.04619242032804871,0.6914867043998381,0.02275013194817921,0.9472405461096072,Flavi,0.9772498680518208,0.6914867043998381,0,Senegal _ 2016
JEV E,Senegal,2016,5-9,8,exact,26,119,0.2184873949579832,0.14796181151361265,0.30351709618456446,0.6914867043998381,0.02275013194817921,0.9472405461096072,Flavi,0.9772498680518208,0.6914867043998381,0.29269711134865933,Senegal _ 2016
JEV E,Senegal,2016,10-17,13,exact,62,146,0.4246575342465753,0.343335548340299,0.5091002199849559,0.6914867043998381,0.02275013194817921,0.9472405461096072,Flavi,0.9772498680518208,0.6914867043998381,0.6009950986005763,Senegal _ 2016
JEV E,Senegal,2016,18-39,29.5,exact,166,205,0.8097560975609757,0.7492380174747449,0.8610815692007482,0.6914867043998381,0.02275013194817921,0.9472405461096072,Flavi,0.9772498680518208,0.6914867043998381,1,Senegal _ 2016
JEV E,Senegal,2016,40-59,49,exact,104,113,0.9203539823008849,0.8541873732297185,0.9629337354387874,0.6914867043998381,0.02275013194817921,0.9472405461096072,Flavi,0.9772498680518208,0.6914867043998381,1,Senegal _ 2016
JEV E,Senegal,2016,>59,65,exact,33,35,0.9428571428571428,0.8084285936547608,0.9930032363716905,0.6914867043998381,0.02275013194817921,0.9472405461096072,Flavi,0.9772498680518208,0.6914867043998381,1,Senegal _ 2016
JEV E,Senegal,2018,5-9,8,exact,18,94,0.19148936170212766,0.11761949016539874,0.2856463302314014,0.6914867043998381,0.02275013194817921,0.9472405461096072,Flavi,0.9772498680518208,0.6914867043998381,0.2523254098924673,Senegal _ 2018
JEV E,Senegal,2018,10-17,13,exact,40,134,0.29850746268656714,0.22257255246334506,0.383585574429571,0.6914867043998381,0.02275013194817921,0.9472405461096072,Flavi,0.9772498680518208,0.6914867043998381,0.412355689965381,Senegal _ 2018
JEV E,Senegal,2018,18-39,29.5,exact,125,154,0.8116883116883117,0.7408810056025285,0.8701086382897969,0.6914867043998381,0.02275013194817921,0.9472405461096072,Flavi,0.9772498680518208,0.6914867043998381,1,Senegal _ 2018
JEV E,Senegal,2018,40-59,49,exact,94,101,0.9306930693069307,0.8624041191911825,0.9716825921850591,0.6914867043998381,0.02275013194817921,0.9472405461096072,Flavi,0.9772498680518208,0.6914867043998381,1,Senegal _ 2018
JEV E,Senegal,2018,>59,65,exact,39,40,0.975,0.8684141415172343,0.9993672550679505,0.6914867043998381,0.02275013194817921,0.9472405461096072,Flavi,0.9772498680518208,0.6914867043998381,1,Senegal _ 2018
JEV E,French Guiana,2015,18-39,29.5,exact,215,250,0.86,0.8107080656435041,0.9005088293256618,0.6914867043998381,0.02275013194817921,0.9472405461096072,Flavi,0.9772498680518208,0.6914867043998381,1,French Guiana _ 2015
JEV E,French Guiana,2015,40-59,49,exact,142,158,0.8987341772151899,0.8407623671184213,0.9410014850919654,0.6914867043998381,0.02275013194817921,0.9472405461096072,Flavi,0.9772498680518208,0.6914867043998381,1,French Guiana _ 2015
JEV E,French Guiana,2015,>59,65,exact,1,1,1,0.025000000000000022,1,0.6914867043998381,0.02275013194817921,0.9472405461096072,Flavi,0.9772498680518208,0.6914867043998381,1,French Guiana _ 2015
JEV E,French Guiana,2019,18-39,29.5,exact,181,201,0.900497512437811,0.8505134664535899,0.9381554273931095,0.6914867043998381,0.02275013194817921,0.9472405461096072,Flavi,0.9772498680518208,0.6914867043998381,1,French Guiana _ 2019
JEV E,French Guiana,2019,40-59,49,exact,157,163,0.9631901840490797,0.9216050547737038,0.9863737016582551,0.6914867043998381,0.02275013194817921,0.9472405461096072,Flavi,0.9772498680518208,0.6914867043998381,1,French Guiana _ 2019
JEV E,French Guiana,2019,>59,65,exact,12,14,0.8571428571428571,0.5718708390903011,0.9822054845168084,0.6914867043998381,0.02275013194817921,0.9472405461096072,Flavi,0.9772498680518208,0.6914867043998381,1,French Guiana _ 2019
JEV E,New Caledonia,2020,18-39,29.5,exact,148,256,0.578125,0.5150634089390416,0.6393562333139755,0.6914867043998381,0.02275013194817921,0.9472405461096072,Flavi,0.9772498680518208,0.6914867043998381,0.8304837673461731,New Caledonia _ 2020
JEV E,New Caledonia,2020,40-59,49,exact,203,304,0.6677631578947368,0.6117284908506109,0.7204899535197046,0.6914867043998381,0.02275013194817921,0.9472405461096072,Flavi,0.9772498680518208,0.6914867043998381,0.9645248256452789,New Caledonia _ 2020
JEV E,New Caledonia,2020,>59,65,exact,32,40,0.8,0.6435219813207652,0.9094775906000093,0.6914867043998381,0.02275013194817921,0.9472405461096072,Flavi,0.9772498680518208,0.6914867043998381,1,New Caledonia _ 2020
WNV NS1,Peru,2018,<5,3,exact,7,56,0.125,0.05176450487920037,0.24073257965206896,0.665626022299759,0.02275013194817921,0.9290998414455004,Flavi,0.9772498680518208,0.665626022299759,0.15905071194364073,Peru _ 2018
WNV NS1,Peru,2018,5-9,8,exact,6,126,0.047619047619047616,0.017673307076270572,0.10076560891382824,0.665626022299759,0.02275013194817921,0.9290998414455004,Flavi,0.9772498680518208,0.665626022299759,0.03868385180422288,Peru _ 2018
WNV NS1,Peru,2018,10-17,13,exact,15,153,0.09803921568627451,0.05591689617240714,0.15654255837022135,0.665626022299759,0.02275013194817921,0.9290998414455004,Flavi,0.9772498680518208,0.665626022299759,0.11711293714393418,Peru _ 2018
WNV NS1,Peru,2018,18-39,29.5,exact,132,295,0.44745762711864406,0.38980215947045505,0.506178995614916,0.665626022299759,0.02275013194817921,0.9290998414455004,Flavi,0.9772498680518208,0.665626022299759,0.660636837598931,Peru _ 2018
WNV NS1,Peru,2018,40-59,49,exact,76,142,0.5352112676056338,0.4496708405972256,0.6192522019451772,0.665626022299759,0.02275013194817921,0.9290998414455004,Flavi,0.9772498680518208,0.665626022299759,0.7971385198116496,Peru _ 2018
WNV NS1,Peru,2018,>59,65,exact,74,108,0.6851851851851852,0.5887501887756226,0.7711647798714487,0.665626022299759,0.02275013194817921,0.9290998414455004,Flavi,0.9772498680518208,0.665626022299759,1,Peru _ 2018
WNV NS1,Senegal,2016,<5,3,exact,1,78,0.01282051282051282,3.2453460909720455e-4,0.06937274078560496,0.665626022299759,0.02275013194817921,0.9290998414455004,Flavi,0.9772498680518208,0.665626022299759,0,Senegal _ 2016
WNV NS1,Senegal,2016,5-9,8,exact,92,119,0.773109243697479,0.6873188939776417,0.8448404589956129,0.665626022299759,0.02275013194817921,0.9290998414455004,Flavi,0.9772498680518208,0.665626022299759,1,Senegal _ 2016
WNV NS1,Senegal,2016,10-17,13,exact,129,146,0.8835616438356164,0.8201257681281112,0.9306872252997691,0.665626022299759,0.02275013194817921,0.9290998414455004,Flavi,0.9772498680518208,0.665626022299759,1,Senegal _ 2016
WNV NS1,Senegal,2016,18-39,29.5,exact,194,205,0.9463414634146341,0.9060199183488774,0.9729128141127309,0.665626022299759,0.02275013194817921,0.9290998414455004,Flavi,0.9772498680518208,0.665626022299759,1,Senegal _ 2016
WNV NS1,Senegal,2016,40-59,49,exact,108,113,0.9557522123893806,0.8997580218544154,0.985478950228814,0.665626022299759,0.02275013194817921,0.9290998414455004,Flavi,0.9772498680518208,0.665626022299759,1,Senegal _ 2016
WNV NS1,Senegal,2016,>59,65,exact,34,35,0.9714285714285714,0.8508279203435684,0.999276895623662,0.665626022299759,0.02275013194817921,0.9290998414455004,Flavi,0.9772498680518208,0.665626022299759,1,Senegal _ 2016
WNV NS1,Senegal,2018,5-9,8,exact,39,94,0.4148936170212766,0.3141414837201928,0.521158859052397,0.665626022299759,0.02275013194817921,0.9290998414455004,Flavi,0.9772498680518208,0.665626022299759,0.609983187981493,Senegal _ 2018
WNV NS1,Senegal,2018,10-17,13,exact,67,134,0.5,0.41245098155349313,0.5875490184465069,0.665626022299759,0.02275013194817921,0.9290998414455004,Flavi,0.9772498680518208,0.665626022299759,0.7423670341577431,Senegal _ 2018
WNV NS1,Senegal,2018,18-39,29.5,exact,121,154,0.7857142857142857,0.7124370525869212,0.8476690938244609,0.665626022299759,0.02275013194817921,0.9290998414455004,Flavi,0.9772498680518208,0.665626022299759,1,Senegal _ 2018
WNV NS1,Senegal,2018,40-59,49,exact,87,101,0.8613861386138614,0.7783773104113902,0.9220963512088184,0.665626022299759,0.02275013194817921,0.9290998414455004,Flavi,0.9772498680518208,0.665626022299759,1,Senegal _ 2018
WNV NS1,Senegal,2018,>59,65,exact,37,40,0.925,0.796135251267101,0.9842578201489585,0.665626022299759,0.02275013194817921,0.9290998414455004,Flavi,0.9772498680518208,0.665626022299759,1,Senegal _ 2018
WNV NS1,French Guiana,2015,18-39,29.5,exact,114,250,0.456,0.3931084909639736,0.5199471049924631,0.665626022299759,0.02275013194817921,0.9290998414455004,Flavi,0.9772498680518208,0.665626022299759,0.673924585684622,French Guiana _ 2015
WNV NS1,French Guiana,2015,40-59,49,exact,77,158,0.4873417721518987,0.4071321357521398,0.5680350503695295,0.665626022299759,0.02275013194817921,0.9290998414455004,Flavi,0.9772498680518208,0.665626022299759,0.7226770317201364,French Guiana _ 2015
WNV NS1,French Guiana,2015,>59,65,exact,1,1,1,0.025000000000000022,1,0.665626022299759,0.02275013194817921,0.9290998414455004,Flavi,0.9772498680518208,0.665626022299759,1,French Guiana _ 2015
WNV NS1,French Guiana,2019,18-39,29.5,exact,120,201,0.5970149253731343,0.525699304225296,0.6654247272832863,0.665626022299759,0.02275013194817921,0.9290998414455004,Flavi,0.9772498680518208,0.665626022299759,0.8932747394071624,French Guiana _ 2019
WNV NS1,French Guiana,2019,40-59,49,exact,108,163,0.6625766871165644,0.584461404334127,0.7346573234968805,0.665626022299759,0.02275013194817921,0.9290998414455004,Flavi,0.9772498680518208,0.665626022299759,0.9952567280419757,French Guiana _ 2019
WNV NS1,French Guiana,2019,>59,65,exact,6,14,0.42857142857142855,0.17661108998211783,0.7113905999616925,0.665626022299759,0.02275013194817921,0.9290998414455004,Flavi,0.9772498680518208,0.665626022299759,0.6312591632598188,French Guiana _ 2019
WNV NS1,New Caledonia,2020,18-39,29.5,exact,82,256,0.3203125,0.2635821538542147,0.38126231832660884,0.665626022299759,0.02275013194817921,0.9290998414455004,Flavi,0.9772498680518208,0.665626022299759,0.46286129643015234,New Caledonia _ 2020
WNV NS1,New Caledonia,2020,40-59,49,exact,123,304,0.40460526315789475,0.34895645403322284,0.4621321364952775,0.665626022299759,0.02275013194817921,0.9290998414455004,Flavi,0.9772498680518208,0.665626022299759,0.593979548682226,New Caledonia _ 2020
WNV NS1,New Caledonia,2020,>59,65,exact,16,40,0.4,0.24864998658774384,0.5667329478067034,0.665626022299759,0.02275013194817921,0.9290998414455004,Flavi,0.9772498680518208,0.665626022299759,0.5868160149006493,New Caledonia _ 2020
USUV NS1,Peru,2018,<5,3,exact,7,56,0.125,0.05176450487920037,0.24073257965206896,0.6141417446797902,0.02275013194817921,0.9288969673928412,Flavi,0.9772498680518208,0.6141417446797902,0.17289705476128278,Peru _ 2018
USUV NS1,Peru,2018,5-9,8,exact,9,126,0.07142857142857142,0.03318028319403277,0.131264090635564,0.6141417446797902,0.02275013194817921,0.9288969673928412,Flavi,0.9772498680518208,0.6141417446797902,0.08231168388666994,Peru _ 2018
USUV NS1,Peru,2018,10-17,13,exact,16,153,0.10457516339869281,0.06096586733411735,0.16426489834481195,0.6141417446797902,0.02275013194817921,0.9288969673928412,Flavi,0.9772498680518208,0.6141417446797902,0.13836014865440424,Peru _ 2018
USUV NS1,Peru,2018,18-39,29.5,exact,147,295,0.49830508474576274,0.4398209475984114,0.5568235988277953,0.6141417446797902,0.02275013194817921,0.9288969673928412,Flavi,0.9772498680518208,0.6141417446797902,0.8041286730479941,Peru _ 2018
USUV NS1,Peru,2018,40-59,49,exact,85,142,0.5985915492957746,0.5130853804804375,0.6798954276349054,0.6141417446797902,0.02275013194817921,0.9288969673928412,Flavi,0.9772498680518208,0.6141417446797902,0.97370575596737,Peru _ 2018
USUV NS1,Peru,2018,>59,65,exact,84,108,0.7777777777777778,0.68763318890837,0.8521291556132353,0.6141417446797902,0.02275013194817921,0.9288969673928412,Flavi,0.9772498680518208,0.6141417446797902,1,Peru _ 2018
USUV NS1,Senegal,2016,<5,3,exact,1,78,0.01282051282051282,3.2453460909720455e-4,0.06937274078560496,0.6141417446797902,0.02275013194817921,0.9288969673928412,Flavi,0.9772498680518208,0.6141417446797902,0,Senegal _ 2016
USUV NS1,Senegal,2016,5-9,8,exact,97,119,0.8151260504201681,0.7335866201033425,0.8803629628030951,0.6141417446797902,0.02275013194817921,0.9288969673928412,Flavi,0.9772498680518208,0.6141417446797902,1,Senegal _ 2016
USUV NS1,Senegal,2016,10-17,13,exact,130,146,0.8904109589041096,0.8281398480249529,0.9360485025400112,0.6141417446797902,0.02275013194817921,0.9288969673928412,Flavi,0.9772498680518208,0.6141417446797902,1,Senegal _ 2016
USUV NS1,Senegal,2016,18-39,29.5,exact,195,205,0.9512195121951219,0.9121225671745884,0.9763631560435679,0.6141417446797902,0.02275013194817921,0.9288969673928412,Flavi,0.9772498680518208,0.6141417446797902,1,Senegal _ 2016
USUV NS1,Senegal,2016,40-59,49,exact,112,113,0.9911504424778761,0.9516793514358978,0.999775973699549,0.6141417446797902,0.02275013194817921,0.9288969673928412,Flavi,0.9772498680518208,0.6141417446797902,1,Senegal _ 2016
USUV NS1,Senegal,2016,>59,65,exact,34,35,0.9714285714285714,0.8508279203435684,0.999276895623662,0.6141417446797902,0.02275013194817921,0.9288969673928412,Flavi,0.9772498680518208,0.6141417446797902,1,Senegal _ 2016
USUV NS1,Senegal,2018,5-9,8,exact,45,94,0.4787234042553192,0.3745562896134811,0.5842676473536097,0.6141417446797902,0.02275013194817921,0.9288969673928412,Flavi,0.9772498680518208,0.6141417446797902,0.7710174823092605,Senegal _ 2018
USUV NS1,Senegal,2018,10-17,13,exact,76,134,0.5671641791044776,0.4788508541426505,0.6524428168389165,0.6141417446797902,0.02275013194817921,0.9288969673928412,Flavi,0.9772498680518208,0.6141417446797902,0.9205643695920451,Senegal _ 2018
USUV NS1,Senegal,2018,18-39,29.5,exact,129,154,0.8376623376623377,0.7697539926619923,0.8921030262430523,0.6141417446797902,0.02275013194817921,0.9288969673928412,Flavi,0.9772498680518208,0.6141417446797902,1,Senegal _ 2018
USUV NS1,Senegal,2018,40-59,49,exact,86,101,0.8514851485148515,0.7669030961466505,0.9144276711612244,0.6141417446797902,0.02275013194817921,0.9288969673928412,Flavi,0.9772498680518208,0.6141417446797902,1,Senegal _ 2018
USUV NS1,Senegal,2018,>59,65,exact,38,40,0.95,0.8308031360405824,0.9938863534006491,0.6141417446797902,0.02275013194817921,0.9288969673928412,Flavi,0.9772498680518208,0.6141417446797902,1,Senegal _ 2018
USUV NS1,French Guiana,2015,18-39,29.5,exact,125,250,0.5,0.4363426413193381,0.5636573586806619,0.6141417446797902,0.02275013194817921,0.9288969673928412,Flavi,0.9772498680518208,0.6141417446797902,0.8069946508835748,French Guiana _ 2015
USUV NS1,French Guiana,2015,40-59,49,exact,92,158,0.5822784810126582,0.5012756363677109,0.6601356108811214,0.6141417446797902,0.02275013194817921,0.9288969673928412,Flavi,0.9772498680518208,0.6141417446797902,0.9461215496108287,French Guiana _ 2015
USUV NS1,French Guiana,2015,>59,65,exact,1,1,1,0.025000000000000022,1,0.6141417446797902,0.02275013194817921,0.9288969673928412,Flavi,0.9772498680518208,0.6141417446797902,1,French Guiana _ 2015
USUV NS1,French Guiana,2019,18-39,29.5,exact,119,201,0.5920398009950248,0.5206680421438571,0.6606549937338411,0.6141417446797902,0.02275013194817921,0.9288969673928412,Flavi,0.9772498680518208,0.6141417446797902,0.96262722837296,French Guiana _ 2019
USUV NS1,French Guiana,2019,40-59,49,exact,120,163,0.7361963190184049,0.6615532804168456,0.8020402291851213,0.6141417446797902,0.02275013194817921,0.9288969673928412,Flavi,0.9772498680518208,0.6141417446797902,1,French Guiana _ 2019
USUV NS1,French Guiana,2019,>59,65,exact,8,14,0.5714285714285714,0.2886094000383075,0.8233889100178822,0.6141417446797902,0.02275013194817921,0.9288969673928412,Flavi,0.9772498680518208,0.6141417446797902,0.9277751453830593,French Guiana _ 2019
USUV NS1,New Caledonia,2020,18-39,29.5,exact,101,256,0.39453125,0.33424052760648537,0.4572939699378167,0.6141417446797902,0.02275013194817921,0.9288969673928412,Flavi,0.9772498680518208,0.6141417446797902,0.6286547019741802,New Caledonia _ 2020
USUV NS1,New Caledonia,2020,40-59,49,exact,146,304,0.48026315789473684,0.42288898907212846,0.5380256416526603,0.6141417446797902,0.02275013194817921,0.9288969673928412,Flavi,0.9772498680518208,0.6141417446797902,0.773621093192928,New Caledonia _ 2020
USUV NS1,New Caledonia,2020,>59,65,exact,21,40,0.525,0.361280135264062,0.6848802933650142,0.6141417446797902,0.02275013194817921,0.9288969673928412,Flavi,0.9772498680518208,0.6141417446797902,0.8492678239583945,New Caledonia _ 2020
