antigen,site,bin_id,xmin,xmax,count
CHIKV E2,French Guiana,1,2.938107515428592,3.195248231654332,0
CHIKV E2,French Guiana,2,3.195248231654332,3.4523889478800722,0
CHIKV E2,French Guiana,3,3.4523889478800722,3.709529664105813,0
CHIKV E2,French Guiana,4,3.709529664105813,3.9666703803315526,0
CHIKV E2,French Guiana,5,3.9666703803315526,4.223811096557293,0
CHIKV E2,French Guiana,6,4.223811096557293,4.480951812783033,3
CHIKV E2,French Guiana,7,4.480951812783033,4.738092529008774,2
CHIKV E2,French Guiana,8,4.738092529008774,4.995233245234514,8
CHIKV E2,French Guiana,9,4.995233245234514,5.252373961460254,63
CHIKV E2,French Guiana,10,5.252373961460254,5.509514677685994,142
CHIKV E2,French Guiana,11,5.509514677685994,5.766655393911734,180
CHIKV E2,French Guiana,12,5.766655393911734,6.023796110137475,118
CHIKV E2,French Guiana,13,6.023796110137475,6.280936826363215,78
CHIKV E2,French Guiana,14,6.280936826363215,6.5380775425889555,43
CHIKV E2,French Guiana,15,6.5380775425889555,6.795218258814696,30
CHIKV E2,French Guiana,16,6.795218258814696,7.052358975040436,32
CHIKV E2,French Guiana,17,7.052358975040436,7.3094996912661765,31
CHIKV E2,French Guiana,18,7.3094996912661765,7.566640407491916,19
CHIKV E2,French Guiana,19,7.566640407491916,7.823781123717657,14
CHIKV E2,French Guiana,20,7.823781123717657,8.080921839943397,8
CHIKV E2,French Guiana,21,8.080921839943397,8.338062556169138,6
CHIKV E2,French Guiana,22,8.338062556169138,8.595203272394876,9
CHIKV E2,French Guiana,23,8.595203272394876,8.852343988620618,1
CHIKV E2,French Guiana,24,8.852343988620618,9.10948470484636,0
CHIKV E2,French Guiana,25,9.10948470484636,9.366625421072097,0
CHIKV E2,French Guiana,26,9.366625421072097,9.623766137297839,0
CHIKV E2,French Guiana,27,9.623766137297839,9.880906853523578,0
CHIKV E2,French Guiana,28,9.880906853523578,10.138047569749318,0
CHIKV E2,French Guiana,29,10.138047569749318,10.39518828597506,0
CHIKV E2,French Guiana,30,10.39518828597506,10.6523290022008,0
CHIKV E2,New Caledonia,1,2.938107515428592,3.195248231654332,0
CHIKV E2,New Caledonia,2,3.195248231654332,3.4523889478800722,0
CHIKV E2,New Caledonia,3,3.4523889478800722,3.709529664105813,0
CHIKV E2,New Caledonia,4,3.709529664105813,3.9666703803315526,0
CHIKV E2,New Caledonia,5,3.9666703803315526,4.223811096557293,0
CHIKV E2,New Caledonia,6,4.223811096557293,4.480951812783033,0
CHIKV E2,New Caledonia,7,4.480951812783033,4.738092529008774,0
CHIKV E2,New Caledonia,8,4.738092529008774,4.995233245234514,0
CHIKV E2,New Caledonia,9,4.995233245234514,5.252373961460254,8
CHIKV E2,New Caledonia,10,5.252373961460254,5.509514677685994,107
CHIKV E2,New Caledonia,11,5.509514677685994,5.766655393911734,235
CHIKV E2,New Caledonia,12,5.766655393911734,6.023796110137475,160
CHIKV E2,New Caledonia,13,6.023796110137475,6.280936826363215,53
CHIKV E2,New Caledonia,14,6.280936826363215,6.5380775425889555,22
CHIKV E2,New Caledonia,15,6.5380775425889555,6.795218258814696,6
CHIKV E2,New Caledonia,16,6.795218258814696,7.052358975040436,2
CHIKV E2,New Caledonia,17,7.052358975040436,7.3094996912661765,3
CHIKV E2,New Caledonia,18,7.3094996912661765,7.566640407491916,1
CHIKV E2,New Caledonia,19,7.566640407491916,7.823781123717657,0
CHIKV E2,New Caledonia,20,7.823781123717657,8.080921839943397,0
CHIKV E2,New Caledonia,21,8.080921839943397,8.338062556169138,3
CHIKV E2,New Caledonia,22,8.338062556169138,8.595203272394876,0
CHIKV E2,New Caledonia,23,8.595203272394876,8.852343988620618,0
CHIKV E2,New Caledonia,24,8.852343988620618,9.10948470484636,0
CHIKV E2,New Caledonia,25,9.10948470484636,9.366625421072097,0
CHIKV E2,New Caledonia,26,9.366625421072097,9.623766137297839,0
CHIKV E2,New Caledonia,27,9.623766137297839,9.880906853523578,0
CHIKV E2,New Caledonia,28,9.880906853523578,10.138047569749318,0
CHIKV E2,New Caledonia,29,10.138047569749318,10.39518828597506,0
CHIKV E2,New Caledonia,30,10.39518828597506,10.6523290022008,0
CHIKV E2,Peru,1,2.938107515428592,3.195248231654332,0
CHIKV E2,Peru,2,3.195248231654332,3.4523889478800722,0
CHIKV E2,Peru,3,3.4523889478800722,3.709529664105813,0
CHIKV E2,Peru,4,3.709529664105813,3.9666703803315526,0
CHIKV E2,Peru,5,3.9666703803315526,4.223811096557293,0
CHIKV E2,Peru,6,4.223811096557293,4.480951812783033,0
CHIKV E2,Peru,7,4.480951812783033,4.738092529008774,0
CHIKV E2,Peru,8,4.738092529008774,4.995233245234514,35
CHIKV E2,Peru,9,4.995233245234514,5.252373961460254,192
CHIKV E2,Peru,10,5.252373961460254,5.509514677685994,295
CHIKV E2,Peru,11,5.509514677685994,5.766655393911734,174
CHIKV E2,Peru,12,5.766655393911734,6.023796110137475,97
CHIKV E2,Peru,13,6.023796110137475,6.280936826363215,45
CHIKV E2,Peru,14,6.280936826363215,6.5380775425889555,25
CHIKV E2,Peru,15,6.5380775425889555,6.795218258814696,8
CHIKV E2,Peru,16,6.795218258814696,7.052358975040436,2
CHIKV E2,Peru,17,7.052358975040436,7.3094996912661765,5
CHIKV E2,Peru,18,7.3094996912661765,7.566640407491916,0
CHIKV E2,Peru,19,7.566640407491916,7.823781123717657,2
CHIKV E2,Peru,20,7.823781123717657,8.080921839943397,0
CHIKV E2,Peru,21,8.080921839943397,8.338062556169138,0
CHIKV E2,Peru,22,8.338062556169138,8.595203272394876,0
CHIKV E2,Peru,23,8.595203272394876,8.852343988620618,0
CHIKV E2,Peru,24,8.852343988620618,9.10948470484636,0
CHIKV E2,Peru,25,9.10948470484636,9.366625421072097,0
CHIKV E2,Peru,26,9.366625421072097,9.623766137297839,0
CHIKV E2,Peru,27,9.623766137297839,9.880906853523578,0
CHIKV E2,Peru,28,9.880906853523578,10.138047569749318,0
CHIKV E2,Peru,29,10.138047569749318,10.39518828597506,0
CHIKV E2,Peru,30,10.39518828597506,10.6523290022008,0
CHIKV E2,Senegal,1,2.938107515428592,3.195248231654332,0
CHIKV E2,Senegal,2,3.195248231654332,3.4523889478800722,0
CHIKV E2,Senegal,3,3.4523889478800722,3.709529664105813,0
CHIKV E2,Senegal,4,3.709529664105813,3.9666703803315526,0
CHIKV E2,Senegal,5,3.9666703803315526,4.223811096557293,0
CHIKV E2,Senegal,6,4.223811096557293,4.480951812783033,0
CHIKV E2,Senegal,7,4.480951812783033,4.738092529008774,0
CHIKV E2,Senegal,8,4.738092529008774,4.995233245234514,8
CHIKV E2,Senegal,9,4.995233245234514,5.252373961460254,38
CHIKV E2,Senegal,10,5.252373961460254,5.509514677685994,56
CHIKV E2,Senegal,11,5.509514677685994,5.766655393911734,106
CHIKV E2,Senegal,12,5.766655393911734,6.023796110137475,265
CHIKV E2,Senegal,13,6.023796110137475,6.280936826363215,243
CHIKV E2,Senegal,14,6.280936826363215,6.5380775425889555,66
CHIKV E2,Senegal,15,6.5380775425889555,6.795218258814696,44
CHIKV E2,Senegal,16,6.795218258814696,7.052358975040436,58
CHIKV E2,Senegal,17,7.052358975040436,7.3094996912661765,83
CHIKV E2,Senegal,18,7.3094996912661765,7.566640407491916,85
CHIKV E2,Senegal,19,7.566640407491916,7.823781123717657,66
CHIKV E2,Senegal,20,7.823781123717657,8.080921839943397,44
CHIKV E2,Senegal,21,8.080921839943397,8.338062556169138,39
CHIKV E2,Senegal,22,8.338062556169138,8.595203272394876,16
CHIKV E2,Senegal,23,8.595203272394876,8.852343988620618,1
CHIKV E2,Senegal,24,8.852343988620618,9.10948470484636,1
CHIKV E2,Senegal,25,9.10948470484636,9.366625421072097,0
CHIKV E2,Senegal,26,9.366625421072097,9.623766137297839,0
CHIKV E2,Senegal,27,9.623766137297839,9.880906853523578,0
CHIKV E2,Senegal,28,9.880906853523578,10.138047569749318,0
CHIKV E2,Senegal,29,10.138047569749318,10.39518828597506,0
CHIKV E2,Senegal,30,10.39518828597506,10.6523290022008,0
CHIKV VLP,French Guiana,1,2.938107515428592,3.195248231654332,0
CHIKV VLP,French Guiana,2,3.195248231654332,3.4523889478800722,0
CHIKV VLP,French Guiana,3,3.4523889478800722,3.709529664105813,1
CHIKV VLP,French Guiana,4,3.709529664105813,3.9666703803315526,14
CHIKV VLP,French Guiana,5,3.9666703803315526,4.223811096557293,23
CHIKV VLP,French Guiana,6,4.223811096557293,4.480951812783033,40
CHIKV VLP,French Guiana,7,4.480951812783033,4.738092529008774,54
CHIKV VLP,French Guiana,8,4.738092529008774,4.995233245234514,73
CHIKV VLP,French Guiana,9,4.995233245234514,5.252373961460254,102
CHIKV VLP,French Guiana,10,5.252373961460254,5.509514677685994,104
CHIKV VLP,French Guiana,11,5.509514677685994,5.766655393911734,78
CHIKV VLP,French Guiana,12,5.766655393911734,6.023796110137475,40
CHIKV VLP,French Guiana,13,6.023796110137475,6.280936826363215,42
CHIKV VLP,French Guiana,14,6.280936826363215,6.5380775425889555,39
CHIKV VLP,French Guiana,15,6.5380775425889555,6.795218258814696,13
CHIKV VLP,French Guiana,16,6.795218258814696,7.052358975040436,22
CHIKV VLP,French Guiana,17,7.052358975040436,7.3094996912661765,41
CHIKV VLP,French Guiana,18,7.3094996912661765,7.566640407491916,32
CHIKV VLP,French Guiana,19,7.566640407491916,7.823781123717657,32
CHIKV VLP,French Guiana,20,7.823781123717657,8.080921839943397,24
CHIKV VLP,French Guiana,21,8.080921839943397,8.338062556169138,7
CHIKV VLP,French Guiana,22,8.338062556169138,8.595203272394876,6
CHIKV VLP,French Guiana,23,8.595203272394876,8.852343988620618,0
CHIKV VLP,French Guiana,24,8.852343988620618,9.10948470484636,0
CHIKV VLP,French Guiana,25,9.10948470484636,9.366625421072097,0
CHIKV VLP,French Guiana,26,9.366625421072097,9.623766137297839,0
CHIKV VLP,French Guiana,27,9.623766137297839,9.880906853523578,0
CHIKV VLP,French Guiana,28,9.880906853523578,10.138047569749318,0
CHIKV VLP,French Guiana,29,10.138047569749318,10.39518828597506,0
CHIKV VLP,French Guiana,30,10.39518828597506,10.6523290022008,0
CHIKV VLP,New Caledonia,1,2.938107515428592,3.195248231654332,0
CHIKV VLP,New Caledonia,2,3.195248231654332,3.4523889478800722,0
CHIKV VLP,New Caledonia,3,3.4523889478800722,3.709529664105813,1
CHIKV VLP,New Caledonia,4,3.709529664105813,3.9666703803315526,2
CHIKV VLP,New Caledonia,5,3.9666703803315526,4.223811096557293,25
CHIKV VLP,New Caledonia,6,4.223811096557293,4.480951812783033,78
CHIKV VLP,New Caledonia,7,4.480951812783033,4.738092529008774,117
CHIKV VLP,New Caledonia,8,4.738092529008774,4.995233245234514,91
CHIKV VLP,New Caledonia,9,4.995233245234514,5.252373961460254,92
CHIKV VLP,New Caledonia,10,5.252373961460254,5.509514677685994,70
CHIKV VLP,New Caledonia,11,5.509514677685994,5.766655393911734,43
CHIKV VLP,New Caledonia,12,5.766655393911734,6.023796110137475,33
CHIKV VLP,New Caledonia,13,6.023796110137475,6.280936826363215,23
CHIKV VLP,New Caledonia,14,6.280936826363215,6.5380775425889555,10
CHIKV VLP,New Caledonia,15,6.5380775425889555,6.795218258814696,7
CHIKV VLP,New Caledonia,16,6.795218258814696,7.052358975040436,2
CHIKV VLP,New Caledonia,17,7.052358975040436,7.3094996912661765,3
CHIKV VLP,New Caledonia,18,7.3094996912661765,7.566640407491916,0
CHIKV VLP,New Caledonia,19,7.566640407491916,7.823781123717657,0
CHIKV VLP,New Caledonia,20,7.823781123717657,8.080921839943397,1
CHIKV VLP,New Caledonia,21,8.080921839943397,8.338062556169138,2
CHIKV VLP,New Caledonia,22,8.338062556169138,8.595203272394876,0
CHIKV VLP,New Caledonia,23,8.595203272394876,8.852343988620618,0
CHIKV VLP,New Caledonia,24,8.852343988620618,9.10948470484636,0
CHIKV VLP,New Caledonia,25,9.10948470484636,9.366625421072097,0
CHIKV VLP,New Caledonia,26,9.366625421072097,9.623766137297839,0
CHIKV VLP,New Caledonia,27,9.623766137297839,9.880906853523578,0
CHIKV VLP,New Caledonia,28,9.880906853523578,10.138047569749318,0
CHIKV VLP,New Caledonia,29,10.138047569749318,10.39518828597506,0
CHIKV VLP,New Caledonia,30,10.39518828597506,10.6523290022008,0
CHIKV VLP,Peru,1,2.938107515428592,3.195248231654332,0
CHIKV VLP,Peru,2,3.195248231654332,3.4523889478800722,4
CHIKV VLP,Peru,3,3.4523889478800722,3.709529664105813,43
CHIKV VLP,Peru,4,3.709529664105813,3.9666703803315526,83
CHIKV VLP,Peru,5,3.9666703803315526,4.223811096557293,88
CHIKV VLP,Peru,6,4.223811096557293,4.480951812783033,103
CHIKV VLP,Peru,7,4.480951812783033,4.738092529008774,78
CHIKV VLP,Peru,8,4.738092529008774,4.995233245234514,70
CHIKV VLP,Peru,9,4.995233245234514,5.252373961460254,82
CHIKV VLP,Peru,10,5.252373961460254,5.509514677685994,56
CHIKV VLP,Peru,11,5.509514677685994,5.766655393911734,45
CHIKV VLP,Peru,12,5.766655393911734,6.023796110137475,53
CHIKV VLP,Peru,13,6.023796110137475,6.280936826363215,53
CHIKV VLP,Peru,14,6.280936826363215,6.5380775425889555,35
CHIKV VLP,Peru,15,6.5380775425889555,6.795218258814696,39
CHIKV VLP,Peru,16,6.795218258814696,7.052358975040436,18
CHIKV VLP,Peru,17,7.052358975040436,7.3094996912661765,11
CHIKV VLP,Peru,18,7.3094996912661765,7.566640407491916,14
CHIKV VLP,Peru,19,7.566640407491916,7.823781123717657,4
CHIKV VLP,Peru,20,7.823781123717657,8.080921839943397,1
CHIKV VLP,Peru,21,8.080921839943397,8.338062556169138,0
CHIKV VLP,Peru,22,8.338062556169138,8.595203272394876,0
CHIKV VLP,Peru,23,8.595203272394876,8.852343988620618,0
CHIKV VLP,Peru,24,8.852343988620618,9.10948470484636,0
CHIKV VLP,Peru,25,9.10948470484636,9.366625421072097,0
CHIKV VLP,Peru,26,9.366625421072097,9.623766137297839,0
CHIKV VLP,Peru,27,9.623766137297839,9.880906853523578,0
CHIKV VLP,Peru,28,9.880906853523578,10.138047569749318,0
CHIKV VLP,Peru,29,10.138047569749318,10.39518828597506,0
CHIKV VLP,Peru,30,10.39518828597506,10.6523290022008,0
CHIKV VLP,Senegal,1,2.938107515428592,3.195248231654332,0
CHIKV VLP,Senegal,2,3.195248231654332,3.4523889478800722,6
CHIKV VLP,Senegal,3,3.4523889478800722,3.709529664105813,22
CHIKV VLP,Senegal,4,3.709529664105813,3.9666703803315526,38
CHIKV VLP,Senegal,5,3.9666703803315526,4.223811096557293,11
CHIKV VLP,Senegal,6,4.223811096557293,4.480951812783033,3
CHIKV VLP,Senegal,7,4.480951812783033,4.738092529008774,8
CHIKV VLP,Senegal,8,4.738092529008774,4.995233245234514,23
CHIKV VLP,Senegal,9,4.995233245234514,5.252373961460254,79
CHIKV VLP,Senegal,10,5.252373961460254,5.509514677685994,180
CHIKV VLP,Senegal,11,5.509514677685994,5.766655393911734,244
CHIKV VLP,Senegal,12,5.766655393911734,6.023796110137475,101
CHIKV VLP,Senegal,13,6.023796110137475,6.280936826363215,21
CHIKV VLP,Senegal,14,6.280936826363215,6.5380775425889555,8
CHIKV VLP,Senegal,15,6.5380775425889555,6.795218258814696,6
CHIKV VLP,Senegal,16,6.795218258814696,7.052358975040436,3
CHIKV VLP,Senegal,17,7.052358975040436,7.3094996912661765,19
CHIKV VLP,Senegal,18,7.3094996912661765,7.566640407491916,56
CHIKV VLP,Senegal,19,7.566640407491916,7.823781123717657,113
CHIKV VLP,Senegal,20,7.823781123717657,8.080921839943397,150
CHIKV VLP,Senegal,21,8.080921839943397,8.338062556169138,96
CHIKV VLP,Senegal,22,8.338062556169138,8.595203272394876,31
CHIKV VLP,Senegal,23,8.595203272394876,8.852343988620618,1
CHIKV VLP,Senegal,24,8.852343988620618,9.10948470484636,0
CHIKV VLP,Senegal,25,9.10948470484636,9.366625421072097,0
CHIKV VLP,Senegal,26,9.366625421072097,9.623766137297839,0
CHIKV VLP,Senegal,27,9.623766137297839,9.880906853523578,0
CHIKV VLP,Senegal,28,9.880906853523578,10.138047569749318,0
CHIKV VLP,Senegal,29,10.138047569749318,10.39518828597506,0
CHIKV VLP,Senegal,30,10.39518828597506,10.6523290022008,0
DENV1 EDIII,French Guiana,1,2.938107515428592,3.195248231654332,0
DENV1 EDIII,French Guiana,2,3.195248231654332,3.4523889478800722,0
DENV1 EDIII,French Guiana,3,3.4523889478800722,3.709529664105813,0
DENV1 EDIII,French Guiana,4,3.709529664105813,3.9666703803315526,0
DENV1 EDIII,French Guiana,5,3.9666703803315526,4.223811096557293,2
DENV1 EDIII,French Guiana,6,4.223811096557293,4.480951812783033,3
DENV1 EDIII,French Guiana,7,4.480951812783033,4.738092529008774,7
DENV1 EDIII,French Guiana,8,4.738092529008774,4.995233245234514,23
DENV1 EDIII,French Guiana,9,4.995233245234514,5.252373961460254,52
DENV1 EDIII,French Guiana,10,5.252373961460254,5.509514677685994,67
DENV1 EDIII,French Guiana,11,5.509514677685994,5.766655393911734,109
DENV1 EDIII,French Guiana,12,5.766655393911734,6.023796110137475,129
DENV1 EDIII,French Guiana,13,6.023796110137475,6.280936826363215,95
DENV1 EDIII,French Guiana,14,6.280936826363215,6.5380775425889555,74
DENV1 EDIII,French Guiana,15,6.5380775425889555,6.795218258814696,39
DENV1 EDIII,French Guiana,16,6.795218258814696,7.052358975040436,58
DENV1 EDIII,French Guiana,17,7.052358975040436,7.3094996912661765,46
DENV1 EDIII,French Guiana,18,7.3094996912661765,7.566640407491916,32
DENV1 EDIII,French Guiana,19,7.566640407491916,7.823781123717657,14
DENV1 EDIII,French Guiana,20,7.823781123717657,8.080921839943397,12
DENV1 EDIII,French Guiana,21,8.080921839943397,8.338062556169138,11
DENV1 EDIII,French Guiana,22,8.338062556169138,8.595203272394876,6
DENV1 EDIII,French Guiana,23,8.595203272394876,8.852343988620618,3
DENV1 EDIII,French Guiana,24,8.852343988620618,9.10948470484636,2
DENV1 EDIII,French Guiana,25,9.10948470484636,9.366625421072097,1
DENV1 EDIII,French Guiana,26,9.366625421072097,9.623766137297839,1
DENV1 EDIII,French Guiana,27,9.623766137297839,9.880906853523578,1
DENV1 EDIII,French Guiana,28,9.880906853523578,10.138047569749318,0
DENV1 EDIII,French Guiana,29,10.138047569749318,10.39518828597506,0
DENV1 EDIII,French Guiana,30,10.39518828597506,10.6523290022008,0
DENV1 EDIII,New Caledonia,1,2.938107515428592,3.195248231654332,0
DENV1 EDIII,New Caledonia,2,3.195248231654332,3.4523889478800722,0
DENV1 EDIII,New Caledonia,3,3.4523889478800722,3.709529664105813,0
DENV1 EDIII,New Caledonia,4,3.709529664105813,3.9666703803315526,0
DENV1 EDIII,New Caledonia,5,3.9666703803315526,4.223811096557293,0
DENV1 EDIII,New Caledonia,6,4.223811096557293,4.480951812783033,1
DENV1 EDIII,New Caledonia,7,4.480951812783033,4.738092529008774,3
DENV1 EDIII,New Caledonia,8,4.738092529008774,4.995233245234514,22
DENV1 EDIII,New Caledonia,9,4.995233245234514,5.252373961460254,54
DENV1 EDIII,New Caledonia,10,5.252373961460254,5.509514677685994,103
DENV1 EDIII,New Caledonia,11,5.509514677685994,5.766655393911734,106
DENV1 EDIII,New Caledonia,12,5.766655393911734,6.023796110137475,96
DENV1 EDIII,New Caledonia,13,6.023796110137475,6.280936826363215,87
DENV1 EDIII,New Caledonia,14,6.280936826363215,6.5380775425889555,53
DENV1 EDIII,New Caledonia,15,6.5380775425889555,6.795218258814696,39
DENV1 EDIII,New Caledonia,16,6.795218258814696,7.052358975040436,26
DENV1 EDIII,New Caledonia,17,7.052358975040436,7.3094996912661765,2
DENV1 EDIII,New Caledonia,18,7.3094996912661765,7.566640407491916,3
DENV1 EDIII,New Caledonia,19,7.566640407491916,7.823781123717657,0
DENV1 EDIII,New Caledonia,20,7.823781123717657,8.080921839943397,1
DENV1 EDIII,New Caledonia,21,8.080921839943397,8.338062556169138,1
DENV1 EDIII,New Caledonia,22,8.338062556169138,8.595203272394876,2
DENV1 EDIII,New Caledonia,23,8.595203272394876,8.852343988620618,0
DENV1 EDIII,New Caledonia,24,8.852343988620618,9.10948470484636,1
DENV1 EDIII,New Caledonia,25,9.10948470484636,9.366625421072097,0
DENV1 EDIII,New Caledonia,26,9.366625421072097,9.623766137297839,0
DENV1 EDIII,New Caledonia,27,9.623766137297839,9.880906853523578,0
DENV1 EDIII,New Caledonia,28,9.880906853523578,10.138047569749318,0
DENV1 EDIII,New Caledonia,29,10.138047569749318,10.39518828597506,0
DENV1 EDIII,New Caledonia,30,10.39518828597506,10.6523290022008,0
DENV1 EDIII,Peru,1,2.938107515428592,3.195248231654332,0
DENV1 EDIII,Peru,2,3.195248231654332,3.4523889478800722,0
DENV1 EDIII,Peru,3,3.4523889478800722,3.709529664105813,0
DENV1 EDIII,Peru,4,3.709529664105813,3.9666703803315526,2
DENV1 EDIII,Peru,5,3.9666703803315526,4.223811096557293,16
DENV1 EDIII,Peru,6,4.223811096557293,4.480951812783033,34
DENV1 EDIII,Peru,7,4.480951812783033,4.738092529008774,74
DENV1 EDIII,Peru,8,4.738092529008774,4.995233245234514,99
DENV1 EDIII,Peru,9,4.995233245234514,5.252373961460254,131
DENV1 EDIII,Peru,10,5.252373961460254,5.509514677685994,139
DENV1 EDIII,Peru,11,5.509514677685994,5.766655393911734,106
DENV1 EDIII,Peru,12,5.766655393911734,6.023796110137475,93
DENV1 EDIII,Peru,13,6.023796110137475,6.280936826363215,71
DENV1 EDIII,Peru,14,6.280936826363215,6.5380775425889555,40
DENV1 EDIII,Peru,15,6.5380775425889555,6.795218258814696,30
DENV1 EDIII,Peru,16,6.795218258814696,7.052358975040436,14
DENV1 EDIII,Peru,17,7.052358975040436,7.3094996912661765,16
DENV1 EDIII,Peru,18,7.3094996912661765,7.566640407491916,11
DENV1 EDIII,Peru,19,7.566640407491916,7.823781123717657,1
DENV1 EDIII,Peru,20,7.823781123717657,8.080921839943397,1
DENV1 EDIII,Peru,21,8.080921839943397,8.338062556169138,0
DENV1 EDIII,Peru,22,8.338062556169138,8.595203272394876,0
DENV1 EDIII,Peru,23,8.595203272394876,8.852343988620618,0
DENV1 EDIII,Peru,24,8.852343988620618,9.10948470484636,2
DENV1 EDIII,Peru,25,9.10948470484636,9.366625421072097,0
DENV1 EDIII,Peru,26,9.366625421072097,9.623766137297839,0
DENV1 EDIII,Peru,27,9.623766137297839,9.880906853523578,0
DENV1 EDIII,Peru,28,9.880906853523578,10.138047569749318,0
DENV1 EDIII,Peru,29,10.138047569749318,10.39518828597506,0
DENV1 EDIII,Peru,30,10.39518828597506,10.6523290022008,0
DENV1 EDIII,Senegal,1,2.938107515428592,3.195248231654332,0
DENV1 EDIII,Senegal,2,3.195248231654332,3.4523889478800722,0
DENV1 EDIII,Senegal,3,3.4523889478800722,3.709529664105813,0
DENV1 EDIII,Senegal,4,3.709529664105813,3.9666703803315526,1
DENV1 EDIII,Senegal,5,3.9666703803315526,4.223811096557293,13
DENV1 EDIII,Senegal,6,4.223811096557293,4.480951812783033,15
DENV1 EDIII,Senegal,7,4.480951812783033,4.738092529008774,17
DENV1 EDIII,Senegal,8,4.738092529008774,4.995233245234514,16
DENV1 EDIII,Senegal,9,4.995233245234514,5.252373961460254,11
DENV1 EDIII,Senegal,10,5.252373961460254,5.509514677685994,36
DENV1 EDIII,Senegal,11,5.509514677685994,5.766655393911734,99
DENV1 EDIII,Senegal,12,5.766655393911734,6.023796110137475,234
DENV1 EDIII,Senegal,13,6.023796110137475,6.280936826363215,326
DENV1 EDIII,Senegal,14,6.280936826363215,6.5380775425889555,239
DENV1 EDIII,Senegal,15,6.5380775425889555,6.795218258814696,109
DENV1 EDIII,Senegal,16,6.795218258814696,7.052358975040436,45
DENV1 EDIII,Senegal,17,7.052358975040436,7.3094996912661765,27
DENV1 EDIII,Senegal,18,7.3094996912661765,7.566640407491916,18
DENV1 EDIII,Senegal,19,7.566640407491916,7.823781123717657,7
DENV1 EDIII,Senegal,20,7.823781123717657,8.080921839943397,2
DENV1 EDIII,Senegal,21,8.080921839943397,8.338062556169138,2
DENV1 EDIII,Senegal,22,8.338062556169138,8.595203272394876,2
DENV1 EDIII,Senegal,23,8.595203272394876,8.852343988620618,0
DENV1 EDIII,Senegal,24,8.852343988620618,9.10948470484636,0
DENV1 EDIII,Senegal,25,9.10948470484636,9.366625421072097,0
DENV1 EDIII,Senegal,26,9.366625421072097,9.623766137297839,0
DENV1 EDIII,Senegal,27,9.623766137297839,9.880906853523578,0
DENV1 EDIII,Senegal,28,9.880906853523578,10.138047569749318,0
DENV1 EDIII,Senegal,29,10.138047569749318,10.39518828597506,0
DENV1 EDIII,Senegal,30,10.39518828597506,10.6523290022008,0
DENV1 NS1,French Guiana,1,2.938107515428592,3.195248231654332,0
DENV1 NS1,French Guiana,2,3.195248231654332,3.4523889478800722,0
DENV1 NS1,French Guiana,3,3.4523889478800722,3.709529664105813,2
DENV1 NS1,French Guiana,4,3.709529664105813,3.9666703803315526,15
DENV1 NS1,French Guiana,5,3.9666703803315526,4.223811096557293,12
DENV1 NS1,French Guiana,6,4.223811096557293,4.480951812783033,34
DENV1 NS1,French Guiana,7,4.480951812783033,4.738092529008774,20
DENV1 NS1,French Guiana,8,4.738092529008774,4.995233245234514,35
DENV1 NS1,French Guiana,9,4.995233245234514,5.252373961460254,17
DENV1 NS1,French Guiana,10,5.252373961460254,5.509514677685994,27
DENV1 NS1,French Guiana,11,5.509514677685994,5.766655393911734,23
DENV1 NS1,French Guiana,12,5.766655393911734,6.023796110137475,24
DENV1 NS1,French Guiana,13,6.023796110137475,6.280936826363215,28
DENV1 NS1,French Guiana,14,6.280936826363215,6.5380775425889555,21
DENV1 NS1,French Guiana,15,6.5380775425889555,6.795218258814696,19
DENV1 NS1,French Guiana,16,6.795218258814696,7.052358975040436,20
DENV1 NS1,French Guiana,17,7.052358975040436,7.3094996912661765,27
DENV1 NS1,French Guiana,18,7.3094996912661765,7.566640407491916,28
DENV1 NS1,French Guiana,19,7.566640407491916,7.823781123717657,38
DENV1 NS1,French Guiana,20,7.823781123717657,8.080921839943397,31
DENV1 NS1,French Guiana,21,8.080921839943397,8.338062556169138,37
DENV1 NS1,French Guiana,22,8.338062556169138,8.595203272394876,68
DENV1 NS1,French Guiana,23,8.595203272394876,8.852343988620618,90
DENV1 NS1,French Guiana,24,8.852343988620618,9.10948470484636,106
DENV1 NS1,French Guiana,25,9.10948470484636,9.366625421072097,60
DENV1 NS1,French Guiana,26,9.366625421072097,9.623766137297839,5
DENV1 NS1,French Guiana,27,9.623766137297839,9.880906853523578,0
DENV1 NS1,French Guiana,28,9.880906853523578,10.138047569749318,0
DENV1 NS1,French Guiana,29,10.138047569749318,10.39518828597506,0
DENV1 NS1,French Guiana,30,10.39518828597506,10.6523290022008,0
DENV1 NS1,New Caledonia,1,2.938107515428592,3.195248231654332,0
DENV1 NS1,New Caledonia,2,3.195248231654332,3.4523889478800722,0
DENV1 NS1,New Caledonia,3,3.4523889478800722,3.709529664105813,0
DENV1 NS1,New Caledonia,4,3.709529664105813,3.9666703803315526,1
DENV1 NS1,New Caledonia,5,3.9666703803315526,4.223811096557293,7
DENV1 NS1,New Caledonia,6,4.223811096557293,4.480951812783033,24
DENV1 NS1,New Caledonia,7,4.480951812783033,4.738092529008774,32
DENV1 NS1,New Caledonia,8,4.738092529008774,4.995233245234514,42
DENV1 NS1,New Caledonia,9,4.995233245234514,5.252373961460254,25
DENV1 NS1,New Caledonia,10,5.252373961460254,5.509514677685994,18
DENV1 NS1,New Caledonia,11,5.509514677685994,5.766655393911734,19
DENV1 NS1,New Caledonia,12,5.766655393911734,6.023796110137475,20
DENV1 NS1,New Caledonia,13,6.023796110137475,6.280936826363215,11
DENV1 NS1,New Caledonia,14,6.280936826363215,6.5380775425889555,7
DENV1 NS1,New Caledonia,15,6.5380775425889555,6.795218258814696,0
DENV1 NS1,New Caledonia,16,6.795218258814696,7.052358975040436,0
DENV1 NS1,New Caledonia,17,7.052358975040436,7.3094996912661765,3
DENV1 NS1,New Caledonia,18,7.3094996912661765,7.566640407491916,17
DENV1 NS1,New Caledonia,19,7.566640407491916,7.823781123717657,25
DENV1 NS1,New Caledonia,20,7.823781123717657,8.080921839943397,34
DENV1 NS1,New Caledonia,21,8.080921839943397,8.338062556169138,43
DENV1 NS1,New Caledonia,22,8.338062556169138,8.595203272394876,53
DENV1 NS1,New Caledonia,23,8.595203272394876,8.852343988620618,61
DENV1 NS1,New Caledonia,24,8.852343988620618,9.10948470484636,79
DENV1 NS1,New Caledonia,25,9.10948470484636,9.366625421072097,60
DENV1 NS1,New Caledonia,26,9.366625421072097,9.623766137297839,18
DENV1 NS1,New Caledonia,27,9.623766137297839,9.880906853523578,1
DENV1 NS1,New Caledonia,28,9.880906853523578,10.138047569749318,0
DENV1 NS1,New Caledonia,29,10.138047569749318,10.39518828597506,0
DENV1 NS1,New Caledonia,30,10.39518828597506,10.6523290022008,0
DENV1 NS1,Peru,1,2.938107515428592,3.195248231654332,0
DENV1 NS1,Peru,2,3.195248231654332,3.4523889478800722,12
DENV1 NS1,Peru,3,3.4523889478800722,3.709529664105813,50
DENV1 NS1,Peru,4,3.709529664105813,3.9666703803315526,66
DENV1 NS1,Peru,5,3.9666703803315526,4.223811096557293,78
DENV1 NS1,Peru,6,4.223811096557293,4.480951812783033,57
DENV1 NS1,Peru,7,4.480951812783033,4.738092529008774,54
DENV1 NS1,Peru,8,4.738092529008774,4.995233245234514,34
DENV1 NS1,Peru,9,4.995233245234514,5.252373961460254,44
DENV1 NS1,Peru,10,5.252373961460254,5.509514677685994,31
DENV1 NS1,Peru,11,5.509514677685994,5.766655393911734,23
DENV1 NS1,Peru,12,5.766655393911734,6.023796110137475,30
DENV1 NS1,Peru,13,6.023796110137475,6.280936826363215,25
DENV1 NS1,Peru,14,6.280936826363215,6.5380775425889555,8
DENV1 NS1,Peru,15,6.5380775425889555,6.795218258814696,7
DENV1 NS1,Peru,16,6.795218258814696,7.052358975040436,6
DENV1 NS1,Peru,17,7.052358975040436,7.3094996912661765,11
DENV1 NS1,Peru,18,7.3094996912661765,7.566640407491916,22
DENV1 NS1,Peru,19,7.566640407491916,7.823781123717657,26
DENV1 NS1,Peru,20,7.823781123717657,8.080921839943397,28
DENV1 NS1,Peru,21,8.080921839943397,8.338062556169138,32
DENV1 NS1,Peru,22,8.338062556169138,8.595203272394876,30
DENV1 NS1,Peru,23,8.595203272394876,8.852343988620618,43
DENV1 NS1,Peru,24,8.852343988620618,9.10948470484636,71
DENV1 NS1,Peru,25,9.10948470484636,9.366625421072097,62
DENV1 NS1,Peru,26,9.366625421072097,9.623766137297839,24
DENV1 NS1,Peru,27,9.623766137297839,9.880906853523578,4
DENV1 NS1,Peru,28,9.880906853523578,10.138047569749318,2
DENV1 NS1,Peru,29,10.138047569749318,10.39518828597506,0
DENV1 NS1,Peru,30,10.39518828597506,10.6523290022008,0
DENV1 NS1,Senegal,1,2.938107515428592,3.195248231654332,0
DENV1 NS1,Senegal,2,3.195248231654332,3.4523889478800722,6
DENV1 NS1,Senegal,3,3.4523889478800722,3.709529664105813,47
DENV1 NS1,Senegal,4,3.709529664105813,3.9666703803315526,21
DENV1 NS1,Senegal,5,3.9666703803315526,4.223811096557293,6
DENV1 NS1,Senegal,6,4.223811096557293,4.480951812783033,3
DENV1 NS1,Senegal,7,4.480951812783033,4.738092529008774,3
DENV1 NS1,Senegal,8,4.738092529008774,4.995233245234514,5
DENV1 NS1,Senegal,9,4.995233245234514,5.252373961460254,53
DENV1 NS1,Senegal,10,5.252373961460254,5.509514677685994,136
DENV1 NS1,Senegal,11,5.509514677685994,5.766655393911734,207
DENV1 NS1,Senegal,12,5.766655393911734,6.023796110137475,216
DENV1 NS1,Senegal,13,6.023796110137475,6.280936826363215,86
DENV1 NS1,Senegal,14,6.280936826363215,6.5380775425889555,52
DENV1 NS1,Senegal,15,6.5380775425889555,6.795218258814696,45
DENV1 NS1,Senegal,16,6.795218258814696,7.052358975040436,45
DENV1 NS1,Senegal,17,7.052358975040436,7.3094996912661765,51
DENV1 NS1,Senegal,18,7.3094996912661765,7.566640407491916,59
DENV1 NS1,Senegal,19,7.566640407491916,7.823781123717657,55
DENV1 NS1,Senegal,20,7.823781123717657,8.080921839943397,37
DENV1 NS1,Senegal,21,8.080921839943397,8.338062556169138,30
DENV1 NS1,Senegal,22,8.338062556169138,8.595203272394876,30
DENV1 NS1,Senegal,23,8.595203272394876,8.852343988620618,20
DENV1 NS1,Senegal,24,8.852343988620618,9.10948470484636,3
DENV1 NS1,Senegal,25,9.10948470484636,9.366625421072097,3
DENV1 NS1,Senegal,26,9.366625421072097,9.623766137297839,0
DENV1 NS1,Senegal,27,9.623766137297839,9.880906853523578,0
DENV1 NS1,Senegal,28,9.880906853523578,10.138047569749318,0
DENV1 NS1,Senegal,29,10.138047569749318,10.39518828597506,0
DENV1 NS1,Senegal,30,10.39518828597506,10.6523290022008,0
DENV1 VLP,French Guiana,1,2.938107515428592,3.195248231654332,0
DENV1 VLP,French Guiana,2,3.195248231654332,3.4523889478800722,0
DENV1 VLP,French Guiana,3,3.4523889478800722,3.709529664105813,0
DENV1 VLP,French Guiana,4,3.709529664105813,3.9666703803315526,3
DENV1 VLP,French Guiana,5,3.9666703803315526,4.223811096557293,0
DENV1 VLP,French Guiana,6,4.223811096557293,4.480951812783033,0
DENV1 VLP,French Guiana,7,4.480951812783033,4.738092529008774,1
DENV1 VLP,French Guiana,8,4.738092529008774,4.995233245234514,0
DENV1 VLP,French Guiana,9,4.995233245234514,5.252373961460254,3
DENV1 VLP,French Guiana,10,5.252373961460254,5.509514677685994,1
DENV1 VLP,French Guiana,11,5.509514677685994,5.766655393911734,4
DENV1 VLP,French Guiana,12,5.766655393911734,6.023796110137475,12
DENV1 VLP,French Guiana,13,6.023796110137475,6.280936826363215,5
DENV1 VLP,French Guiana,14,6.280936826363215,6.5380775425889555,4
DENV1 VLP,French Guiana,15,6.5380775425889555,6.795218258814696,3
DENV1 VLP,French Guiana,16,6.795218258814696,7.052358975040436,2
DENV1 VLP,French Guiana,17,7.052358975040436,7.3094996912661765,6
DENV1 VLP,French Guiana,18,7.3094996912661765,7.566640407491916,13
DENV1 VLP,French Guiana,19,7.566640407491916,7.823781123717657,7
DENV1 VLP,French Guiana,20,7.823781123717657,8.080921839943397,9
DENV1 VLP,French Guiana,21,8.080921839943397,8.338062556169138,13
DENV1 VLP,French Guiana,22,8.338062556169138,8.595203272394876,10
DENV1 VLP,French Guiana,23,8.595203272394876,8.852343988620618,30
DENV1 VLP,French Guiana,24,8.852343988620618,9.10948470484636,42
DENV1 VLP,French Guiana,25,9.10948470484636,9.366625421072097,56
DENV1 VLP,French Guiana,26,9.366625421072097,9.623766137297839,163
DENV1 VLP,French Guiana,27,9.623766137297839,9.880906853523578,275
DENV1 VLP,French Guiana,28,9.880906853523578,10.138047569749318,121
DENV1 VLP,French Guiana,29,10.138047569749318,10.39518828597506,4
DENV1 VLP,French Guiana,30,10.39518828597506,10.6523290022008,0
DENV1 VLP,New Caledonia,1,2.938107515428592,3.195248231654332,0
DENV1 VLP,New Caledonia,2,3.195248231654332,3.4523889478800722,0
DENV1 VLP,New Caledonia,3,3.4523889478800722,3.709529664105813,0
DENV1 VLP,New Caledonia,4,3.709529664105813,3.9666703803315526,0
DENV1 VLP,New Caledonia,5,3.9666703803315526,4.223811096557293,6
DENV1 VLP,New Caledonia,6,4.223811096557293,4.480951812783033,15
DENV1 VLP,New Caledonia,7,4.480951812783033,4.738092529008774,16
DENV1 VLP,New Caledonia,8,4.738092529008774,4.995233245234514,21
DENV1 VLP,New Caledonia,9,4.995233245234514,5.252373961460254,15
DENV1 VLP,New Caledonia,10,5.252373961460254,5.509514677685994,13
DENV1 VLP,New Caledonia,11,5.509514677685994,5.766655393911734,12
DENV1 VLP,New Caledonia,12,5.766655393911734,6.023796110137475,4
DENV1 VLP,New Caledonia,13,6.023796110137475,6.280936826363215,0
DENV1 VLP,New Caledonia,14,6.280936826363215,6.5380775425889555,0
DENV1 VLP,New Caledonia,15,6.5380775425889555,6.795218258814696,0
DENV1 VLP,New Caledonia,16,6.795218258814696,7.052358975040436,0
DENV1 VLP,New Caledonia,17,7.052358975040436,7.3094996912661765,0
DENV1 VLP,New Caledonia,18,7.3094996912661765,7.566640407491916,6
DENV1 VLP,New Caledonia,19,7.566640407491916,7.823781123717657,12
DENV1 VLP,New Caledonia,20,7.823781123717657,8.080921839943397,6
DENV1 VLP,New Caledonia,21,8.080921839943397,8.338062556169138,10
DENV1 VLP,New Caledonia,22,8.338062556169138,8.595203272394876,15
DENV1 VLP,New Caledonia,23,8.595203272394876,8.852343988620618,21
DENV1 VLP,New Caledonia,24,8.852343988620618,9.10948470484636,26
DENV1 VLP,New Caledonia,25,9.10948470484636,9.366625421072097,41
DENV1 VLP,New Caledonia,26,9.366625421072097,9.623766137297839,82
DENV1 VLP,New Caledonia,27,9.623766137297839,9.880906853523578,144
DENV1 VLP,New Caledonia,28,9.880906853523578,10.138047569749318,130
DENV1 VLP,New Caledonia,29,10.138047569749318,10.39518828597506,5
DENV1 VLP,New Caledonia,30,10.39518828597506,10.6523290022008,0
DENV1 VLP,Peru,1,2.938107515428592,3.195248231654332,0
DENV1 VLP,Peru,2,3.195248231654332,3.4523889478800722,1
DENV1 VLP,Peru,3,3.4523889478800722,3.709529664105813,6
DENV1 VLP,Peru,4,3.709529664105813,3.9666703803315526,15
DENV1 VLP,Peru,5,3.9666703803315526,4.223811096557293,20
DENV1 VLP,Peru,6,4.223811096557293,4.480951812783033,29
DENV1 VLP,Peru,7,4.480951812783033,4.738092529008774,22
DENV1 VLP,Peru,8,4.738092529008774,4.995233245234514,34
DENV1 VLP,Peru,9,4.995233245234514,5.252373961460254,23
DENV1 VLP,Peru,10,5.252373961460254,5.509514677685994,31
DENV1 VLP,Peru,11,5.509514677685994,5.766655393911734,20
DENV1 VLP,Peru,12,5.766655393911734,6.023796110137475,19
DENV1 VLP,Peru,13,6.023796110137475,6.280936826363215,9
DENV1 VLP,Peru,14,6.280936826363215,6.5380775425889555,3
DENV1 VLP,Peru,15,6.5380775425889555,6.795218258814696,5
DENV1 VLP,Peru,16,6.795218258814696,7.052358975040436,0
DENV1 VLP,Peru,17,7.052358975040436,7.3094996912661765,3
DENV1 VLP,Peru,18,7.3094996912661765,7.566640407491916,14
DENV1 VLP,Peru,19,7.566640407491916,7.823781123717657,27
DENV1 VLP,Peru,20,7.823781123717657,8.080921839943397,24
DENV1 VLP,Peru,21,8.080921839943397,8.338062556169138,21
DENV1 VLP,Peru,22,8.338062556169138,8.595203272394876,24
DENV1 VLP,Peru,23,8.595203272394876,8.852343988620618,25
DENV1 VLP,Peru,24,8.852343988620618,9.10948470484636,44
DENV1 VLP,Peru,25,9.10948470484636,9.366625421072097,64
DENV1 VLP,Peru,26,9.366625421072097,9.623766137297839,104
DENV1 VLP,Peru,27,9.623766137297839,9.880906853523578,157
DENV1 VLP,Peru,28,9.880906853523578,10.138047569749318,128
DENV1 VLP,Peru,29,10.138047569749318,10.39518828597506,8
DENV1 VLP,Peru,30,10.39518828597506,10.6523290022008,0
DENV1 VLP,Senegal,1,2.938107515428592,3.195248231654332,0
DENV1 VLP,Senegal,2,3.195248231654332,3.4523889478800722,8
DENV1 VLP,Senegal,3,3.4523889478800722,3.709529664105813,6
DENV1 VLP,Senegal,4,3.709529664105813,3.9666703803315526,3
DENV1 VLP,Senegal,5,3.9666703803315526,4.223811096557293,12
DENV1 VLP,Senegal,6,4.223811096557293,4.480951812783033,17
DENV1 VLP,Senegal,7,4.480951812783033,4.738092529008774,28
DENV1 VLP,Senegal,8,4.738092529008774,4.995233245234514,38
DENV1 VLP,Senegal,9,4.995233245234514,5.252373961460254,71
DENV1 VLP,Senegal,10,5.252373961460254,5.509514677685994,66
DENV1 VLP,Senegal,11,5.509514677685994,5.766655393911734,78
DENV1 VLP,Senegal,12,5.766655393911734,6.023796110137475,46
DENV1 VLP,Senegal,13,6.023796110137475,6.280936826363215,19
DENV1 VLP,Senegal,14,6.280936826363215,6.5380775425889555,5
DENV1 VLP,Senegal,15,6.5380775425889555,6.795218258814696,7
DENV1 VLP,Senegal,16,6.795218258814696,7.052358975040436,39
DENV1 VLP,Senegal,17,7.052358975040436,7.3094996912661765,51
DENV1 VLP,Senegal,18,7.3094996912661765,7.566640407491916,51
DENV1 VLP,Senegal,19,7.566640407491916,7.823781123717657,46
DENV1 VLP,Senegal,20,7.823781123717657,8.080921839943397,49
DENV1 VLP,Senegal,21,8.080921839943397,8.338062556169138,36
DENV1 VLP,Senegal,22,8.338062556169138,8.595203272394876,58
DENV1 VLP,Senegal,23,8.595203272394876,8.852343988620618,69
DENV1 VLP,Senegal,24,8.852343988620618,9.10948470484636,87
DENV1 VLP,Senegal,25,9.10948470484636,9.366625421072097,113
DENV1 VLP,Senegal,26,9.366625421072097,9.623766137297839,121
DENV1 VLP,Senegal,27,9.623766137297839,9.880906853523578,86
DENV1 VLP,Senegal,28,9.880906853523578,10.138047569749318,9
DENV1 VLP,Senegal,29,10.138047569749318,10.39518828597506,0
DENV1 VLP,Senegal,30,10.39518828597506,10.6523290022008,0
DENV2 EDIII,French Guiana,1,2.938107515428592,3.195248231654332,0
DENV2 EDIII,French Guiana,2,3.195248231654332,3.4523889478800722,0
DENV2 EDIII,French Guiana,3,3.4523889478800722,3.709529664105813,1
DENV2 EDIII,French Guiana,4,3.709529664105813,3.9666703803315526,0
DENV2 EDIII,French Guiana,5,3.9666703803315526,4.223811096557293,0
DENV2 EDIII,French Guiana,6,4.223811096557293,4.480951812783033,3
DENV2 EDIII,French Guiana,7,4.480951812783033,4.738092529008774,4
DENV2 EDIII,French Guiana,8,4.738092529008774,4.995233245234514,8
DENV2 EDIII,French Guiana,9,4.995233245234514,5.252373961460254,30
DENV2 EDIII,French Guiana,10,5.252373961460254,5.509514677685994,45
DENV2 EDIII,French Guiana,11,5.509514677685994,5.766655393911734,68
DENV2 EDIII,French Guiana,12,5.766655393911734,6.023796110137475,86
DENV2 EDIII,French Guiana,13,6.023796110137475,6.280936826363215,98
DENV2 EDIII,French Guiana,14,6.280936826363215,6.5380775425889555,41
DENV2 EDIII,French Guiana,15,6.5380775425889555,6.795218258814696,29
DENV2 EDIII,French Guiana,16,6.795218258814696,7.052358975040436,68
DENV2 EDIII,French Guiana,17,7.052358975040436,7.3094996912661765,75
DENV2 EDIII,French Guiana,18,7.3094996912661765,7.566640407491916,52
DENV2 EDIII,French Guiana,19,7.566640407491916,7.823781123717657,58
DENV2 EDIII,French Guiana,20,7.823781123717657,8.080921839943397,29
DENV2 EDIII,French Guiana,21,8.080921839943397,8.338062556169138,30
DENV2 EDIII,French Guiana,22,8.338062556169138,8.595203272394876,24
DENV2 EDIII,French Guiana,23,8.595203272394876,8.852343988620618,14
DENV2 EDIII,French Guiana,24,8.852343988620618,9.10948470484636,12
DENV2 EDIII,French Guiana,25,9.10948470484636,9.366625421072097,5
DENV2 EDIII,French Guiana,26,9.366625421072097,9.623766137297839,4
DENV2 EDIII,French Guiana,27,9.623766137297839,9.880906853523578,1
DENV2 EDIII,French Guiana,28,9.880906853523578,10.138047569749318,1
DENV2 EDIII,French Guiana,29,10.138047569749318,10.39518828597506,0
DENV2 EDIII,French Guiana,30,10.39518828597506,10.6523290022008,1
DENV2 EDIII,New Caledonia,1,2.938107515428592,3.195248231654332,0
DENV2 EDIII,New Caledonia,2,3.195248231654332,3.4523889478800722,0
DENV2 EDIII,New Caledonia,3,3.4523889478800722,3.709529664105813,0
DENV2 EDIII,New Caledonia,4,3.709529664105813,3.9666703803315526,0
DENV2 EDIII,New Caledonia,5,3.9666703803315526,4.223811096557293,0
DENV2 EDIII,New Caledonia,6,4.223811096557293,4.480951812783033,1
DENV2 EDIII,New Caledonia,7,4.480951812783033,4.738092529008774,2
DENV2 EDIII,New Caledonia,8,4.738092529008774,4.995233245234514,8
DENV2 EDIII,New Caledonia,9,4.995233245234514,5.252373961460254,29
DENV2 EDIII,New Caledonia,10,5.252373961460254,5.509514677685994,84
DENV2 EDIII,New Caledonia,11,5.509514677685994,5.766655393911734,92
DENV2 EDIII,New Caledonia,12,5.766655393911734,6.023796110137475,122
DENV2 EDIII,New Caledonia,13,6.023796110137475,6.280936826363215,96
DENV2 EDIII,New Caledonia,14,6.280936826363215,6.5380775425889555,57
DENV2 EDIII,New Caledonia,15,6.5380775425889555,6.795218258814696,19
DENV2 EDIII,New Caledonia,16,6.795218258814696,7.052358975040436,35
DENV2 EDIII,New Caledonia,17,7.052358975040436,7.3094996912661765,24
DENV2 EDIII,New Caledonia,18,7.3094996912661765,7.566640407491916,12
DENV2 EDIII,New Caledonia,19,7.566640407491916,7.823781123717657,5
DENV2 EDIII,New Caledonia,20,7.823781123717657,8.080921839943397,4
DENV2 EDIII,New Caledonia,21,8.080921839943397,8.338062556169138,2
DENV2 EDIII,New Caledonia,22,8.338062556169138,8.595203272394876,3
DENV2 EDIII,New Caledonia,23,8.595203272394876,8.852343988620618,4
DENV2 EDIII,New Caledonia,24,8.852343988620618,9.10948470484636,0
DENV2 EDIII,New Caledonia,25,9.10948470484636,9.366625421072097,0
DENV2 EDIII,New Caledonia,26,9.366625421072097,9.623766137297839,1
DENV2 EDIII,New Caledonia,27,9.623766137297839,9.880906853523578,0
DENV2 EDIII,New Caledonia,28,9.880906853523578,10.138047569749318,0
DENV2 EDIII,New Caledonia,29,10.138047569749318,10.39518828597506,0
DENV2 EDIII,New Caledonia,30,10.39518828597506,10.6523290022008,0
DENV2 EDIII,Peru,1,2.938107515428592,3.195248231654332,0
DENV2 EDIII,Peru,2,3.195248231654332,3.4523889478800722,1
DENV2 EDIII,Peru,3,3.4523889478800722,3.709529664105813,0
DENV2 EDIII,Peru,4,3.709529664105813,3.9666703803315526,0
DENV2 EDIII,Peru,5,3.9666703803315526,4.223811096557293,2
DENV2 EDIII,Peru,6,4.223811096557293,4.480951812783033,13
DENV2 EDIII,Peru,7,4.480951812783033,4.738092529008774,28
DENV2 EDIII,Peru,8,4.738092529008774,4.995233245234514,52
DENV2 EDIII,Peru,9,4.995233245234514,5.252373961460254,90
DENV2 EDIII,Peru,10,5.252373961460254,5.509514677685994,122
DENV2 EDIII,Peru,11,5.509514677685994,5.766655393911734,126
DENV2 EDIII,Peru,12,5.766655393911734,6.023796110137475,119
DENV2 EDIII,Peru,13,6.023796110137475,6.280936826363215,78
DENV2 EDIII,Peru,14,6.280936826363215,6.5380775425889555,72
DENV2 EDIII,Peru,15,6.5380775425889555,6.795218258814696,24
DENV2 EDIII,Peru,16,6.795218258814696,7.052358975040436,49
DENV2 EDIII,Peru,17,7.052358975040436,7.3094996912661765,32
DENV2 EDIII,Peru,18,7.3094996912661765,7.566640407491916,24
DENV2 EDIII,Peru,19,7.566640407491916,7.823781123717657,14
DENV2 EDIII,Peru,20,7.823781123717657,8.080921839943397,9
DENV2 EDIII,Peru,21,8.080921839943397,8.338062556169138,10
DENV2 EDIII,Peru,22,8.338062556169138,8.595203272394876,4
DENV2 EDIII,Peru,23,8.595203272394876,8.852343988620618,5
DENV2 EDIII,Peru,24,8.852343988620618,9.10948470484636,3
DENV2 EDIII,Peru,25,9.10948470484636,9.366625421072097,1
DENV2 EDIII,Peru,26,9.366625421072097,9.623766137297839,2
DENV2 EDIII,Peru,27,9.623766137297839,9.880906853523578,0
DENV2 EDIII,Peru,28,9.880906853523578,10.138047569749318,0
DENV2 EDIII,Peru,29,10.138047569749318,10.39518828597506,0
DENV2 EDIII,Peru,30,10.39518828597506,10.6523290022008,0
DENV2 EDIII,Senegal,1,2.938107515428592,3.195248231654332,0
DENV2 EDIII,Senegal,2,3.195248231654332,3.4523889478800722,0
DENV2 EDIII,Senegal,3,3.4523889478800722,3.709529664105813,0
DENV2 EDIII,Senegal,4,3.709529664105813,3.9666703803315526,0
DENV2 EDIII,Senegal,5,3.9666703803315526,4.223811096557293,0
DENV2 EDIII,Senegal,6,4.223811096557293,4.480951812783033,3
DENV2 EDIII,Senegal,7,4.480951812783033,4.738092529008774,6
DENV2 EDIII,Senegal,8,4.738092529008774,4.995233245234514,14
DENV2 EDIII,Senegal,9,4.995233245234514,5.252373961460254,17
DENV2 EDIII,Senegal,10,5.252373961460254,5.509514677685994,57
DENV2 EDIII,Senegal,11,5.509514677685994,5.766655393911734,139
DENV2 EDIII,Senegal,12,5.766655393911734,6.023796110137475,282
DENV2 EDIII,Senegal,13,6.023796110137475,6.280936826363215,248
DENV2 EDIII,Senegal,14,6.280936826363215,6.5380775425889555,176
DENV2 EDIII,Senegal,15,6.5380775425889555,6.795218258814696,80
DENV2 EDIII,Senegal,16,6.795218258814696,7.052358975040436,66
DENV2 EDIII,Senegal,17,7.052358975040436,7.3094996912661765,62
DENV2 EDIII,Senegal,18,7.3094996912661765,7.566640407491916,28
DENV2 EDIII,Senegal,19,7.566640407491916,7.823781123717657,18
DENV2 EDIII,Senegal,20,7.823781123717657,8.080921839943397,7
DENV2 EDIII,Senegal,21,8.080921839943397,8.338062556169138,7
DENV2 EDIII,Senegal,22,8.338062556169138,8.595203272394876,2
DENV2 EDIII,Senegal,23,8.595203272394876,8.852343988620618,4
DENV2 EDIII,Senegal,24,8.852343988620618,9.10948470484636,1
DENV2 EDIII,Senegal,25,9.10948470484636,9.366625421072097,0
DENV2 EDIII,Senegal,26,9.366625421072097,9.623766137297839,0
DENV2 EDIII,Senegal,27,9.623766137297839,9.880906853523578,2
DENV2 EDIII,Senegal,28,9.880906853523578,10.138047569749318,0
DENV2 EDIII,Senegal,29,10.138047569749318,10.39518828597506,0
DENV2 EDIII,Senegal,30,10.39518828597506,10.6523290022008,0
DENV2 NS1,French Guiana,1,2.938107515428592,3.195248231654332,0
DENV2 NS1,French Guiana,2,3.195248231654332,3.4523889478800722,0
DENV2 NS1,French Guiana,3,3.4523889478800722,3.709529664105813,0
DENV2 NS1,French Guiana,4,3.709529664105813,3.9666703803315526,9
DENV2 NS1,French Guiana,5,3.9666703803315526,4.223811096557293,15
DENV2 NS1,French Guiana,6,4.223811096557293,4.480951812783033,19
DENV2 NS1,French Guiana,7,4.480951812783033,4.738092529008774,31
DENV2 NS1,French Guiana,8,4.738092529008774,4.995233245234514,28
DENV2 NS1,French Guiana,9,4.995233245234514,5.252373961460254,22
DENV2 NS1,French Guiana,10,5.252373961460254,5.509514677685994,22
DENV2 NS1,French Guiana,11,5.509514677685994,5.766655393911734,23
DENV2 NS1,French Guiana,12,5.766655393911734,6.023796110137475,20
DENV2 NS1,French Guiana,13,6.023796110137475,6.280936826363215,28
DENV2 NS1,French Guiana,14,6.280936826363215,6.5380775425889555,26
DENV2 NS1,French Guiana,15,6.5380775425889555,6.795218258814696,10
DENV2 NS1,French Guiana,16,6.795218258814696,7.052358975040436,23
DENV2 NS1,French Guiana,17,7.052358975040436,7.3094996912661765,29
DENV2 NS1,French Guiana,18,7.3094996912661765,7.566640407491916,33
DENV2 NS1,French Guiana,19,7.566640407491916,7.823781123717657,28
DENV2 NS1,French Guiana,20,7.823781123717657,8.080921839943397,37
DENV2 NS1,French Guiana,21,8.080921839943397,8.338062556169138,26
DENV2 NS1,French Guiana,22,8.338062556169138,8.595203272394876,54
DENV2 NS1,French Guiana,23,8.595203272394876,8.852343988620618,81
DENV2 NS1,French Guiana,24,8.852343988620618,9.10948470484636,109
DENV2 NS1,French Guiana,25,9.10948470484636,9.366625421072097,92
DENV2 NS1,French Guiana,26,9.366625421072097,9.623766137297839,22
DENV2 NS1,French Guiana,27,9.623766137297839,9.880906853523578,0
DENV2 NS1,French Guiana,28,9.880906853523578,10.138047569749318,0
DENV2 NS1,French Guiana,29,10.138047569749318,10.39518828597506,0
DENV2 NS1,French Guiana,30,10.39518828597506,10.6523290022008,0
DENV2 NS1,New Caledonia,1,2.938107515428592,3.195248231654332,0
DENV2 NS1,New Caledonia,2,3.195248231654332,3.4523889478800722,0
DENV2 NS1,New Caledonia,3,3.4523889478800722,3.709529664105813,0
DENV2 NS1,New Caledonia,4,3.709529664105813,3.9666703803315526,0
DENV2 NS1,New Caledonia,5,3.9666703803315526,4.223811096557293,3
DENV2 NS1,New Caledonia,6,4.223811096557293,4.480951812783033,14
DENV2 NS1,New Caledonia,7,4.480951812783033,4.738092529008774,28
DENV2 NS1,New Caledonia,8,4.738092529008774,4.995233245234514,31
DENV2 NS1,New Caledonia,9,4.995233245234514,5.252373961460254,37
DENV2 NS1,New Caledonia,10,5.252373961460254,5.509514677685994,29
DENV2 NS1,New Caledonia,11,5.509514677685994,5.766655393911734,25
DENV2 NS1,New Caledonia,12,5.766655393911734,6.023796110137475,27
DENV2 NS1,New Caledonia,13,6.023796110137475,6.280936826363215,24
DENV2 NS1,New Caledonia,14,6.280936826363215,6.5380775425889555,20
DENV2 NS1,New Caledonia,15,6.5380775425889555,6.795218258814696,3
DENV2 NS1,New Caledonia,16,6.795218258814696,7.052358975040436,0
DENV2 NS1,New Caledonia,17,7.052358975040436,7.3094996912661765,0
DENV2 NS1,New Caledonia,18,7.3094996912661765,7.566640407491916,1
DENV2 NS1,New Caledonia,19,7.566640407491916,7.823781123717657,16
DENV2 NS1,New Caledonia,20,7.823781123717657,8.080921839943397,33
DENV2 NS1,New Caledonia,21,8.080921839943397,8.338062556169138,40
DENV2 NS1,New Caledonia,22,8.338062556169138,8.595203272394876,36
DENV2 NS1,New Caledonia,23,8.595203272394876,8.852343988620618,63
DENV2 NS1,New Caledonia,24,8.852343988620618,9.10948470484636,59
DENV2 NS1,New Caledonia,25,9.10948470484636,9.366625421072097,72
DENV2 NS1,New Caledonia,26,9.366625421072097,9.623766137297839,36
DENV2 NS1,New Caledonia,27,9.623766137297839,9.880906853523578,3
DENV2 NS1,New Caledonia,28,9.880906853523578,10.138047569749318,0
DENV2 NS1,New Caledonia,29,10.138047569749318,10.39518828597506,0
DENV2 NS1,New Caledonia,30,10.39518828597506,10.6523290022008,0
DENV2 NS1,Peru,1,2.938107515428592,3.195248231654332,0
DENV2 NS1,Peru,2,3.195248231654332,3.4523889478800722,5
DENV2 NS1,Peru,3,3.4523889478800722,3.709529664105813,38
DENV2 NS1,Peru,4,3.709529664105813,3.9666703803315526,60
DENV2 NS1,Peru,5,3.9666703803315526,4.223811096557293,74
DENV2 NS1,Peru,6,4.223811096557293,4.480951812783033,56
DENV2 NS1,Peru,7,4.480951812783033,4.738092529008774,52
DENV2 NS1,Peru,8,4.738092529008774,4.995233245234514,45
DENV2 NS1,Peru,9,4.995233245234514,5.252373961460254,35
DENV2 NS1,Peru,10,5.252373961460254,5.509514677685994,30
DENV2 NS1,Peru,11,5.509514677685994,5.766655393911734,41
DENV2 NS1,Peru,12,5.766655393911734,6.023796110137475,25
DENV2 NS1,Peru,13,6.023796110137475,6.280936826363215,28
DENV2 NS1,Peru,14,6.280936826363215,6.5380775425889555,13
DENV2 NS1,Peru,15,6.5380775425889555,6.795218258814696,8
DENV2 NS1,Peru,16,6.795218258814696,7.052358975040436,1
DENV2 NS1,Peru,17,7.052358975040436,7.3094996912661765,5
DENV2 NS1,Peru,18,7.3094996912661765,7.566640407491916,17
DENV2 NS1,Peru,19,7.566640407491916,7.823781123717657,34
DENV2 NS1,Peru,20,7.823781123717657,8.080921839943397,23
DENV2 NS1,Peru,21,8.080921839943397,8.338062556169138,40
DENV2 NS1,Peru,22,8.338062556169138,8.595203272394876,45
DENV2 NS1,Peru,23,8.595203272394876,8.852343988620618,38
DENV2 NS1,Peru,24,8.852343988620618,9.10948470484636,46
DENV2 NS1,Peru,25,9.10948470484636,9.366625421072097,70
DENV2 NS1,Peru,26,9.366625421072097,9.623766137297839,41
DENV2 NS1,Peru,27,9.623766137297839,9.880906853523578,8
DENV2 NS1,Peru,28,9.880906853523578,10.138047569749318,2
DENV2 NS1,Peru,29,10.138047569749318,10.39518828597506,0
DENV2 NS1,Peru,30,10.39518828597506,10.6523290022008,0
DENV2 NS1,Senegal,1,2.938107515428592,3.195248231654332,0
DENV2 NS1,Senegal,2,3.195248231654332,3.4523889478800722,5
DENV2 NS1,Senegal,3,3.4523889478800722,3.709529664105813,52
DENV2 NS1,Senegal,4,3.709529664105813,3.9666703803315526,17
DENV2 NS1,Senegal,5,3.9666703803315526,4.223811096557293,7
DENV2 NS1,Senegal,6,4.223811096557293,4.480951812783033,3
DENV2 NS1,Senegal,7,4.480951812783033,4.738092529008774,1
DENV2 NS1,Senegal,8,4.738092529008774,4.995233245234514,4
DENV2 NS1,Senegal,9,4.995233245234514,5.252373961460254,19
DENV2 NS1,Senegal,10,5.252373961460254,5.509514677685994,89
DENV2 NS1,Senegal,11,5.509514677685994,5.766655393911734,178
DENV2 NS1,Senegal,12,5.766655393911734,6.023796110137475,235
DENV2 NS1,Senegal,13,6.023796110137475,6.280936826363215,133
DENV2 NS1,Senegal,14,6.280936826363215,6.5380775425889555,61
DENV2 NS1,Senegal,15,6.5380775425889555,6.795218258814696,47
DENV2 NS1,Senegal,16,6.795218258814696,7.052358975040436,52
DENV2 NS1,Senegal,17,7.052358975040436,7.3094996912661765,41
DENV2 NS1,Senegal,18,7.3094996912661765,7.566640407491916,51
DENV2 NS1,Senegal,19,7.566640407491916,7.823781123717657,62
DENV2 NS1,Senegal,20,7.823781123717657,8.080921839943397,40
DENV2 NS1,Senegal,21,8.080921839943397,8.338062556169138,45
DENV2 NS1,Senegal,22,8.338062556169138,8.595203272394876,29
DENV2 NS1,Senegal,23,8.595203272394876,8.852343988620618,32
DENV2 NS1,Senegal,24,8.852343988620618,9.10948470484636,13
DENV2 NS1,Senegal,25,9.10948470484636,9.366625421072097,3
DENV2 NS1,Senegal,26,9.366625421072097,9.623766137297839,0
DENV2 NS1,Senegal,27,9.623766137297839,9.880906853523578,0
DENV2 NS1,Senegal,28,9.880906853523578,10.138047569749318,0
DENV2 NS1,Senegal,29,10.138047569749318,10.39518828597506,0
DENV2 NS1,Senegal,30,10.39518828597506,10.6523290022008,0
DENV2 VLP,French Guiana,1,2.938107515428592,3.195248231654332,0
DENV2 VLP,French Guiana,2,3.195248231654332,3.4523889478800722,0
DENV2 VLP,French Guiana,3,3.4523889478800722,3.709529664105813,0
DENV2 VLP,French Guiana,4,3.709529664105813,3.9666703803315526,0
DENV2 VLP,French Guiana,5,3.9666703803315526,4.223811096557293,2
DENV2 VLP,French Guiana,6,4.223811096557293,4.480951812783033,0
DENV2 VLP,French Guiana,7,4.480951812783033,4.738092529008774,1
DENV2 VLP,French Guiana,8,4.738092529008774,4.995233245234514,0
DENV2 VLP,French Guiana,9,4.995233245234514,5.252373961460254,1
DENV2 VLP,French Guiana,10,5.252373961460254,5.509514677685994,1
DENV2 VLP,French Guiana,11,5.509514677685994,5.766655393911734,3
DENV2 VLP,French Guiana,12,5.766655393911734,6.023796110137475,3
DENV2 VLP,French Guiana,13,6.023796110137475,6.280936826363215,5
DENV2 VLP,French Guiana,14,6.280936826363215,6.5380775425889555,5
DENV2 VLP,French Guiana,15,6.5380775425889555,6.795218258814696,3
DENV2 VLP,French Guiana,16,6.795218258814696,7.052358975040436,5
DENV2 VLP,French Guiana,17,7.052358975040436,7.3094996912661765,10
DENV2 VLP,French Guiana,18,7.3094996912661765,7.566640407491916,6
DENV2 VLP,French Guiana,19,7.566640407491916,7.823781123717657,10
DENV2 VLP,French Guiana,20,7.823781123717657,8.080921839943397,7
DENV2 VLP,French Guiana,21,8.080921839943397,8.338062556169138,9
DENV2 VLP,French Guiana,22,8.338062556169138,8.595203272394876,10
DENV2 VLP,French Guiana,23,8.595203272394876,8.852343988620618,22
DENV2 VLP,French Guiana,24,8.852343988620618,9.10948470484636,22
DENV2 VLP,French Guiana,25,9.10948470484636,9.366625421072097,67
DENV2 VLP,French Guiana,26,9.366625421072097,9.623766137297839,82
DENV2 VLP,French Guiana,27,9.623766137297839,9.880906853523578,320
DENV2 VLP,French Guiana,28,9.880906853523578,10.138047569749318,190
DENV2 VLP,French Guiana,29,10.138047569749318,10.39518828597506,3
DENV2 VLP,French Guiana,30,10.39518828597506,10.6523290022008,0
DENV2 VLP,New Caledonia,1,2.938107515428592,3.195248231654332,0
DENV2 VLP,New Caledonia,2,3.195248231654332,3.4523889478800722,0
DENV2 VLP,New Caledonia,3,3.4523889478800722,3.709529664105813,0
DENV2 VLP,New Caledonia,4,3.709529664105813,3.9666703803315526,0
DENV2 VLP,New Caledonia,5,3.9666703803315526,4.223811096557293,0
DENV2 VLP,New Caledonia,6,4.223811096557293,4.480951812783033,6
DENV2 VLP,New Caledonia,7,4.480951812783033,4.738092529008774,13
DENV2 VLP,New Caledonia,8,4.738092529008774,4.995233245234514,15
DENV2 VLP,New Caledonia,9,4.995233245234514,5.252373961460254,25
DENV2 VLP,New Caledonia,10,5.252373961460254,5.509514677685994,16
DENV2 VLP,New Caledonia,11,5.509514677685994,5.766655393911734,6
DENV2 VLP,New Caledonia,12,5.766655393911734,6.023796110137475,14
DENV2 VLP,New Caledonia,13,6.023796110137475,6.280936826363215,5
DENV2 VLP,New Caledonia,14,6.280936826363215,6.5380775425889555,1
DENV2 VLP,New Caledonia,15,6.5380775425889555,6.795218258814696,0
DENV2 VLP,New Caledonia,16,6.795218258814696,7.052358975040436,0
DENV2 VLP,New Caledonia,17,7.052358975040436,7.3094996912661765,0
DENV2 VLP,New Caledonia,18,7.3094996912661765,7.566640407491916,6
DENV2 VLP,New Caledonia,19,7.566640407491916,7.823781123717657,6
DENV2 VLP,New Caledonia,20,7.823781123717657,8.080921839943397,2
DENV2 VLP,New Caledonia,21,8.080921839943397,8.338062556169138,13
DENV2 VLP,New Caledonia,22,8.338062556169138,8.595203272394876,11
DENV2 VLP,New Caledonia,23,8.595203272394876,8.852343988620618,12
DENV2 VLP,New Caledonia,24,8.852343988620618,9.10948470484636,16
DENV2 VLP,New Caledonia,25,9.10948470484636,9.366625421072097,44
DENV2 VLP,New Caledonia,26,9.366625421072097,9.623766137297839,67
DENV2 VLP,New Caledonia,27,9.623766137297839,9.880906853523578,165
DENV2 VLP,New Caledonia,28,9.880906853523578,10.138047569749318,157
DENV2 VLP,New Caledonia,29,10.138047569749318,10.39518828597506,0
DENV2 VLP,New Caledonia,30,10.39518828597506,10.6523290022008,0
DENV2 VLP,Peru,1,2.938107515428592,3.195248231654332,0
DENV2 VLP,Peru,2,3.195248231654332,3.4523889478800722,0
DENV2 VLP,Peru,3,3.4523889478800722,3.709529664105813,1
DENV2 VLP,Peru,4,3.709529664105813,3.9666703803315526,2
DENV2 VLP,Peru,5,3.9666703803315526,4.223811096557293,9
DENV2 VLP,Peru,6,4.223811096557293,4.480951812783033,12
DENV2 VLP,Peru,7,4.480951812783033,4.738092529008774,28
DENV2 VLP,Peru,8,4.738092529008774,4.995233245234514,21
DENV2 VLP,Peru,9,4.995233245234514,5.252373961460254,29
DENV2 VLP,Peru,10,5.252373961460254,5.509514677685994,24
DENV2 VLP,Peru,11,5.509514677685994,5.766655393911734,30
DENV2 VLP,Peru,12,5.766655393911734,6.023796110137475,33
DENV2 VLP,Peru,13,6.023796110137475,6.280936826363215,13
DENV2 VLP,Peru,14,6.280936826363215,6.5380775425889555,9
DENV2 VLP,Peru,15,6.5380775425889555,6.795218258814696,3
DENV2 VLP,Peru,16,6.795218258814696,7.052358975040436,1
DENV2 VLP,Peru,17,7.052358975040436,7.3094996912661765,4
DENV2 VLP,Peru,18,7.3094996912661765,7.566640407491916,15
DENV2 VLP,Peru,19,7.566640407491916,7.823781123717657,27
DENV2 VLP,Peru,20,7.823781123717657,8.080921839943397,22
DENV2 VLP,Peru,21,8.080921839943397,8.338062556169138,16
DENV2 VLP,Peru,22,8.338062556169138,8.595203272394876,12
DENV2 VLP,Peru,23,8.595203272394876,8.852343988620618,25
DENV2 VLP,Peru,24,8.852343988620618,9.10948470484636,29
DENV2 VLP,Peru,25,9.10948470484636,9.366625421072097,50
DENV2 VLP,Peru,26,9.366625421072097,9.623766137297839,92
DENV2 VLP,Peru,27,9.623766137297839,9.880906853523578,183
DENV2 VLP,Peru,28,9.880906853523578,10.138047569749318,172
DENV2 VLP,Peru,29,10.138047569749318,10.39518828597506,18
DENV2 VLP,Peru,30,10.39518828597506,10.6523290022008,0
DENV2 VLP,Senegal,1,2.938107515428592,3.195248231654332,0
DENV2 VLP,Senegal,2,3.195248231654332,3.4523889478800722,0
DENV2 VLP,Senegal,3,3.4523889478800722,3.709529664105813,2
DENV2 VLP,Senegal,4,3.709529664105813,3.9666703803315526,4
DENV2 VLP,Senegal,5,3.9666703803315526,4.223811096557293,8
DENV2 VLP,Senegal,6,4.223811096557293,4.480951812783033,18
DENV2 VLP,Senegal,7,4.480951812783033,4.738092529008774,21
DENV2 VLP,Senegal,8,4.738092529008774,4.995233245234514,30
DENV2 VLP,Senegal,9,4.995233245234514,5.252373961460254,36
DENV2 VLP,Senegal,10,5.252373961460254,5.509514677685994,69
DENV2 VLP,Senegal,11,5.509514677685994,5.766655393911734,59
DENV2 VLP,Senegal,12,5.766655393911734,6.023796110137475,42
DENV2 VLP,Senegal,13,6.023796110137475,6.280936826363215,19
DENV2 VLP,Senegal,14,6.280936826363215,6.5380775425889555,9
DENV2 VLP,Senegal,15,6.5380775425889555,6.795218258814696,11
DENV2 VLP,Senegal,16,6.795218258814696,7.052358975040436,47
DENV2 VLP,Senegal,17,7.052358975040436,7.3094996912661765,64
DENV2 VLP,Senegal,18,7.3094996912661765,7.566640407491916,51
DENV2 VLP,Senegal,19,7.566640407491916,7.823781123717657,48
DENV2 VLP,Senegal,20,7.823781123717657,8.080921839943397,35
DENV2 VLP,Senegal,21,8.080921839943397,8.338062556169138,31
DENV2 VLP,Senegal,22,8.338062556169138,8.595203272394876,49
DENV2 VLP,Senegal,23,8.595203272394876,8.852343988620618,66
DENV2 VLP,Senegal,24,8.852343988620618,9.10948470484636,62
DENV2 VLP,Senegal,25,9.10948470484636,9.366625421072097,106
DENV2 VLP,Senegal,26,9.366625421072097,9.623766137297839,148
DENV2 VLP,Senegal,27,9.623766137297839,9.880906853523578,162
DENV2 VLP,Senegal,28,9.880906853523578,10.138047569749318,22
DENV2 VLP,Senegal,29,10.138047569749318,10.39518828597506,0
DENV2 VLP,Senegal,30,10.39518828597506,10.6523290022008,0
DENV3 EDIII,French Guiana,1,2.938107515428592,3.195248231654332,0
DENV3 EDIII,French Guiana,2,3.195248231654332,3.4523889478800722,0
DENV3 EDIII,French Guiana,3,3.4523889478800722,3.709529664105813,0
DENV3 EDIII,French Guiana,4,3.709529664105813,3.9666703803315526,0
DENV3 EDIII,French Guiana,5,3.9666703803315526,4.223811096557293,2
DENV3 EDIII,French Guiana,6,4.223811096557293,4.480951812783033,2
DENV3 EDIII,French Guiana,7,4.480951812783033,4.738092529008774,11
DENV3 EDIII,French Guiana,8,4.738092529008774,4.995233245234514,18
DENV3 EDIII,French Guiana,9,4.995233245234514,5.252373961460254,33
DENV3 EDIII,French Guiana,10,5.252373961460254,5.509514677685994,75
DENV3 EDIII,French Guiana,11,5.509514677685994,5.766655393911734,95
DENV3 EDIII,French Guiana,12,5.766655393911734,6.023796110137475,104
DENV3 EDIII,French Guiana,13,6.023796110137475,6.280936826363215,100
DENV3 EDIII,French Guiana,14,6.280936826363215,6.5380775425889555,57
DENV3 EDIII,French Guiana,15,6.5380775425889555,6.795218258814696,25
DENV3 EDIII,French Guiana,16,6.795218258814696,7.052358975040436,39
DENV3 EDIII,French Guiana,17,7.052358975040436,7.3094996912661765,44
DENV3 EDIII,French Guiana,18,7.3094996912661765,7.566640407491916,49
DENV3 EDIII,French Guiana,19,7.566640407491916,7.823781123717657,48
DENV3 EDIII,French Guiana,20,7.823781123717657,8.080921839943397,24
DENV3 EDIII,French Guiana,21,8.080921839943397,8.338062556169138,23
DENV3 EDIII,French Guiana,22,8.338062556169138,8.595203272394876,11
DENV3 EDIII,French Guiana,23,8.595203272394876,8.852343988620618,11
DENV3 EDIII,French Guiana,24,8.852343988620618,9.10948470484636,2
DENV3 EDIII,French Guiana,25,9.10948470484636,9.366625421072097,8
DENV3 EDIII,French Guiana,26,9.366625421072097,9.623766137297839,2
DENV3 EDIII,French Guiana,27,9.623766137297839,9.880906853523578,1
DENV3 EDIII,French Guiana,28,9.880906853523578,10.138047569749318,1
DENV3 EDIII,French Guiana,29,10.138047569749318,10.39518828597506,2
DENV3 EDIII,French Guiana,30,10.39518828597506,10.6523290022008,0
DENV3 EDIII,New Caledonia,1,2.938107515428592,3.195248231654332,0
DENV3 EDIII,New Caledonia,2,3.195248231654332,3.4523889478800722,0
DENV3 EDIII,New Caledonia,3,3.4523889478800722,3.709529664105813,0
DENV3 EDIII,New Caledonia,4,3.709529664105813,3.9666703803315526,0
DENV3 EDIII,New Caledonia,5,3.9666703803315526,4.223811096557293,0
DENV3 EDIII,New Caledonia,6,4.223811096557293,4.480951812783033,2
DENV3 EDIII,New Caledonia,7,4.480951812783033,4.738092529008774,5
DENV3 EDIII,New Caledonia,8,4.738092529008774,4.995233245234514,26
DENV3 EDIII,New Caledonia,9,4.995233245234514,5.252373961460254,67
DENV3 EDIII,New Caledonia,10,5.252373961460254,5.509514677685994,106
DENV3 EDIII,New Caledonia,11,5.509514677685994,5.766655393911734,113
DENV3 EDIII,New Caledonia,12,5.766655393911734,6.023796110137475,99
DENV3 EDIII,New Caledonia,13,6.023796110137475,6.280936826363215,79
DENV3 EDIII,New Caledonia,14,6.280936826363215,6.5380775425889555,43
DENV3 EDIII,New Caledonia,15,6.5380775425889555,6.795218258814696,24
DENV3 EDIII,New Caledonia,16,6.795218258814696,7.052358975040436,17
DENV3 EDIII,New Caledonia,17,7.052358975040436,7.3094996912661765,10
DENV3 EDIII,New Caledonia,18,7.3094996912661765,7.566640407491916,4
DENV3 EDIII,New Caledonia,19,7.566640407491916,7.823781123717657,2
DENV3 EDIII,New Caledonia,20,7.823781123717657,8.080921839943397,1
DENV3 EDIII,New Caledonia,21,8.080921839943397,8.338062556169138,1
DENV3 EDIII,New Caledonia,22,8.338062556169138,8.595203272394876,0
DENV3 EDIII,New Caledonia,23,8.595203272394876,8.852343988620618,0
DENV3 EDIII,New Caledonia,24,8.852343988620618,9.10948470484636,0
DENV3 EDIII,New Caledonia,25,9.10948470484636,9.366625421072097,0
DENV3 EDIII,New Caledonia,26,9.366625421072097,9.623766137297839,1
DENV3 EDIII,New Caledonia,27,9.623766137297839,9.880906853523578,0
DENV3 EDIII,New Caledonia,28,9.880906853523578,10.138047569749318,0
DENV3 EDIII,New Caledonia,29,10.138047569749318,10.39518828597506,0
DENV3 EDIII,New Caledonia,30,10.39518828597506,10.6523290022008,0
DENV3 EDIII,Peru,1,2.938107515428592,3.195248231654332,0
DENV3 EDIII,Peru,2,3.195248231654332,3.4523889478800722,0
DENV3 EDIII,Peru,3,3.4523889478800722,3.709529664105813,0
DENV3 EDIII,Peru,4,3.709529664105813,3.9666703803315526,3
DENV3 EDIII,Peru,5,3.9666703803315526,4.223811096557293,5
DENV3 EDIII,Peru,6,4.223811096557293,4.480951812783033,16
DENV3 EDIII,Peru,7,4.480951812783033,4.738092529008774,49
DENV3 EDIII,Peru,8,4.738092529008774,4.995233245234514,84
DENV3 EDIII,Peru,9,4.995233245234514,5.252373961460254,132
DENV3 EDIII,Peru,10,5.252373961460254,5.509514677685994,133
DENV3 EDIII,Peru,11,5.509514677685994,5.766655393911734,132
DENV3 EDIII,Peru,12,5.766655393911734,6.023796110137475,104
DENV3 EDIII,Peru,13,6.023796110137475,6.280936826363215,79
DENV3 EDIII,Peru,14,6.280936826363215,6.5380775425889555,45
DENV3 EDIII,Peru,15,6.5380775425889555,6.795218258814696,30
DENV3 EDIII,Peru,16,6.795218258814696,7.052358975040436,21
DENV3 EDIII,Peru,17,7.052358975040436,7.3094996912661765,16
DENV3 EDIII,Peru,18,7.3094996912661765,7.566640407491916,14
DENV3 EDIII,Peru,19,7.566640407491916,7.823781123717657,4
DENV3 EDIII,Peru,20,7.823781123717657,8.080921839943397,8
DENV3 EDIII,Peru,21,8.080921839943397,8.338062556169138,3
DENV3 EDIII,Peru,22,8.338062556169138,8.595203272394876,0
DENV3 EDIII,Peru,23,8.595203272394876,8.852343988620618,0
DENV3 EDIII,Peru,24,8.852343988620618,9.10948470484636,1
DENV3 EDIII,Peru,25,9.10948470484636,9.366625421072097,0
DENV3 EDIII,Peru,26,9.366625421072097,9.623766137297839,1
DENV3 EDIII,Peru,27,9.623766137297839,9.880906853523578,0
DENV3 EDIII,Peru,28,9.880906853523578,10.138047569749318,0
DENV3 EDIII,Peru,29,10.138047569749318,10.39518828597506,0
DENV3 EDIII,Peru,30,10.39518828597506,10.6523290022008,0
DENV3 EDIII,Senegal,1,2.938107515428592,3.195248231654332,0
DENV3 EDIII,Senegal,2,3.195248231654332,3.4523889478800722,1
DENV3 EDIII,Senegal,3,3.4523889478800722,3.709529664105813,0
DENV3 EDIII,Senegal,4,3.709529664105813,3.9666703803315526,4
DENV3 EDIII,Senegal,5,3.9666703803315526,4.223811096557293,16
DENV3 EDIII,Senegal,6,4.223811096557293,4.480951812783033,15
DENV3 EDIII,Senegal,7,4.480951812783033,4.738092529008774,14
DENV3 EDIII,Senegal,8,4.738092529008774,4.995233245234514,13
DENV3 EDIII,Senegal,9,4.995233245234514,5.252373961460254,27
DENV3 EDIII,Senegal,10,5.252373961460254,5.509514677685994,74
DENV3 EDIII,Senegal,11,5.509514677685994,5.766655393911734,209
DENV3 EDIII,Senegal,12,5.766655393911734,6.023796110137475,279
DENV3 EDIII,Senegal,13,6.023796110137475,6.280936826363215,266
DENV3 EDIII,Senegal,14,6.280936826363215,6.5380775425889555,128
DENV3 EDIII,Senegal,15,6.5380775425889555,6.795218258814696,67
DENV3 EDIII,Senegal,16,6.795218258814696,7.052358975040436,38
DENV3 EDIII,Senegal,17,7.052358975040436,7.3094996912661765,29
DENV3 EDIII,Senegal,18,7.3094996912661765,7.566640407491916,17
DENV3 EDIII,Senegal,19,7.566640407491916,7.823781123717657,8
DENV3 EDIII,Senegal,20,7.823781123717657,8.080921839943397,5
DENV3 EDIII,Senegal,21,8.080921839943397,8.338062556169138,5
DENV3 EDIII,Senegal,22,8.338062556169138,8.595203272394876,1
DENV3 EDIII,Senegal,23,8.595203272394876,8.852343988620618,1
DENV3 EDIII,Senegal,24,8.852343988620618,9.10948470484636,1
DENV3 EDIII,Senegal,25,9.10948470484636,9.366625421072097,1
DENV3 EDIII,Senegal,26,9.366625421072097,9.623766137297839,0
DENV3 EDIII,Senegal,27,9.623766137297839,9.880906853523578,0
DENV3 EDIII,Senegal,28,9.880906853523578,10.138047569749318,0
DENV3 EDIII,Senegal,29,10.138047569749318,10.39518828597506,0
DENV3 EDIII,Senegal,30,10.39518828597506,10.6523290022008,0
DENV3 NS1,French Guiana,1,2.938107515428592,3.195248231654332,0
DENV3 NS1,French Guiana,2,3.195248231654332,3.4523889478800722,0
DENV3 NS1,French Guiana,3,3.4523889478800722,3.709529664105813,6
DENV3 NS1,French Guiana,4,3.709529664105813,3.9666703803315526,14
DENV3 NS1,French Guiana,5,3.9666703803315526,4.223811096557293,30
DENV3 NS1,French Guiana,6,4.223811096557293,4.480951812783033,28
DENV3 NS1,French Guiana,7,4.480951812783033,4.738092529008774,22
DENV3 NS1,French Guiana,8,4.738092529008774,4.995233245234514,31
DENV3 NS1,French Guiana,9,4.995233245234514,5.252373961460254,22
DENV3 NS1,French Guiana,10,5.252373961460254,5.509514677685994,24
DENV3 NS1,French Guiana,11,5.509514677685994,5.766655393911734,35
DENV3 NS1,French Guiana,12,5.766655393911734,6.023796110137475,36
DENV3 NS1,French Guiana,13,6.023796110137475,6.280936826363215,22
DENV3 NS1,French Guiana,14,6.280936826363215,6.5380775425889555,23
DENV3 NS1,French Guiana,15,6.5380775425889555,6.795218258814696,13
DENV3 NS1,French Guiana,16,6.795218258814696,7.052358975040436,18
DENV3 NS1,French Guiana,17,7.052358975040436,7.3094996912661765,28
DENV3 NS1,French Guiana,18,7.3094996912661765,7.566640407491916,32
DENV3 NS1,French Guiana,19,7.566640407491916,7.823781123717657,39
DENV3 NS1,French Guiana,20,7.823781123717657,8.080921839943397,44
DENV3 NS1,French Guiana,21,8.080921839943397,8.338062556169138,46
DENV3 NS1,French Guiana,22,8.338062556169138,8.595203272394876,61
DENV3 NS1,French Guiana,23,8.595203272394876,8.852343988620618,93
DENV3 NS1,French Guiana,24,8.852343988620618,9.10948470484636,88
DENV3 NS1,French Guiana,25,9.10948470484636,9.366625421072097,29
DENV3 NS1,French Guiana,26,9.366625421072097,9.623766137297839,3
DENV3 NS1,French Guiana,27,9.623766137297839,9.880906853523578,0
DENV3 NS1,French Guiana,28,9.880906853523578,10.138047569749318,0
DENV3 NS1,French Guiana,29,10.138047569749318,10.39518828597506,0
DENV3 NS1,French Guiana,30,10.39518828597506,10.6523290022008,0
DENV3 NS1,New Caledonia,1,2.938107515428592,3.195248231654332,0
DENV3 NS1,New Caledonia,2,3.195248231654332,3.4523889478800722,0
DENV3 NS1,New Caledonia,3,3.4523889478800722,3.709529664105813,1
DENV3 NS1,New Caledonia,4,3.709529664105813,3.9666703803315526,16
DENV3 NS1,New Caledonia,5,3.9666703803315526,4.223811096557293,39
DENV3 NS1,New Caledonia,6,4.223811096557293,4.480951812783033,59
DENV3 NS1,New Caledonia,7,4.480951812783033,4.738092529008774,37
DENV3 NS1,New Caledonia,8,4.738092529008774,4.995233245234514,19
DENV3 NS1,New Caledonia,9,4.995233245234514,5.252373961460254,38
DENV3 NS1,New Caledonia,10,5.252373961460254,5.509514677685994,28
DENV3 NS1,New Caledonia,11,5.509514677685994,5.766655393911734,2
DENV3 NS1,New Caledonia,12,5.766655393911734,6.023796110137475,0
DENV3 NS1,New Caledonia,13,6.023796110137475,6.280936826363215,0
DENV3 NS1,New Caledonia,14,6.280936826363215,6.5380775425889555,0
DENV3 NS1,New Caledonia,15,6.5380775425889555,6.795218258814696,0
DENV3 NS1,New Caledonia,16,6.795218258814696,7.052358975040436,4
DENV3 NS1,New Caledonia,17,7.052358975040436,7.3094996912661765,14
DENV3 NS1,New Caledonia,18,7.3094996912661765,7.566640407491916,21
DENV3 NS1,New Caledonia,19,7.566640407491916,7.823781123717657,26
DENV3 NS1,New Caledonia,20,7.823781123717657,8.080921839943397,31
DENV3 NS1,New Caledonia,21,8.080921839943397,8.338062556169138,35
DENV3 NS1,New Caledonia,22,8.338062556169138,8.595203272394876,49
DENV3 NS1,New Caledonia,23,8.595203272394876,8.852343988620618,68
DENV3 NS1,New Caledonia,24,8.852343988620618,9.10948470484636,76
DENV3 NS1,New Caledonia,25,9.10948470484636,9.366625421072097,32
DENV3 NS1,New Caledonia,26,9.366625421072097,9.623766137297839,5
DENV3 NS1,New Caledonia,27,9.623766137297839,9.880906853523578,0
DENV3 NS1,New Caledonia,28,9.880906853523578,10.138047569749318,0
DENV3 NS1,New Caledonia,29,10.138047569749318,10.39518828597506,0
DENV3 NS1,New Caledonia,30,10.39518828597506,10.6523290022008,0
DENV3 NS1,Peru,1,2.938107515428592,3.195248231654332,0
DENV3 NS1,Peru,2,3.195248231654332,3.4523889478800722,18
DENV3 NS1,Peru,3,3.4523889478800722,3.709529664105813,83
DENV3 NS1,Peru,4,3.709529664105813,3.9666703803315526,94
DENV3 NS1,Peru,5,3.9666703803315526,4.223811096557293,62
DENV3 NS1,Peru,6,4.223811096557293,4.480951812783033,64
DENV3 NS1,Peru,7,4.480951812783033,4.738092529008774,44
DENV3 NS1,Peru,8,4.738092529008774,4.995233245234514,48
DENV3 NS1,Peru,9,4.995233245234514,5.252373961460254,44
DENV3 NS1,Peru,10,5.252373961460254,5.509514677685994,19
DENV3 NS1,Peru,11,5.509514677685994,5.766655393911734,15
DENV3 NS1,Peru,12,5.766655393911734,6.023796110137475,5
DENV3 NS1,Peru,13,6.023796110137475,6.280936826363215,10
DENV3 NS1,Peru,14,6.280936826363215,6.5380775425889555,8
DENV3 NS1,Peru,15,6.5380775425889555,6.795218258814696,9
DENV3 NS1,Peru,16,6.795218258814696,7.052358975040436,6
DENV3 NS1,Peru,17,7.052358975040436,7.3094996912661765,21
DENV3 NS1,Peru,18,7.3094996912661765,7.566640407491916,25
DENV3 NS1,Peru,19,7.566640407491916,7.823781123717657,35
DENV3 NS1,Peru,20,7.823781123717657,8.080921839943397,29
DENV3 NS1,Peru,21,8.080921839943397,8.338062556169138,33
DENV3 NS1,Peru,22,8.338062556169138,8.595203272394876,27
DENV3 NS1,Peru,23,8.595203272394876,8.852343988620618,48
DENV3 NS1,Peru,24,8.852343988620618,9.10948470484636,74
DENV3 NS1,Peru,25,9.10948470484636,9.366625421072097,38
DENV3 NS1,Peru,26,9.366625421072097,9.623766137297839,17
DENV3 NS1,Peru,27,9.623766137297839,9.880906853523578,2
DENV3 NS1,Peru,28,9.880906853523578,10.138047569749318,2
DENV3 NS1,Peru,29,10.138047569749318,10.39518828597506,0
DENV3 NS1,Peru,30,10.39518828597506,10.6523290022008,0
DENV3 NS1,Senegal,1,2.938107515428592,3.195248231654332,4
DENV3 NS1,Senegal,2,3.195248231654332,3.4523889478800722,43
DENV3 NS1,Senegal,3,3.4523889478800722,3.709529664105813,27
DENV3 NS1,Senegal,4,3.709529664105813,3.9666703803315526,7
DENV3 NS1,Senegal,5,3.9666703803315526,4.223811096557293,5
DENV3 NS1,Senegal,6,4.223811096557293,4.480951812783033,0
DENV3 NS1,Senegal,7,4.480951812783033,4.738092529008774,1
DENV3 NS1,Senegal,8,4.738092529008774,4.995233245234514,13
DENV3 NS1,Senegal,9,4.995233245234514,5.252373961460254,70
DENV3 NS1,Senegal,10,5.252373961460254,5.509514677685994,109
DENV3 NS1,Senegal,11,5.509514677685994,5.766655393911734,256
DENV3 NS1,Senegal,12,5.766655393911734,6.023796110137475,231
DENV3 NS1,Senegal,13,6.023796110137475,6.280936826363215,97
DENV3 NS1,Senegal,14,6.280936826363215,6.5380775425889555,65
DENV3 NS1,Senegal,15,6.5380775425889555,6.795218258814696,62
DENV3 NS1,Senegal,16,6.795218258814696,7.052358975040436,58
DENV3 NS1,Senegal,17,7.052358975040436,7.3094996912661765,47
DENV3 NS1,Senegal,18,7.3094996912661765,7.566640407491916,32
DENV3 NS1,Senegal,19,7.566640407491916,7.823781123717657,34
DENV3 NS1,Senegal,20,7.823781123717657,8.080921839943397,22
DENV3 NS1,Senegal,21,8.080921839943397,8.338062556169138,19
DENV3 NS1,Senegal,22,8.338062556169138,8.595203272394876,10
DENV3 NS1,Senegal,23,8.595203272394876,8.852343988620618,6
DENV3 NS1,Senegal,24,8.852343988620618,9.10948470484636,1
DENV3 NS1,Senegal,25,9.10948470484636,9.366625421072097,0
DENV3 NS1,Senegal,26,9.366625421072097,9.623766137297839,0
DENV3 NS1,Senegal,27,9.623766137297839,9.880906853523578,0
DENV3 NS1,Senegal,28,9.880906853523578,10.138047569749318,0
DENV3 NS1,Senegal,29,10.138047569749318,10.39518828597506,0
DENV3 NS1,Senegal,30,10.39518828597506,10.6523290022008,0
DENV3 VLP,French Guiana,1,2.938107515428592,3.195248231654332,0
DENV3 VLP,French Guiana,2,3.195248231654332,3.4523889478800722,0
DENV3 VLP,French Guiana,3,3.4523889478800722,3.709529664105813,0
DENV3 VLP,French Guiana,4,3.709529664105813,3.9666703803315526,0
DENV3 VLP,French Guiana,5,3.9666703803315526,4.223811096557293,0
DENV3 VLP,French Guiana,6,4.223811096557293,4.480951812783033,2
DENV3 VLP,French Guiana,7,4.480951812783033,4.738092529008774,1
DENV3 VLP,French Guiana,8,4.738092529008774,4.995233245234514,0
DENV3 VLP,French Guiana,9,4.995233245234514,5.252373961460254,1
DENV3 VLP,French Guiana,10,5.252373961460254,5.509514677685994,2
DENV3 VLP,French Guiana,11,5.509514677685994,5.766655393911734,2
DENV3 VLP,French Guiana,12,5.766655393911734,6.023796110137475,6
DENV3 VLP,French Guiana,13,6.023796110137475,6.280936826363215,8
DENV3 VLP,French Guiana,14,6.280936826363215,6.5380775425889555,7
DENV3 VLP,French Guiana,15,6.5380775425889555,6.795218258814696,2
DENV3 VLP,French Guiana,16,6.795218258814696,7.052358975040436,2
DENV3 VLP,French Guiana,17,7.052358975040436,7.3094996912661765,8
DENV3 VLP,French Guiana,18,7.3094996912661765,7.566640407491916,10
DENV3 VLP,French Guiana,19,7.566640407491916,7.823781123717657,10
DENV3 VLP,French Guiana,20,7.823781123717657,8.080921839943397,10
DENV3 VLP,French Guiana,21,8.080921839943397,8.338062556169138,14
DENV3 VLP,French Guiana,22,8.338062556169138,8.595203272394876,8
DENV3 VLP,French Guiana,23,8.595203272394876,8.852343988620618,25
DENV3 VLP,French Guiana,24,8.852343988620618,9.10948470484636,45
DENV3 VLP,French Guiana,25,9.10948470484636,9.366625421072097,42
DENV3 VLP,French Guiana,26,9.366625421072097,9.623766137297839,128
DENV3 VLP,French Guiana,27,9.623766137297839,9.880906853523578,263
DENV3 VLP,French Guiana,28,9.880906853523578,10.138047569749318,188
DENV3 VLP,French Guiana,29,10.138047569749318,10.39518828597506,3
DENV3 VLP,French Guiana,30,10.39518828597506,10.6523290022008,0
DENV3 VLP,New Caledonia,1,2.938107515428592,3.195248231654332,0
DENV3 VLP,New Caledonia,2,3.195248231654332,3.4523889478800722,0
DENV3 VLP,New Caledonia,3,3.4523889478800722,3.709529664105813,0
DENV3 VLP,New Caledonia,4,3.709529664105813,3.9666703803315526,0
DENV3 VLP,New Caledonia,5,3.9666703803315526,4.223811096557293,0
DENV3 VLP,New Caledonia,6,4.223811096557293,4.480951812783033,5
DENV3 VLP,New Caledonia,7,4.480951812783033,4.738092529008774,5
DENV3 VLP,New Caledonia,8,4.738092529008774,4.995233245234514,15
DENV3 VLP,New Caledonia,9,4.995233245234514,5.252373961460254,21
DENV3 VLP,New Caledonia,10,5.252373961460254,5.509514677685994,15
DENV3 VLP,New Caledonia,11,5.509514677685994,5.766655393911734,5
DENV3 VLP,New Caledonia,12,5.766655393911734,6.023796110137475,10
DENV3 VLP,New Caledonia,13,6.023796110137475,6.280936826363215,9
DENV3 VLP,New Caledonia,14,6.280936826363215,6.5380775425889555,9
DENV3 VLP,New Caledonia,15,6.5380775425889555,6.795218258814696,6
DENV3 VLP,New Caledonia,16,6.795218258814696,7.052358975040436,3
DENV3 VLP,New Caledonia,17,7.052358975040436,7.3094996912661765,3
DENV3 VLP,New Caledonia,18,7.3094996912661765,7.566640407491916,6
DENV3 VLP,New Caledonia,19,7.566640407491916,7.823781123717657,7
DENV3 VLP,New Caledonia,20,7.823781123717657,8.080921839943397,6
DENV3 VLP,New Caledonia,21,8.080921839943397,8.338062556169138,14
DENV3 VLP,New Caledonia,22,8.338062556169138,8.595203272394876,11
DENV3 VLP,New Caledonia,23,8.595203272394876,8.852343988620618,16
DENV3 VLP,New Caledonia,24,8.852343988620618,9.10948470484636,28
DENV3 VLP,New Caledonia,25,9.10948470484636,9.366625421072097,43
DENV3 VLP,New Caledonia,26,9.366625421072097,9.623766137297839,66
DENV3 VLP,New Caledonia,27,9.623766137297839,9.880906853523578,118
DENV3 VLP,New Caledonia,28,9.880906853523578,10.138047569749318,176
DENV3 VLP,New Caledonia,29,10.138047569749318,10.39518828597506,3
DENV3 VLP,New Caledonia,30,10.39518828597506,10.6523290022008,0
DENV3 VLP,Peru,1,2.938107515428592,3.195248231654332,0
DENV3 VLP,Peru,2,3.195248231654332,3.4523889478800722,0
DENV3 VLP,Peru,3,3.4523889478800722,3.709529664105813,1
DENV3 VLP,Peru,4,3.709529664105813,3.9666703803315526,4
DENV3 VLP,Peru,5,3.9666703803315526,4.223811096557293,10
DENV3 VLP,Peru,6,4.223811096557293,4.480951812783033,9
DENV3 VLP,Peru,7,4.480951812783033,4.738092529008774,19
DENV3 VLP,Peru,8,4.738092529008774,4.995233245234514,17
DENV3 VLP,Peru,9,4.995233245234514,5.252373961460254,22
DENV3 VLP,Peru,10,5.252373961460254,5.509514677685994,25
DENV3 VLP,Peru,11,5.509514677685994,5.766655393911734,24
DENV3 VLP,Peru,12,5.766655393911734,6.023796110137475,28
DENV3 VLP,Peru,13,6.023796110137475,6.280936826363215,28
DENV3 VLP,Peru,14,6.280936826363215,6.5380775425889555,23
DENV3 VLP,Peru,15,6.5380775425889555,6.795218258814696,14
DENV3 VLP,Peru,16,6.795218258814696,7.052358975040436,2
DENV3 VLP,Peru,17,7.052358975040436,7.3094996912661765,13
DENV3 VLP,Peru,18,7.3094996912661765,7.566640407491916,22
DENV3 VLP,Peru,19,7.566640407491916,7.823781123717657,20
DENV3 VLP,Peru,20,7.823781123717657,8.080921839943397,16
DENV3 VLP,Peru,21,8.080921839943397,8.338062556169138,17
DENV3 VLP,Peru,22,8.338062556169138,8.595203272394876,18
DENV3 VLP,Peru,23,8.595203272394876,8.852343988620618,30
DENV3 VLP,Peru,24,8.852343988620618,9.10948470484636,36
DENV3 VLP,Peru,25,9.10948470484636,9.366625421072097,42
DENV3 VLP,Peru,26,9.366625421072097,9.623766137297839,109
DENV3 VLP,Peru,27,9.623766137297839,9.880906853523578,143
DENV3 VLP,Peru,28,9.880906853523578,10.138047569749318,172
DENV3 VLP,Peru,29,10.138047569749318,10.39518828597506,16
DENV3 VLP,Peru,30,10.39518828597506,10.6523290022008,0
DENV3 VLP,Senegal,1,2.938107515428592,3.195248231654332,0
DENV3 VLP,Senegal,2,3.195248231654332,3.4523889478800722,1
DENV3 VLP,Senegal,3,3.4523889478800722,3.709529664105813,0
DENV3 VLP,Senegal,4,3.709529664105813,3.9666703803315526,2
DENV3 VLP,Senegal,5,3.9666703803315526,4.223811096557293,8
DENV3 VLP,Senegal,6,4.223811096557293,4.480951812783033,6
DENV3 VLP,Senegal,7,4.480951812783033,4.738092529008774,15
DENV3 VLP,Senegal,8,4.738092529008774,4.995233245234514,19
DENV3 VLP,Senegal,9,4.995233245234514,5.252373961460254,32
DENV3 VLP,Senegal,10,5.252373961460254,5.509514677685994,35
DENV3 VLP,Senegal,11,5.509514677685994,5.766655393911734,61
DENV3 VLP,Senegal,12,5.766655393911734,6.023796110137475,74
DENV3 VLP,Senegal,13,6.023796110137475,6.280936826363215,81
DENV3 VLP,Senegal,14,6.280936826363215,6.5380775425889555,22
DENV3 VLP,Senegal,15,6.5380775425889555,6.795218258814696,16
DENV3 VLP,Senegal,16,6.795218258814696,7.052358975040436,53
DENV3 VLP,Senegal,17,7.052358975040436,7.3094996912661765,62
DENV3 VLP,Senegal,18,7.3094996912661765,7.566640407491916,55
DENV3 VLP,Senegal,19,7.566640407491916,7.823781123717657,53
DENV3 VLP,Senegal,20,7.823781123717657,8.080921839943397,44
DENV3 VLP,Senegal,21,8.080921839943397,8.338062556169138,39
DENV3 VLP,Senegal,22,8.338062556169138,8.595203272394876,50
DENV3 VLP,Senegal,23,8.595203272394876,8.852343988620618,75
DENV3 VLP,Senegal,24,8.852343988620618,9.10948470484636,86
DENV3 VLP,Senegal,25,9.10948470484636,9.366625421072097,108
DENV3 VLP,Senegal,26,9.366625421072097,9.623766137297839,124
DENV3 VLP,Senegal,27,9.623766137297839,9.880906853523578,89
DENV3 VLP,Senegal,28,9.880906853523578,10.138047569749318,9
DENV3 VLP,Senegal,29,10.138047569749318,10.39518828597506,0
DENV3 VLP,Senegal,30,10.39518828597506,10.6523290022008,0
DENV4 EDIII,French Guiana,1,2.938107515428592,3.195248231654332,0
DENV4 EDIII,French Guiana,2,3.195248231654332,3.4523889478800722,0
DENV4 EDIII,French Guiana,3,3.4523889478800722,3.709529664105813,0
DENV4 EDIII,French Guiana,4,3.709529664105813,3.9666703803315526,0
DENV4 EDIII,French Guiana,5,3.9666703803315526,4.223811096557293,1
DENV4 EDIII,French Guiana,6,4.223811096557293,4.480951812783033,4
DENV4 EDIII,French Guiana,7,4.480951812783033,4.738092529008774,12
DENV4 EDIII,French Guiana,8,4.738092529008774,4.995233245234514,19
DENV4 EDIII,French Guiana,9,4.995233245234514,5.252373961460254,38
DENV4 EDIII,French Guiana,10,5.252373961460254,5.509514677685994,66
DENV4 EDIII,French Guiana,11,5.509514677685994,5.766655393911734,97
DENV4 EDIII,French Guiana,12,5.766655393911734,6.023796110137475,99
DENV4 EDIII,French Guiana,13,6.023796110137475,6.280936826363215,97
DENV4 EDIII,French Guiana,14,6.280936826363215,6.5380775425889555,59
DENV4 EDIII,French Guiana,15,6.5380775425889555,6.795218258814696,18
DENV4 EDIII,French Guiana,16,6.795218258814696,7.052358975040436,60
DENV4 EDIII,French Guiana,17,7.052358975040436,7.3094996912661765,57
DENV4 EDIII,French Guiana,18,7.3094996912661765,7.566640407491916,54
DENV4 EDIII,French Guiana,19,7.566640407491916,7.823781123717657,28
DENV4 EDIII,French Guiana,20,7.823781123717657,8.080921839943397,23
DENV4 EDIII,French Guiana,21,8.080921839943397,8.338062556169138,18
DENV4 EDIII,French Guiana,22,8.338062556169138,8.595203272394876,19
DENV4 EDIII,French Guiana,23,8.595203272394876,8.852343988620618,8
DENV4 EDIII,French Guiana,24,8.852343988620618,9.10948470484636,3
DENV4 EDIII,French Guiana,25,9.10948470484636,9.366625421072097,4
DENV4 EDIII,French Guiana,26,9.366625421072097,9.623766137297839,2
DENV4 EDIII,French Guiana,27,9.623766137297839,9.880906853523578,1
DENV4 EDIII,French Guiana,28,9.880906853523578,10.138047569749318,0
DENV4 EDIII,French Guiana,29,10.138047569749318,10.39518828597506,0
DENV4 EDIII,French Guiana,30,10.39518828597506,10.6523290022008,0
DENV4 EDIII,New Caledonia,1,2.938107515428592,3.195248231654332,0
DENV4 EDIII,New Caledonia,2,3.195248231654332,3.4523889478800722,0
DENV4 EDIII,New Caledonia,3,3.4523889478800722,3.709529664105813,0
DENV4 EDIII,New Caledonia,4,3.709529664105813,3.9666703803315526,0
DENV4 EDIII,New Caledonia,5,3.9666703803315526,4.223811096557293,1
DENV4 EDIII,New Caledonia,6,4.223811096557293,4.480951812783033,1
DENV4 EDIII,New Caledonia,7,4.480951812783033,4.738092529008774,4
DENV4 EDIII,New Caledonia,8,4.738092529008774,4.995233245234514,34
DENV4 EDIII,New Caledonia,9,4.995233245234514,5.252373961460254,61
DENV4 EDIII,New Caledonia,10,5.252373961460254,5.509514677685994,104
DENV4 EDIII,New Caledonia,11,5.509514677685994,5.766655393911734,97
DENV4 EDIII,New Caledonia,12,5.766655393911734,6.023796110137475,94
DENV4 EDIII,New Caledonia,13,6.023796110137475,6.280936826363215,66
DENV4 EDIII,New Caledonia,14,6.280936826363215,6.5380775425889555,41
DENV4 EDIII,New Caledonia,15,6.5380775425889555,6.795218258814696,19
DENV4 EDIII,New Caledonia,16,6.795218258814696,7.052358975040436,36
DENV4 EDIII,New Caledonia,17,7.052358975040436,7.3094996912661765,18
DENV4 EDIII,New Caledonia,18,7.3094996912661765,7.566640407491916,11
DENV4 EDIII,New Caledonia,19,7.566640407491916,7.823781123717657,8
DENV4 EDIII,New Caledonia,20,7.823781123717657,8.080921839943397,4
DENV4 EDIII,New Caledonia,21,8.080921839943397,8.338062556169138,1
DENV4 EDIII,New Caledonia,22,8.338062556169138,8.595203272394876,0
DENV4 EDIII,New Caledonia,23,8.595203272394876,8.852343988620618,0
DENV4 EDIII,New Caledonia,24,8.852343988620618,9.10948470484636,0
DENV4 EDIII,New Caledonia,25,9.10948470484636,9.366625421072097,0
DENV4 EDIII,New Caledonia,26,9.366625421072097,9.623766137297839,0
DENV4 EDIII,New Caledonia,27,9.623766137297839,9.880906853523578,0
DENV4 EDIII,New Caledonia,28,9.880906853523578,10.138047569749318,0
DENV4 EDIII,New Caledonia,29,10.138047569749318,10.39518828597506,0
DENV4 EDIII,New Caledonia,30,10.39518828597506,10.6523290022008,0
DENV4 EDIII,Peru,1,2.938107515428592,3.195248231654332,0
DENV4 EDIII,Peru,2,3.195248231654332,3.4523889478800722,0
DENV4 EDIII,Peru,3,3.4523889478800722,3.709529664105813,0
DENV4 EDIII,Peru,4,3.709529664105813,3.9666703803315526,1
DENV4 EDIII,Peru,5,3.9666703803315526,4.223811096557293,9
DENV4 EDIII,Peru,6,4.223811096557293,4.480951812783033,24
DENV4 EDIII,Peru,7,4.480951812783033,4.738092529008774,50
DENV4 EDIII,Peru,8,4.738092529008774,4.995233245234514,82
DENV4 EDIII,Peru,9,4.995233245234514,5.252373961460254,125
DENV4 EDIII,Peru,10,5.252373961460254,5.509514677685994,123
DENV4 EDIII,Peru,11,5.509514677685994,5.766655393911734,105
DENV4 EDIII,Peru,12,5.766655393911734,6.023796110137475,109
DENV4 EDIII,Peru,13,6.023796110137475,6.280936826363215,78
DENV4 EDIII,Peru,14,6.280936826363215,6.5380775425889555,31
DENV4 EDIII,Peru,15,6.5380775425889555,6.795218258814696,26
DENV4 EDIII,Peru,16,6.795218258814696,7.052358975040436,36
DENV4 EDIII,Peru,17,7.052358975040436,7.3094996912661765,21
DENV4 EDIII,Peru,18,7.3094996912661765,7.566640407491916,21
DENV4 EDIII,Peru,19,7.566640407491916,7.823781123717657,14
DENV4 EDIII,Peru,20,7.823781123717657,8.080921839943397,8
DENV4 EDIII,Peru,21,8.080921839943397,8.338062556169138,6
DENV4 EDIII,Peru,22,8.338062556169138,8.595203272394876,5
DENV4 EDIII,Peru,23,8.595203272394876,8.852343988620618,1
DENV4 EDIII,Peru,24,8.852343988620618,9.10948470484636,3
DENV4 EDIII,Peru,25,9.10948470484636,9.366625421072097,0
DENV4 EDIII,Peru,26,9.366625421072097,9.623766137297839,1
DENV4 EDIII,Peru,27,9.623766137297839,9.880906853523578,1
DENV4 EDIII,Peru,28,9.880906853523578,10.138047569749318,0
DENV4 EDIII,Peru,29,10.138047569749318,10.39518828597506,0
DENV4 EDIII,Peru,30,10.39518828597506,10.6523290022008,0
DENV4 EDIII,Senegal,1,2.938107515428592,3.195248231654332,0
DENV4 EDIII,Senegal,2,3.195248231654332,3.4523889478800722,0
DENV4 EDIII,Senegal,3,3.4523889478800722,3.709529664105813,0
DENV4 EDIII,Senegal,4,3.709529664105813,3.9666703803315526,3
DENV4 EDIII,Senegal,5,3.9666703803315526,4.223811096557293,8
DENV4 EDIII,Senegal,6,4.223811096557293,4.480951812783033,15
DENV4 EDIII,Senegal,7,4.480951812783033,4.738092529008774,16
DENV4 EDIII,Senegal,8,4.738092529008774,4.995233245234514,14
DENV4 EDIII,Senegal,9,4.995233245234514,5.252373961460254,10
DENV4 EDIII,Senegal,10,5.252373961460254,5.509514677685994,44
DENV4 EDIII,Senegal,11,5.509514677685994,5.766655393911734,80
DENV4 EDIII,Senegal,12,5.766655393911734,6.023796110137475,223
DENV4 EDIII,Senegal,13,6.023796110137475,6.280936826363215,311
DENV4 EDIII,Senegal,14,6.280936826363215,6.5380775425889555,191
DENV4 EDIII,Senegal,15,6.5380775425889555,6.795218258814696,90
DENV4 EDIII,Senegal,16,6.795218258814696,7.052358975040436,68
DENV4 EDIII,Senegal,17,7.052358975040436,7.3094996912661765,50
DENV4 EDIII,Senegal,18,7.3094996912661765,7.566640407491916,27
DENV4 EDIII,Senegal,19,7.566640407491916,7.823781123717657,23
DENV4 EDIII,Senegal,20,7.823781123717657,8.080921839943397,9
DENV4 EDIII,Senegal,21,8.080921839943397,8.338062556169138,7
DENV4 EDIII,Senegal,22,8.338062556169138,8.595203272394876,9
DENV4 EDIII,Senegal,23,8.595203272394876,8.852343988620618,7
DENV4 EDIII,Senegal,24,8.852343988620618,9.10948470484636,8
DENV4 EDIII,Senegal,25,9.10948470484636,9.366625421072097,0
DENV4 EDIII,Senegal,26,9.366625421072097,9.623766137297839,4
DENV4 EDIII,Senegal,27,9.623766137297839,9.880906853523578,2
DENV4 EDIII,Senegal,28,9.880906853523578,10.138047569749318,0
DENV4 EDIII,Senegal,29,10.138047569749318,10.39518828597506,0
DENV4 EDIII,Senegal,30,10.39518828597506,10.6523290022008,0
DENV4 NS1,French Guiana,1,2.938107515428592,3.195248231654332,0
DENV4 NS1,French Guiana,2,3.195248231654332,3.4523889478800722,0
DENV4 NS1,French Guiana,3,3.4523889478800722,3.709529664105813,2
DENV4 NS1,French Guiana,4,3.709529664105813,3.9666703803315526,9
DENV4 NS1,French Guiana,5,3.9666703803315526,4.223811096557293,29
DENV4 NS1,French Guiana,6,4.223811096557293,4.480951812783033,35
DENV4 NS1,French Guiana,7,4.480951812783033,4.738092529008774,33
DENV4 NS1,French Guiana,8,4.738092529008774,4.995233245234514,42
DENV4 NS1,French Guiana,9,4.995233245234514,5.252373961460254,27
DENV4 NS1,French Guiana,10,5.252373961460254,5.509514677685994,34
DENV4 NS1,French Guiana,11,5.509514677685994,5.766655393911734,27
DENV4 NS1,French Guiana,12,5.766655393911734,6.023796110137475,27
DENV4 NS1,French Guiana,13,6.023796110137475,6.280936826363215,28
DENV4 NS1,French Guiana,14,6.280936826363215,6.5380775425889555,30
DENV4 NS1,French Guiana,15,6.5380775425889555,6.795218258814696,25
DENV4 NS1,French Guiana,16,6.795218258814696,7.052358975040436,34
DENV4 NS1,French Guiana,17,7.052358975040436,7.3094996912661765,47
DENV4 NS1,French Guiana,18,7.3094996912661765,7.566640407491916,41
DENV4 NS1,French Guiana,19,7.566640407491916,7.823781123717657,42
DENV4 NS1,French Guiana,20,7.823781123717657,8.080921839943397,35
DENV4 NS1,French Guiana,21,8.080921839943397,8.338062556169138,40
DENV4 NS1,French Guiana,22,8.338062556169138,8.595203272394876,67
DENV4 NS1,French Guiana,23,8.595203272394876,8.852343988620618,62
DENV4 NS1,French Guiana,24,8.852343988620618,9.10948470484636,49
DENV4 NS1,French Guiana,25,9.10948470484636,9.366625421072097,22
DENV4 NS1,French Guiana,26,9.366625421072097,9.623766137297839,0
DENV4 NS1,French Guiana,27,9.623766137297839,9.880906853523578,0
DENV4 NS1,French Guiana,28,9.880906853523578,10.138047569749318,0
DENV4 NS1,French Guiana,29,10.138047569749318,10.39518828597506,0
DENV4 NS1,French Guiana,30,10.39518828597506,10.6523290022008,0
DENV4 NS1,New Caledonia,1,2.938107515428592,3.195248231654332,0
DENV4 NS1,New Caledonia,2,3.195248231654332,3.4523889478800722,0
DENV4 NS1,New Caledonia,3,3.4523889478800722,3.709529664105813,0
DENV4 NS1,New Caledonia,4,3.709529664105813,3.9666703803315526,4
DENV4 NS1,New Caledonia,5,3.9666703803315526,4.223811096557293,13
DENV4 NS1,New Caledonia,6,4.223811096557293,4.480951812783033,38
DENV4 NS1,New Caledonia,7,4.480951812783033,4.738092529008774,42
DENV4 NS1,New Caledonia,8,4.738092529008774,4.995233245234514,38
DENV4 NS1,New Caledonia,9,4.995233245234514,5.252373961460254,38
DENV4 NS1,New Caledonia,10,5.252373961460254,5.509514677685994,35
DENV4 NS1,New Caledonia,11,5.509514677685994,5.766655393911734,21
DENV4 NS1,New Caledonia,12,5.766655393911734,6.023796110137475,23
DENV4 NS1,New Caledonia,13,6.023796110137475,6.280936826363215,22
DENV4 NS1,New Caledonia,14,6.280936826363215,6.5380775425889555,12
DENV4 NS1,New Caledonia,15,6.5380775425889555,6.795218258814696,1
DENV4 NS1,New Caledonia,16,6.795218258814696,7.052358975040436,0
DENV4 NS1,New Caledonia,17,7.052358975040436,7.3094996912661765,8
DENV4 NS1,New Caledonia,18,7.3094996912661765,7.566640407491916,22
DENV4 NS1,New Caledonia,19,7.566640407491916,7.823781123717657,30
DENV4 NS1,New Caledonia,20,7.823781123717657,8.080921839943397,30
DENV4 NS1,New Caledonia,21,8.080921839943397,8.338062556169138,42
DENV4 NS1,New Caledonia,22,8.338062556169138,8.595203272394876,36
DENV4 NS1,New Caledonia,23,8.595203272394876,8.852343988620618,55
DENV4 NS1,New Caledonia,24,8.852343988620618,9.10948470484636,53
DENV4 NS1,New Caledonia,25,9.10948470484636,9.366625421072097,30
DENV4 NS1,New Caledonia,26,9.366625421072097,9.623766137297839,7
DENV4 NS1,New Caledonia,27,9.623766137297839,9.880906853523578,0
DENV4 NS1,New Caledonia,28,9.880906853523578,10.138047569749318,0
DENV4 NS1,New Caledonia,29,10.138047569749318,10.39518828597506,0
DENV4 NS1,New Caledonia,30,10.39518828597506,10.6523290022008,0
DENV4 NS1,Peru,1,2.938107515428592,3.195248231654332,0
DENV4 NS1,Peru,2,3.195248231654332,3.4523889478800722,23
DENV4 NS1,Peru,3,3.4523889478800722,3.709529664105813,59
DENV4 NS1,Peru,4,3.709529664105813,3.9666703803315526,98
DENV4 NS1,Peru,5,3.9666703803315526,4.223811096557293,90
DENV4 NS1,Peru,6,4.223811096557293,4.480951812783033,59
DENV4 NS1,Peru,7,4.480951812783033,4.738092529008774,45
DENV4 NS1,Peru,8,4.738092529008774,4.995233245234514,52
DENV4 NS1,Peru,9,4.995233245234514,5.252373961460254,31
DENV4 NS1,Peru,10,5.252373961460254,5.509514677685994,29
DENV4 NS1,Peru,11,5.509514677685994,5.766655393911734,32
DENV4 NS1,Peru,12,5.766655393911734,6.023796110137475,20
DENV4 NS1,Peru,13,6.023796110137475,6.280936826363215,17
DENV4 NS1,Peru,14,6.280936826363215,6.5380775425889555,11
DENV4 NS1,Peru,15,6.5380775425889555,6.795218258814696,6
DENV4 NS1,Peru,16,6.795218258814696,7.052358975040436,3
DENV4 NS1,Peru,17,7.052358975040436,7.3094996912661765,19
DENV4 NS1,Peru,18,7.3094996912661765,7.566640407491916,27
DENV4 NS1,Peru,19,7.566640407491916,7.823781123717657,29
DENV4 NS1,Peru,20,7.823781123717657,8.080921839943397,18
DENV4 NS1,Peru,21,8.080921839943397,8.338062556169138,32
DENV4 NS1,Peru,22,8.338062556169138,8.595203272394876,40
DENV4 NS1,Peru,23,8.595203272394876,8.852343988620618,48
DENV4 NS1,Peru,24,8.852343988620618,9.10948470484636,51
DENV4 NS1,Peru,25,9.10948470484636,9.366625421072097,28
DENV4 NS1,Peru,26,9.366625421072097,9.623766137297839,11
DENV4 NS1,Peru,27,9.623766137297839,9.880906853523578,2
DENV4 NS1,Peru,28,9.880906853523578,10.138047569749318,0
DENV4 NS1,Peru,29,10.138047569749318,10.39518828597506,0
DENV4 NS1,Peru,30,10.39518828597506,10.6523290022008,0
DENV4 NS1,Senegal,1,2.938107515428592,3.195248231654332,0
DENV4 NS1,Senegal,2,3.195248231654332,3.4523889478800722,3
DENV4 NS1,Senegal,3,3.4523889478800722,3.709529664105813,51
DENV4 NS1,Senegal,4,3.709529664105813,3.9666703803315526,25
DENV4 NS1,Senegal,5,3.9666703803315526,4.223811096557293,8
DENV4 NS1,Senegal,6,4.223811096557293,4.480951812783033,2
DENV4 NS1,Senegal,7,4.480951812783033,4.738092529008774,0
DENV4 NS1,Senegal,8,4.738092529008774,4.995233245234514,2
DENV4 NS1,Senegal,9,4.995233245234514,5.252373961460254,50
DENV4 NS1,Senegal,10,5.252373961460254,5.509514677685994,108
DENV4 NS1,Senegal,11,5.509514677685994,5.766655393911734,197
DENV4 NS1,Senegal,12,5.766655393911734,6.023796110137475,325
DENV4 NS1,Senegal,13,6.023796110137475,6.280936826363215,153
DENV4 NS1,Senegal,14,6.280936826363215,6.5380775425889555,74
DENV4 NS1,Senegal,15,6.5380775425889555,6.795218258814696,79
DENV4 NS1,Senegal,16,6.795218258814696,7.052358975040436,33
DENV4 NS1,Senegal,17,7.052358975040436,7.3094996912661765,29
DENV4 NS1,Senegal,18,7.3094996912661765,7.566640407491916,21
DENV4 NS1,Senegal,19,7.566640407491916,7.823781123717657,14
DENV4 NS1,Senegal,20,7.823781123717657,8.080921839943397,10
DENV4 NS1,Senegal,21,8.080921839943397,8.338062556169138,14
DENV4 NS1,Senegal,22,8.338062556169138,8.595203272394876,12
DENV4 NS1,Senegal,23,8.595203272394876,8.852343988620618,8
DENV4 NS1,Senegal,24,8.852343988620618,9.10948470484636,1
DENV4 NS1,Senegal,25,9.10948470484636,9.366625421072097,0
DENV4 NS1,Senegal,26,9.366625421072097,9.623766137297839,0
DENV4 NS1,Senegal,27,9.623766137297839,9.880906853523578,0
DENV4 NS1,Senegal,28,9.880906853523578,10.138047569749318,0
DENV4 NS1,Senegal,29,10.138047569749318,10.39518828597506,0
DENV4 NS1,Senegal,30,10.39518828597506,10.6523290022008,0
DENV4 VLP,French Guiana,1,2.938107515428592,3.195248231654332,0
DENV4 VLP,French Guiana,2,3.195248231654332,3.4523889478800722,0
DENV4 VLP,French Guiana,3,3.4523889478800722,3.709529664105813,0
DENV4 VLP,French Guiana,4,3.709529664105813,3.9666703803315526,0
DENV4 VLP,French Guiana,5,3.9666703803315526,4.223811096557293,2
DENV4 VLP,French Guiana,6,4.223811096557293,4.480951812783033,1
DENV4 VLP,French Guiana,7,4.480951812783033,4.738092529008774,1
DENV4 VLP,French Guiana,8,4.738092529008774,4.995233245234514,3
DENV4 VLP,French Guiana,9,4.995233245234514,5.252373961460254,5
DENV4 VLP,French Guiana,10,5.252373961460254,5.509514677685994,8
DENV4 VLP,French Guiana,11,5.509514677685994,5.766655393911734,4
DENV4 VLP,French Guiana,12,5.766655393911734,6.023796110137475,9
DENV4 VLP,French Guiana,13,6.023796110137475,6.280936826363215,5
DENV4 VLP,French Guiana,14,6.280936826363215,6.5380775425889555,7
DENV4 VLP,French Guiana,15,6.5380775425889555,6.795218258814696,3
DENV4 VLP,French Guiana,16,6.795218258814696,7.052358975040436,5
DENV4 VLP,French Guiana,17,7.052358975040436,7.3094996912661765,12
DENV4 VLP,French Guiana,18,7.3094996912661765,7.566640407491916,10
DENV4 VLP,French Guiana,19,7.566640407491916,7.823781123717657,16
DENV4 VLP,French Guiana,20,7.823781123717657,8.080921839943397,27
DENV4 VLP,French Guiana,21,8.080921839943397,8.338062556169138,26
DENV4 VLP,French Guiana,22,8.338062556169138,8.595203272394876,38
DENV4 VLP,French Guiana,23,8.595203272394876,8.852343988620618,57
DENV4 VLP,French Guiana,24,8.852343988620618,9.10948470484636,152
DENV4 VLP,French Guiana,25,9.10948470484636,9.366625421072097,268
DENV4 VLP,French Guiana,26,9.366625421072097,9.623766137297839,124
DENV4 VLP,French Guiana,27,9.623766137297839,9.880906853523578,4
DENV4 VLP,French Guiana,28,9.880906853523578,10.138047569749318,0
DENV4 VLP,French Guiana,29,10.138047569749318,10.39518828597506,0
DENV4 VLP,French Guiana,30,10.39518828597506,10.6523290022008,0
DENV4 VLP,New Caledonia,1,2.938107515428592,3.195248231654332,0
DENV4 VLP,New Caledonia,2,3.195248231654332,3.4523889478800722,0
DENV4 VLP,New Caledonia,3,3.4523889478800722,3.709529664105813,0
DENV4 VLP,New Caledonia,4,3.709529664105813,3.9666703803315526,0
DENV4 VLP,New Caledonia,5,3.9666703803315526,4.223811096557293,0
DENV4 VLP,New Caledonia,6,4.223811096557293,4.480951812783033,1
DENV4 VLP,New Caledonia,7,4.480951812783033,4.738092529008774,6
DENV4 VLP,New Caledonia,8,4.738092529008774,4.995233245234514,16
DENV4 VLP,New Caledonia,9,4.995233245234514,5.252373961460254,19
DENV4 VLP,New Caledonia,10,5.252373961460254,5.509514677685994,16
DENV4 VLP,New Caledonia,11,5.509514677685994,5.766655393911734,16
DENV4 VLP,New Caledonia,12,5.766655393911734,6.023796110137475,14
DENV4 VLP,New Caledonia,13,6.023796110137475,6.280936826363215,11
DENV4 VLP,New Caledonia,14,6.280936826363215,6.5380775425889555,8
DENV4 VLP,New Caledonia,15,6.5380775425889555,6.795218258814696,7
DENV4 VLP,New Caledonia,16,6.795218258814696,7.052358975040436,11
DENV4 VLP,New Caledonia,17,7.052358975040436,7.3094996912661765,6
DENV4 VLP,New Caledonia,18,7.3094996912661765,7.566640407491916,3
DENV4 VLP,New Caledonia,19,7.566640407491916,7.823781123717657,16
DENV4 VLP,New Caledonia,20,7.823781123717657,8.080921839943397,13
DENV4 VLP,New Caledonia,21,8.080921839943397,8.338062556169138,29
DENV4 VLP,New Caledonia,22,8.338062556169138,8.595203272394876,34
DENV4 VLP,New Caledonia,23,8.595203272394876,8.852343988620618,36
DENV4 VLP,New Caledonia,24,8.852343988620618,9.10948470484636,72
DENV4 VLP,New Caledonia,25,9.10948470484636,9.366625421072097,107
DENV4 VLP,New Caledonia,26,9.366625421072097,9.623766137297839,147
DENV4 VLP,New Caledonia,27,9.623766137297839,9.880906853523578,12
DENV4 VLP,New Caledonia,28,9.880906853523578,10.138047569749318,0
DENV4 VLP,New Caledonia,29,10.138047569749318,10.39518828597506,0
DENV4 VLP,New Caledonia,30,10.39518828597506,10.6523290022008,0
DENV4 VLP,Peru,1,2.938107515428592,3.195248231654332,0
DENV4 VLP,Peru,2,3.195248231654332,3.4523889478800722,0
DENV4 VLP,Peru,3,3.4523889478800722,3.709529664105813,0
DENV4 VLP,Peru,4,3.709529664105813,3.9666703803315526,8
DENV4 VLP,Peru,5,3.9666703803315526,4.223811096557293,19
DENV4 VLP,Peru,6,4.223811096557293,4.480951812783033,26
DENV4 VLP,Peru,7,4.480951812783033,4.738092529008774,26
DENV4 VLP,Peru,8,4.738092529008774,4.995233245234514,34
DENV4 VLP,Peru,9,4.995233245234514,5.252373961460254,28
DENV4 VLP,Peru,10,5.252373961460254,5.509514677685994,27
DENV4 VLP,Peru,11,5.509514677685994,5.766655393911734,32
DENV4 VLP,Peru,12,5.766655393911734,6.023796110137475,19
DENV4 VLP,Peru,13,6.023796110137475,6.280936826363215,16
DENV4 VLP,Peru,14,6.280936826363215,6.5380775425889555,20
DENV4 VLP,Peru,15,6.5380775425889555,6.795218258814696,24
DENV4 VLP,Peru,16,6.795218258814696,7.052358975040436,8
DENV4 VLP,Peru,17,7.052358975040436,7.3094996912661765,1
DENV4 VLP,Peru,18,7.3094996912661765,7.566640407491916,13
DENV4 VLP,Peru,19,7.566640407491916,7.823781123717657,24
DENV4 VLP,Peru,20,7.823781123717657,8.080921839943397,31
DENV4 VLP,Peru,21,8.080921839943397,8.338062556169138,31
DENV4 VLP,Peru,22,8.338062556169138,8.595203272394876,46
DENV4 VLP,Peru,23,8.595203272394876,8.852343988620618,57
DENV4 VLP,Peru,24,8.852343988620618,9.10948470484636,91
DENV4 VLP,Peru,25,9.10948470484636,9.366625421072097,154
DENV4 VLP,Peru,26,9.366625421072097,9.623766137297839,125
DENV4 VLP,Peru,27,9.623766137297839,9.880906853523578,20
DENV4 VLP,Peru,28,9.880906853523578,10.138047569749318,0
DENV4 VLP,Peru,29,10.138047569749318,10.39518828597506,0
DENV4 VLP,Peru,30,10.39518828597506,10.6523290022008,0
DENV4 VLP,Senegal,1,2.938107515428592,3.195248231654332,0
DENV4 VLP,Senegal,2,3.195248231654332,3.4523889478800722,4
DENV4 VLP,Senegal,3,3.4523889478800722,3.709529664105813,5
DENV4 VLP,Senegal,4,3.709529664105813,3.9666703803315526,12
DENV4 VLP,Senegal,5,3.9666703803315526,4.223811096557293,8
DENV4 VLP,Senegal,6,4.223811096557293,4.480951812783033,4
DENV4 VLP,Senegal,7,4.480951812783033,4.738092529008774,7
DENV4 VLP,Senegal,8,4.738092529008774,4.995233245234514,19
DENV4 VLP,Senegal,9,4.995233245234514,5.252373961460254,35
DENV4 VLP,Senegal,10,5.252373961460254,5.509514677685994,79
DENV4 VLP,Senegal,11,5.509514677685994,5.766655393911734,101
DENV4 VLP,Senegal,12,5.766655393911734,6.023796110137475,114
DENV4 VLP,Senegal,13,6.023796110137475,6.280936826363215,74
DENV4 VLP,Senegal,14,6.280936826363215,6.5380775425889555,41
DENV4 VLP,Senegal,15,6.5380775425889555,6.795218258814696,19
DENV4 VLP,Senegal,16,6.795218258814696,7.052358975040436,15
DENV4 VLP,Senegal,17,7.052358975040436,7.3094996912661765,53
DENV4 VLP,Senegal,18,7.3094996912661765,7.566640407491916,57
DENV4 VLP,Senegal,19,7.566640407491916,7.823781123717657,56
DENV4 VLP,Senegal,20,7.823781123717657,8.080921839943397,75
DENV4 VLP,Senegal,21,8.080921839943397,8.338062556169138,62
DENV4 VLP,Senegal,22,8.338062556169138,8.595203272394876,82
DENV4 VLP,Senegal,23,8.595203272394876,8.852343988620618,118
DENV4 VLP,Senegal,24,8.852343988620618,9.10948470484636,103
DENV4 VLP,Senegal,25,9.10948470484636,9.366625421072097,71
DENV4 VLP,Senegal,26,9.366625421072097,9.623766137297839,5
DENV4 VLP,Senegal,27,9.623766137297839,9.880906853523578,0
DENV4 VLP,Senegal,28,9.880906853523578,10.138047569749318,0
DENV4 VLP,Senegal,29,10.138047569749318,10.39518828597506,0
DENV4 VLP,Senegal,30,10.39518828597506,10.6523290022008,0
JEV E,French Guiana,1,2.938107515428592,3.195248231654332,0
JEV E,French Guiana,2,3.195248231654332,3.4523889478800722,0
JEV E,French Guiana,3,3.4523889478800722,3.709529664105813,0
JEV E,French Guiana,4,3.709529664105813,3.9666703803315526,1
JEV E,French Guiana,5,3.9666703803315526,4.223811096557293,1
JEV E,French Guiana,6,4.223811096557293,4.480951812783033,6
JEV E,French Guiana,7,4.480951812783033,4.738092529008774,6
JEV E,French Guiana,8,4.738092529008774,4.995233245234514,12
JEV E,French Guiana,9,4.995233245234514,5.252373961460254,4
JEV E,French Guiana,10,5.252373961460254,5.509514677685994,7
JEV E,French Guiana,11,5.509514677685994,5.766655393911734,6
JEV E,French Guiana,12,5.766655393911734,6.023796110137475,15
JEV E,French Guiana,13,6.023796110137475,6.280936826363215,15
JEV E,French Guiana,14,6.280936826363215,6.5380775425889555,21
JEV E,French Guiana,15,6.5380775425889555,6.795218258814696,23
JEV E,French Guiana,16,6.795218258814696,7.052358975040436,28
JEV E,French Guiana,17,7.052358975040436,7.3094996912661765,50
JEV E,French Guiana,18,7.3094996912661765,7.566640407491916,71
JEV E,French Guiana,19,7.566640407491916,7.823781123717657,101
JEV E,French Guiana,20,7.823781123717657,8.080921839943397,150
JEV E,French Guiana,21,8.080921839943397,8.338062556169138,120
JEV E,French Guiana,22,8.338062556169138,8.595203272394876,103
JEV E,French Guiana,23,8.595203272394876,8.852343988620618,40
JEV E,French Guiana,24,8.852343988620618,9.10948470484636,7
JEV E,French Guiana,25,9.10948470484636,9.366625421072097,0
JEV E,French Guiana,26,9.366625421072097,9.623766137297839,0
JEV E,French Guiana,27,9.623766137297839,9.880906853523578,0
JEV E,French Guiana,28,9.880906853523578,10.138047569749318,0
JEV E,French Guiana,29,10.138047569749318,10.39518828597506,0
JEV E,French Guiana,30,10.39518828597506,10.6523290022008,0
JEV E,New Caledonia,1,2.938107515428592,3.195248231654332,0
JEV E,New Caledonia,2,3.195248231654332,3.4523889478800722,0
JEV E,New Caledonia,3,3.4523889478800722,3.709529664105813,0
JEV E,New Caledonia,4,3.709529664105813,3.9666703803315526,0
JEV E,New Caledonia,5,3.9666703803315526,4.223811096557293,0
JEV E,New Caledonia,6,4.223811096557293,4.480951812783033,2
JEV E,New Caledonia,7,4.480951812783033,4.738092529008774,6
JEV E,New Caledonia,8,4.738092529008774,4.995233245234514,8
JEV E,New Caledonia,9,4.995233245234514,5.252373961460254,22
JEV E,New Caledonia,10,5.252373961460254,5.509514677685994,31
JEV E,New Caledonia,11,5.509514677685994,5.766655393911734,35
JEV E,New Caledonia,12,5.766655393911734,6.023796110137475,46
JEV E,New Caledonia,13,6.023796110137475,6.280936826363215,53
JEV E,New Caledonia,14,6.280936826363215,6.5380775425889555,57
JEV E,New Caledonia,15,6.5380775425889555,6.795218258814696,40
JEV E,New Caledonia,16,6.795218258814696,7.052358975040436,6
JEV E,New Caledonia,17,7.052358975040436,7.3094996912661765,0
JEV E,New Caledonia,18,7.3094996912661765,7.566640407491916,0
JEV E,New Caledonia,19,7.566640407491916,7.823781123717657,52
JEV E,New Caledonia,20,7.823781123717657,8.080921839943397,105
JEV E,New Caledonia,21,8.080921839943397,8.338062556169138,97
JEV E,New Caledonia,22,8.338062556169138,8.595203272394876,32
JEV E,New Caledonia,23,8.595203272394876,8.852343988620618,6
JEV E,New Caledonia,24,8.852343988620618,9.10948470484636,1
JEV E,New Caledonia,25,9.10948470484636,9.366625421072097,1
JEV E,New Caledonia,26,9.366625421072097,9.623766137297839,0
JEV E,New Caledonia,27,9.623766137297839,9.880906853523578,0
JEV E,New Caledonia,28,9.880906853523578,10.138047569749318,0
JEV E,New Caledonia,29,10.138047569749318,10.39518828597506,0
JEV E,New Caledonia,30,10.39518828597506,10.6523290022008,0
JEV E,Peru,1,2.938107515428592,3.195248231654332,0
JEV E,Peru,2,3.195248231654332,3.4523889478800722,0
JEV E,Peru,3,3.4523889478800722,3.709529664105813,3
JEV E,Peru,4,3.709529664105813,3.9666703803315526,15
JEV E,Peru,5,3.9666703803315526,4.223811096557293,34
JEV E,Peru,6,4.223811096557293,4.480951812783033,32
JEV E,Peru,7,4.480951812783033,4.738092529008774,46
JEV E,Peru,8,4.738092529008774,4.995233245234514,45
JEV E,Peru,9,4.995233245234514,5.252373961460254,38
JEV E,Peru,10,5.252373961460254,5.509514677685994,38
JEV E,Peru,11,5.509514677685994,5.766655393911734,39
JEV E,Peru,12,5.766655393911734,6.023796110137475,35
JEV E,Peru,13,6.023796110137475,6.280936826363215,43
JEV E,Peru,14,6.280936826363215,6.5380775425889555,48
JEV E,Peru,15,6.5380775425889555,6.795218258814696,20
JEV E,Peru,16,6.795218258814696,7.052358975040436,4
JEV E,Peru,17,7.052358975040436,7.3094996912661765,6
JEV E,Peru,18,7.3094996912661765,7.566640407491916,28
JEV E,Peru,19,7.566640407491916,7.823781123717657,77
JEV E,Peru,20,7.823781123717657,8.080921839943397,110
JEV E,Peru,21,8.080921839943397,8.338062556169138,89
JEV E,Peru,22,8.338062556169138,8.595203272394876,69
JEV E,Peru,23,8.595203272394876,8.852343988620618,42
JEV E,Peru,24,8.852343988620618,9.10948470484636,13
JEV E,Peru,25,9.10948470484636,9.366625421072097,6
JEV E,Peru,26,9.366625421072097,9.623766137297839,0
JEV E,Peru,27,9.623766137297839,9.880906853523578,0
JEV E,Peru,28,9.880906853523578,10.138047569749318,0
JEV E,Peru,29,10.138047569749318,10.39518828597506,0
JEV E,Peru,30,10.39518828597506,10.6523290022008,0
JEV E,Senegal,1,2.938107515428592,3.195248231654332,0
JEV E,Senegal,2,3.195248231654332,3.4523889478800722,2
JEV E,Senegal,3,3.4523889478800722,3.709529664105813,11
JEV E,Senegal,4,3.709529664105813,3.9666703803315526,14
JEV E,Senegal,5,3.9666703803315526,4.223811096557293,9
JEV E,Senegal,6,4.223811096557293,4.480951812783033,17
JEV E,Senegal,7,4.480951812783033,4.738092529008774,10
JEV E,Senegal,8,4.738092529008774,4.995233245234514,8
JEV E,Senegal,9,4.995233245234514,5.252373961460254,8
JEV E,Senegal,10,5.252373961460254,5.509514677685994,22
JEV E,Senegal,11,5.509514677685994,5.766655393911734,76
JEV E,Senegal,12,5.766655393911734,6.023796110137475,130
JEV E,Senegal,13,6.023796110137475,6.280936826363215,168
JEV E,Senegal,14,6.280936826363215,6.5380775425889555,90
JEV E,Senegal,15,6.5380775425889555,6.795218258814696,51
JEV E,Senegal,16,6.795218258814696,7.052358975040436,64
JEV E,Senegal,17,7.052358975040436,7.3094996912661765,86
JEV E,Senegal,18,7.3094996912661765,7.566640407491916,87
JEV E,Senegal,19,7.566640407491916,7.823781123717657,120
JEV E,Senegal,20,7.823781123717657,8.080921839943397,102
JEV E,Senegal,21,8.080921839943397,8.338062556169138,87
JEV E,Senegal,22,8.338062556169138,8.595203272394876,40
JEV E,Senegal,23,8.595203272394876,8.852343988620618,13
JEV E,Senegal,24,8.852343988620618,9.10948470484636,3
JEV E,Senegal,25,9.10948470484636,9.366625421072097,1
JEV E,Senegal,26,9.366625421072097,9.623766137297839,0
JEV E,Senegal,27,9.623766137297839,9.880906853523578,0
JEV E,Senegal,28,9.880906853523578,10.138047569749318,0
JEV E,Senegal,29,10.138047569749318,10.39518828597506,0
JEV E,Senegal,30,10.39518828597506,10.6523290022008,0
JEV NS1,French Guiana,1,2.938107515428592,3.195248231654332,0
JEV NS1,French Guiana,2,3.195248231654332,3.4523889478800722,0
JEV NS1,French Guiana,3,3.4523889478800722,3.709529664105813,5
JEV NS1,French Guiana,4,3.709529664105813,3.9666703803315526,13
JEV NS1,French Guiana,5,3.9666703803315526,4.223811096557293,36
JEV NS1,French Guiana,6,4.223811096557293,4.480951812783033,55
JEV NS1,French Guiana,7,4.480951812783033,4.738092529008774,52
JEV NS1,French Guiana,8,4.738092529008774,4.995233245234514,53
JEV NS1,French Guiana,9,4.995233245234514,5.252373961460254,61
JEV NS1,French Guiana,10,5.252373961460254,5.509514677685994,57
JEV NS1,French Guiana,11,5.509514677685994,5.766655393911734,47
JEV NS1,French Guiana,12,5.766655393911734,6.023796110137475,44
JEV NS1,French Guiana,13,6.023796110137475,6.280936826363215,44
JEV NS1,French Guiana,14,6.280936826363215,6.5380775425889555,47
JEV NS1,French Guiana,15,6.5380775425889555,6.795218258814696,45
JEV NS1,French Guiana,16,6.795218258814696,7.052358975040436,46
JEV NS1,French Guiana,17,7.052358975040436,7.3094996912661765,32
JEV NS1,French Guiana,18,7.3094996912661765,7.566640407491916,53
JEV NS1,French Guiana,19,7.566640407491916,7.823781123717657,22
JEV NS1,French Guiana,20,7.823781123717657,8.080921839943397,23
JEV NS1,French Guiana,21,8.080921839943397,8.338062556169138,11
JEV NS1,French Guiana,22,8.338062556169138,8.595203272394876,16
JEV NS1,French Guiana,23,8.595203272394876,8.852343988620618,18
JEV NS1,French Guiana,24,8.852343988620618,9.10948470484636,4
JEV NS1,French Guiana,25,9.10948470484636,9.366625421072097,3
JEV NS1,French Guiana,26,9.366625421072097,9.623766137297839,0
JEV NS1,French Guiana,27,9.623766137297839,9.880906853523578,0
JEV NS1,French Guiana,28,9.880906853523578,10.138047569749318,0
JEV NS1,French Guiana,29,10.138047569749318,10.39518828597506,0
JEV NS1,French Guiana,30,10.39518828597506,10.6523290022008,0
JEV NS1,New Caledonia,1,2.938107515428592,3.195248231654332,0
JEV NS1,New Caledonia,2,3.195248231654332,3.4523889478800722,0
JEV NS1,New Caledonia,3,3.4523889478800722,3.709529664105813,0
JEV NS1,New Caledonia,4,3.709529664105813,3.9666703803315526,0
JEV NS1,New Caledonia,5,3.9666703803315526,4.223811096557293,1
JEV NS1,New Caledonia,6,4.223811096557293,4.480951812783033,11
JEV NS1,New Caledonia,7,4.480951812783033,4.738092529008774,48
JEV NS1,New Caledonia,8,4.738092529008774,4.995233245234514,87
JEV NS1,New Caledonia,9,4.995233245234514,5.252373961460254,102
JEV NS1,New Caledonia,10,5.252373961460254,5.509514677685994,76
JEV NS1,New Caledonia,11,5.509514677685994,5.766655393911734,72
JEV NS1,New Caledonia,12,5.766655393911734,6.023796110137475,55
JEV NS1,New Caledonia,13,6.023796110137475,6.280936826363215,42
JEV NS1,New Caledonia,14,6.280936826363215,6.5380775425889555,14
JEV NS1,New Caledonia,15,6.5380775425889555,6.795218258814696,5
JEV NS1,New Caledonia,16,6.795218258814696,7.052358975040436,15
JEV NS1,New Caledonia,17,7.052358975040436,7.3094996912661765,17
JEV NS1,New Caledonia,18,7.3094996912661765,7.566640407491916,19
JEV NS1,New Caledonia,19,7.566640407491916,7.823781123717657,12
JEV NS1,New Caledonia,20,7.823781123717657,8.080921839943397,9
JEV NS1,New Caledonia,21,8.080921839943397,8.338062556169138,3
JEV NS1,New Caledonia,22,8.338062556169138,8.595203272394876,5
JEV NS1,New Caledonia,23,8.595203272394876,8.852343988620618,7
JEV NS1,New Caledonia,24,8.852343988620618,9.10948470484636,0
JEV NS1,New Caledonia,25,9.10948470484636,9.366625421072097,0
JEV NS1,New Caledonia,26,9.366625421072097,9.623766137297839,0
JEV NS1,New Caledonia,27,9.623766137297839,9.880906853523578,0
JEV NS1,New Caledonia,28,9.880906853523578,10.138047569749318,0
JEV NS1,New Caledonia,29,10.138047569749318,10.39518828597506,0
JEV NS1,New Caledonia,30,10.39518828597506,10.6523290022008,0
JEV NS1,Peru,1,2.938107515428592,3.195248231654332,0
JEV NS1,Peru,2,3.195248231654332,3.4523889478800722,1
JEV NS1,Peru,3,3.4523889478800722,3.709529664105813,16
JEV NS1,Peru,4,3.709529664105813,3.9666703803315526,40
JEV NS1,Peru,5,3.9666703803315526,4.223811096557293,97
JEV NS1,Peru,6,4.223811096557293,4.480951812783033,99
JEV NS1,Peru,7,4.480951812783033,4.738092529008774,92
JEV NS1,Peru,8,4.738092529008774,4.995233245234514,75
JEV NS1,Peru,9,4.995233245234514,5.252373961460254,56
JEV NS1,Peru,10,5.252373961460254,5.509514677685994,54
JEV NS1,Peru,11,5.509514677685994,5.766655393911734,67
JEV NS1,Peru,12,5.766655393911734,6.023796110137475,43
JEV NS1,Peru,13,6.023796110137475,6.280936826363215,29
JEV NS1,Peru,14,6.280936826363215,6.5380775425889555,17
JEV NS1,Peru,15,6.5380775425889555,6.795218258814696,20
JEV NS1,Peru,16,6.795218258814696,7.052358975040436,22
JEV NS1,Peru,17,7.052358975040436,7.3094996912661765,20
JEV NS1,Peru,18,7.3094996912661765,7.566640407491916,25
JEV NS1,Peru,19,7.566640407491916,7.823781123717657,21
JEV NS1,Peru,20,7.823781123717657,8.080921839943397,17
JEV NS1,Peru,21,8.080921839943397,8.338062556169138,10
JEV NS1,Peru,22,8.338062556169138,8.595203272394876,17
JEV NS1,Peru,23,8.595203272394876,8.852343988620618,19
JEV NS1,Peru,24,8.852343988620618,9.10948470484636,14
JEV NS1,Peru,25,9.10948470484636,9.366625421072097,5
JEV NS1,Peru,26,9.366625421072097,9.623766137297839,3
JEV NS1,Peru,27,9.623766137297839,9.880906853523578,1
JEV NS1,Peru,28,9.880906853523578,10.138047569749318,0
JEV NS1,Peru,29,10.138047569749318,10.39518828597506,0
JEV NS1,Peru,30,10.39518828597506,10.6523290022008,0
JEV NS1,Senegal,1,2.938107515428592,3.195248231654332,0
JEV NS1,Senegal,2,3.195248231654332,3.4523889478800722,23
JEV NS1,Senegal,3,3.4523889478800722,3.709529664105813,39
JEV NS1,Senegal,4,3.709529664105813,3.9666703803315526,20
JEV NS1,Senegal,5,3.9666703803315526,4.223811096557293,4
JEV NS1,Senegal,6,4.223811096557293,4.480951812783033,1
JEV NS1,Senegal,7,4.480951812783033,4.738092529008774,1
JEV NS1,Senegal,8,4.738092529008774,4.995233245234514,1
JEV NS1,Senegal,9,4.995233245234514,5.252373961460254,29
JEV NS1,Senegal,10,5.252373961460254,5.509514677685994,83
JEV NS1,Senegal,11,5.509514677685994,5.766655393911734,177
JEV NS1,Senegal,12,5.766655393911734,6.023796110137475,279
JEV NS1,Senegal,13,6.023796110137475,6.280936826363215,267
JEV NS1,Senegal,14,6.280936826363215,6.5380775425889555,112
JEV NS1,Senegal,15,6.5380775425889555,6.795218258814696,64
JEV NS1,Senegal,16,6.795218258814696,7.052358975040436,29
JEV NS1,Senegal,17,7.052358975040436,7.3094996912661765,26
JEV NS1,Senegal,18,7.3094996912661765,7.566640407491916,15
JEV NS1,Senegal,19,7.566640407491916,7.823781123717657,15
JEV NS1,Senegal,20,7.823781123717657,8.080921839943397,14
JEV NS1,Senegal,21,8.080921839943397,8.338062556169138,3
JEV NS1,Senegal,22,8.338062556169138,8.595203272394876,7
JEV NS1,Senegal,23,8.595203272394876,8.852343988620618,3
JEV NS1,Senegal,24,8.852343988620618,9.10948470484636,5
JEV NS1,Senegal,25,9.10948470484636,9.366625421072097,1
JEV NS1,Senegal,26,9.366625421072097,9.623766137297839,1
JEV NS1,Senegal,27,9.623766137297839,9.880906853523578,0
JEV NS1,Senegal,28,9.880906853523578,10.138047569749318,0
JEV NS1,Senegal,29,10.138047569749318,10.39518828597506,0
JEV NS1,Senegal,30,10.39518828597506,10.6523290022008,0
MAYV E2,French Guiana,1,2.938107515428592,3.195248231654332,0
MAYV E2,French Guiana,2,3.195248231654332,3.4523889478800722,0
MAYV E2,French Guiana,3,3.4523889478800722,3.709529664105813,0
MAYV E2,French Guiana,4,3.709529664105813,3.9666703803315526,9
MAYV E2,French Guiana,5,3.9666703803315526,4.223811096557293,21
MAYV E2,French Guiana,6,4.223811096557293,4.480951812783033,28
MAYV E2,French Guiana,7,4.480951812783033,4.738092529008774,48
MAYV E2,French Guiana,8,4.738092529008774,4.995233245234514,61
MAYV E2,French Guiana,9,4.995233245234514,5.252373961460254,114
MAYV E2,French Guiana,10,5.252373961460254,5.509514677685994,100
MAYV E2,French Guiana,11,5.509514677685994,5.766655393911734,65
MAYV E2,French Guiana,12,5.766655393911734,6.023796110137475,38
MAYV E2,French Guiana,13,6.023796110137475,6.280936826363215,27
MAYV E2,French Guiana,14,6.280936826363215,6.5380775425889555,31
MAYV E2,French Guiana,15,6.5380775425889555,6.795218258814696,20
MAYV E2,French Guiana,16,6.795218258814696,7.052358975040436,19
MAYV E2,French Guiana,17,7.052358975040436,7.3094996912661765,11
MAYV E2,French Guiana,18,7.3094996912661765,7.566640407491916,21
MAYV E2,French Guiana,19,7.566640407491916,7.823781123717657,30
MAYV E2,French Guiana,20,7.823781123717657,8.080921839943397,24
MAYV E2,French Guiana,21,8.080921839943397,8.338062556169138,27
MAYV E2,French Guiana,22,8.338062556169138,8.595203272394876,24
MAYV E2,French Guiana,23,8.595203272394876,8.852343988620618,21
MAYV E2,French Guiana,24,8.852343988620618,9.10948470484636,24
MAYV E2,French Guiana,25,9.10948470484636,9.366625421072097,18
MAYV E2,French Guiana,26,9.366625421072097,9.623766137297839,5
MAYV E2,French Guiana,27,9.623766137297839,9.880906853523578,1
MAYV E2,French Guiana,28,9.880906853523578,10.138047569749318,0
MAYV E2,French Guiana,29,10.138047569749318,10.39518828597506,0
MAYV E2,French Guiana,30,10.39518828597506,10.6523290022008,0
MAYV E2,New Caledonia,1,2.938107515428592,3.195248231654332,0
MAYV E2,New Caledonia,2,3.195248231654332,3.4523889478800722,0
MAYV E2,New Caledonia,3,3.4523889478800722,3.709529664105813,0
MAYV E2,New Caledonia,4,3.709529664105813,3.9666703803315526,0
MAYV E2,New Caledonia,5,3.9666703803315526,4.223811096557293,0
MAYV E2,New Caledonia,6,4.223811096557293,4.480951812783033,9
MAYV E2,New Caledonia,7,4.480951812783033,4.738092529008774,43
MAYV E2,New Caledonia,8,4.738092529008774,4.995233245234514,120
MAYV E2,New Caledonia,9,4.995233245234514,5.252373961460254,122
MAYV E2,New Caledonia,10,5.252373961460254,5.509514677685994,108
MAYV E2,New Caledonia,11,5.509514677685994,5.766655393911734,81
MAYV E2,New Caledonia,12,5.766655393911734,6.023796110137475,54
MAYV E2,New Caledonia,13,6.023796110137475,6.280936826363215,26
MAYV E2,New Caledonia,14,6.280936826363215,6.5380775425889555,24
MAYV E2,New Caledonia,15,6.5380775425889555,6.795218258814696,3
MAYV E2,New Caledonia,16,6.795218258814696,7.052358975040436,2
MAYV E2,New Caledonia,17,7.052358975040436,7.3094996912661765,1
MAYV E2,New Caledonia,18,7.3094996912661765,7.566640407491916,3
MAYV E2,New Caledonia,19,7.566640407491916,7.823781123717657,3
MAYV E2,New Caledonia,20,7.823781123717657,8.080921839943397,0
MAYV E2,New Caledonia,21,8.080921839943397,8.338062556169138,0
MAYV E2,New Caledonia,22,8.338062556169138,8.595203272394876,0
MAYV E2,New Caledonia,23,8.595203272394876,8.852343988620618,1
MAYV E2,New Caledonia,24,8.852343988620618,9.10948470484636,0
MAYV E2,New Caledonia,25,9.10948470484636,9.366625421072097,0
MAYV E2,New Caledonia,26,9.366625421072097,9.623766137297839,0
MAYV E2,New Caledonia,27,9.623766137297839,9.880906853523578,0
MAYV E2,New Caledonia,28,9.880906853523578,10.138047569749318,0
MAYV E2,New Caledonia,29,10.138047569749318,10.39518828597506,0
MAYV E2,New Caledonia,30,10.39518828597506,10.6523290022008,0
MAYV E2,Peru,1,2.938107515428592,3.195248231654332,0
MAYV E2,Peru,2,3.195248231654332,3.4523889478800722,1
MAYV E2,Peru,3,3.4523889478800722,3.709529664105813,12
MAYV E2,Peru,4,3.709529664105813,3.9666703803315526,38
MAYV E2,Peru,5,3.9666703803315526,4.223811096557293,87
MAYV E2,Peru,6,4.223811096557293,4.480951812783033,105
MAYV E2,Peru,7,4.480951812783033,4.738092529008774,116
MAYV E2,Peru,8,4.738092529008774,4.995233245234514,100
MAYV E2,Peru,9,4.995233245234514,5.252373961460254,73
MAYV E2,Peru,10,5.252373961460254,5.509514677685994,55
MAYV E2,Peru,11,5.509514677685994,5.766655393911734,44
MAYV E2,Peru,12,5.766655393911734,6.023796110137475,26
MAYV E2,Peru,13,6.023796110137475,6.280936826363215,20
MAYV E2,Peru,14,6.280936826363215,6.5380775425889555,24
MAYV E2,Peru,15,6.5380775425889555,6.795218258814696,9
MAYV E2,Peru,16,6.795218258814696,7.052358975040436,12
MAYV E2,Peru,17,7.052358975040436,7.3094996912661765,26
MAYV E2,Peru,18,7.3094996912661765,7.566640407491916,29
MAYV E2,Peru,19,7.566640407491916,7.823781123717657,21
MAYV E2,Peru,20,7.823781123717657,8.080921839943397,26
MAYV E2,Peru,21,8.080921839943397,8.338062556169138,19
MAYV E2,Peru,22,8.338062556169138,8.595203272394876,18
MAYV E2,Peru,23,8.595203272394876,8.852343988620618,6
MAYV E2,Peru,24,8.852343988620618,9.10948470484636,8
MAYV E2,Peru,25,9.10948470484636,9.366625421072097,4
MAYV E2,Peru,26,9.366625421072097,9.623766137297839,1
MAYV E2,Peru,27,9.623766137297839,9.880906853523578,0
MAYV E2,Peru,28,9.880906853523578,10.138047569749318,0
MAYV E2,Peru,29,10.138047569749318,10.39518828597506,0
MAYV E2,Peru,30,10.39518828597506,10.6523290022008,0
MAYV E2,Senegal,1,2.938107515428592,3.195248231654332,0
MAYV E2,Senegal,2,3.195248231654332,3.4523889478800722,0
MAYV E2,Senegal,3,3.4523889478800722,3.709529664105813,24
MAYV E2,Senegal,4,3.709529664105813,3.9666703803315526,40
MAYV E2,Senegal,5,3.9666703803315526,4.223811096557293,13
MAYV E2,Senegal,6,4.223811096557293,4.480951812783033,10
MAYV E2,Senegal,7,4.480951812783033,4.738092529008774,1
MAYV E2,Senegal,8,4.738092529008774,4.995233245234514,5
MAYV E2,Senegal,9,4.995233245234514,5.252373961460254,16
MAYV E2,Senegal,10,5.252373961460254,5.509514677685994,65
MAYV E2,Senegal,11,5.509514677685994,5.766655393911734,150
MAYV E2,Senegal,12,5.766655393911734,6.023796110137475,231
MAYV E2,Senegal,13,6.023796110137475,6.280936826363215,172
MAYV E2,Senegal,14,6.280936826363215,6.5380775425889555,64
MAYV E2,Senegal,15,6.5380775425889555,6.795218258814696,66
MAYV E2,Senegal,16,6.795218258814696,7.052358975040436,66
MAYV E2,Senegal,17,7.052358975040436,7.3094996912661765,78
MAYV E2,Senegal,18,7.3094996912661765,7.566640407491916,79
MAYV E2,Senegal,19,7.566640407491916,7.823781123717657,61
MAYV E2,Senegal,20,7.823781123717657,8.080921839943397,35
MAYV E2,Senegal,21,8.080921839943397,8.338062556169138,25
MAYV E2,Senegal,22,8.338062556169138,8.595203272394876,15
MAYV E2,Senegal,23,8.595203272394876,8.852343988620618,3
MAYV E2,Senegal,24,8.852343988620618,9.10948470484636,0
MAYV E2,Senegal,25,9.10948470484636,9.366625421072097,0
MAYV E2,Senegal,26,9.366625421072097,9.623766137297839,0
MAYV E2,Senegal,27,9.623766137297839,9.880906853523578,0
MAYV E2,Senegal,28,9.880906853523578,10.138047569749318,0
MAYV E2,Senegal,29,10.138047569749318,10.39518828597506,0
MAYV E2,Senegal,30,10.39518828597506,10.6523290022008,0
MAYV NSP1,French Guiana,1,2.938107515428592,3.195248231654332,0
MAYV NSP1,French Guiana,2,3.195248231654332,3.4523889478800722,0
MAYV NSP1,French Guiana,3,3.4523889478800722,3.709529664105813,0
MAYV NSP1,French Guiana,4,3.709529664105813,3.9666703803315526,2
MAYV NSP1,French Guiana,5,3.9666703803315526,4.223811096557293,5
MAYV NSP1,French Guiana,6,4.223811096557293,4.480951812783033,11
MAYV NSP1,French Guiana,7,4.480951812783033,4.738092529008774,35
MAYV NSP1,French Guiana,8,4.738092529008774,4.995233245234514,49
MAYV NSP1,French Guiana,9,4.995233245234514,5.252373961460254,71
MAYV NSP1,French Guiana,10,5.252373961460254,5.509514677685994,109
MAYV NSP1,French Guiana,11,5.509514677685994,5.766655393911734,103
MAYV NSP1,French Guiana,12,5.766655393911734,6.023796110137475,97
MAYV NSP1,French Guiana,13,6.023796110137475,6.280936826363215,63
MAYV NSP1,French Guiana,14,6.280936826363215,6.5380775425889555,21
MAYV NSP1,French Guiana,15,6.5380775425889555,6.795218258814696,15
MAYV NSP1,French Guiana,16,6.795218258814696,7.052358975040436,46
MAYV NSP1,French Guiana,17,7.052358975040436,7.3094996912661765,33
MAYV NSP1,French Guiana,18,7.3094996912661765,7.566640407491916,41
MAYV NSP1,French Guiana,19,7.566640407491916,7.823781123717657,31
MAYV NSP1,French Guiana,20,7.823781123717657,8.080921839943397,16
MAYV NSP1,French Guiana,21,8.080921839943397,8.338062556169138,9
MAYV NSP1,French Guiana,22,8.338062556169138,8.595203272394876,11
MAYV NSP1,French Guiana,23,8.595203272394876,8.852343988620618,10
MAYV NSP1,French Guiana,24,8.852343988620618,9.10948470484636,4
MAYV NSP1,French Guiana,25,9.10948470484636,9.366625421072097,3
MAYV NSP1,French Guiana,26,9.366625421072097,9.623766137297839,1
MAYV NSP1,French Guiana,27,9.623766137297839,9.880906853523578,1
MAYV NSP1,French Guiana,28,9.880906853523578,10.138047569749318,0
MAYV NSP1,French Guiana,29,10.138047569749318,10.39518828597506,0
MAYV NSP1,French Guiana,30,10.39518828597506,10.6523290022008,0
MAYV NSP1,New Caledonia,1,2.938107515428592,3.195248231654332,0
MAYV NSP1,New Caledonia,2,3.195248231654332,3.4523889478800722,0
MAYV NSP1,New Caledonia,3,3.4523889478800722,3.709529664105813,0
MAYV NSP1,New Caledonia,4,3.709529664105813,3.9666703803315526,0
MAYV NSP1,New Caledonia,5,3.9666703803315526,4.223811096557293,1
MAYV NSP1,New Caledonia,6,4.223811096557293,4.480951812783033,0
MAYV NSP1,New Caledonia,7,4.480951812783033,4.738092529008774,38
MAYV NSP1,New Caledonia,8,4.738092529008774,4.995233245234514,96
MAYV NSP1,New Caledonia,9,4.995233245234514,5.252373961460254,134
MAYV NSP1,New Caledonia,10,5.252373961460254,5.509514677685994,128
MAYV NSP1,New Caledonia,11,5.509514677685994,5.766655393911734,87
MAYV NSP1,New Caledonia,12,5.766655393911734,6.023796110137475,51
MAYV NSP1,New Caledonia,13,6.023796110137475,6.280936826363215,37
MAYV NSP1,New Caledonia,14,6.280936826363215,6.5380775425889555,2
MAYV NSP1,New Caledonia,15,6.5380775425889555,6.795218258814696,0
MAYV NSP1,New Caledonia,16,6.795218258814696,7.052358975040436,0
MAYV NSP1,New Caledonia,17,7.052358975040436,7.3094996912661765,1
MAYV NSP1,New Caledonia,18,7.3094996912661765,7.566640407491916,15
MAYV NSP1,New Caledonia,19,7.566640407491916,7.823781123717657,3
MAYV NSP1,New Caledonia,20,7.823781123717657,8.080921839943397,2
MAYV NSP1,New Caledonia,21,8.080921839943397,8.338062556169138,2
MAYV NSP1,New Caledonia,22,8.338062556169138,8.595203272394876,0
MAYV NSP1,New Caledonia,23,8.595203272394876,8.852343988620618,2
MAYV NSP1,New Caledonia,24,8.852343988620618,9.10948470484636,0
MAYV NSP1,New Caledonia,25,9.10948470484636,9.366625421072097,1
MAYV NSP1,New Caledonia,26,9.366625421072097,9.623766137297839,0
MAYV NSP1,New Caledonia,27,9.623766137297839,9.880906853523578,0
MAYV NSP1,New Caledonia,28,9.880906853523578,10.138047569749318,0
MAYV NSP1,New Caledonia,29,10.138047569749318,10.39518828597506,0
MAYV NSP1,New Caledonia,30,10.39518828597506,10.6523290022008,0
MAYV NSP1,Peru,1,2.938107515428592,3.195248231654332,0
MAYV NSP1,Peru,2,3.195248231654332,3.4523889478800722,0
MAYV NSP1,Peru,3,3.4523889478800722,3.709529664105813,1
MAYV NSP1,Peru,4,3.709529664105813,3.9666703803315526,7
MAYV NSP1,Peru,5,3.9666703803315526,4.223811096557293,26
MAYV NSP1,Peru,6,4.223811096557293,4.480951812783033,97
MAYV NSP1,Peru,7,4.480951812783033,4.738092529008774,140
MAYV NSP1,Peru,8,4.738092529008774,4.995233245234514,149
MAYV NSP1,Peru,9,4.995233245234514,5.252373961460254,152
MAYV NSP1,Peru,10,5.252373961460254,5.509514677685994,102
MAYV NSP1,Peru,11,5.509514677685994,5.766655393911734,82
MAYV NSP1,Peru,12,5.766655393911734,6.023796110137475,52
MAYV NSP1,Peru,13,6.023796110137475,6.280936826363215,27
MAYV NSP1,Peru,14,6.280936826363215,6.5380775425889555,11
MAYV NSP1,Peru,15,6.5380775425889555,6.795218258814696,5
MAYV NSP1,Peru,16,6.795218258814696,7.052358975040436,1
MAYV NSP1,Peru,17,7.052358975040436,7.3094996912661765,1
MAYV NSP1,Peru,18,7.3094996912661765,7.566640407491916,9
MAYV NSP1,Peru,19,7.566640407491916,7.823781123717657,9
MAYV NSP1,Peru,20,7.823781123717657,8.080921839943397,3
MAYV NSP1,Peru,21,8.080921839943397,8.338062556169138,3
MAYV NSP1,Peru,22,8.338062556169138,8.595203272394876,1
MAYV NSP1,Peru,23,8.595203272394876,8.852343988620618,0
MAYV NSP1,Peru,24,8.852343988620618,9.10948470484636,2
MAYV NSP1,Peru,25,9.10948470484636,9.366625421072097,0
MAYV NSP1,Peru,26,9.366625421072097,9.623766137297839,0
MAYV NSP1,Peru,27,9.623766137297839,9.880906853523578,0
MAYV NSP1,Peru,28,9.880906853523578,10.138047569749318,0
MAYV NSP1,Peru,29,10.138047569749318,10.39518828597506,0
MAYV NSP1,Peru,30,10.39518828597506,10.6523290022008,0
MAYV NSP1,Senegal,1,2.938107515428592,3.195248231654332,0
MAYV NSP1,Senegal,2,3.195248231654332,3.4523889478800722,5
MAYV NSP1,Senegal,3,3.4523889478800722,3.709529664105813,14
MAYV NSP1,Senegal,4,3.709529664105813,3.9666703803315526,15
MAYV NSP1,Senegal,5,3.9666703803315526,4.223811096557293,18
MAYV NSP1,Senegal,6,4.223811096557293,4.480951812783033,13
MAYV NSP1,Senegal,7,4.480951812783033,4.738092529008774,4
MAYV NSP1,Senegal,8,4.738092529008774,4.995233245234514,12
MAYV NSP1,Senegal,9,4.995233245234514,5.252373961460254,26
MAYV NSP1,Senegal,10,5.252373961460254,5.509514677685994,65
MAYV NSP1,Senegal,11,5.509514677685994,5.766655393911734,163
MAYV NSP1,Senegal,12,5.766655393911734,6.023796110137475,324
MAYV NSP1,Senegal,13,6.023796110137475,6.280936826363215,278
MAYV NSP1,Senegal,14,6.280936826363215,6.5380775425889555,96
MAYV NSP1,Senegal,15,6.5380775425889555,6.795218258814696,30
MAYV NSP1,Senegal,16,6.795218258814696,7.052358975040436,55
MAYV NSP1,Senegal,17,7.052358975040436,7.3094996912661765,51
MAYV NSP1,Senegal,18,7.3094996912661765,7.566640407491916,16
MAYV NSP1,Senegal,19,7.566640407491916,7.823781123717657,14
MAYV NSP1,Senegal,20,7.823781123717657,8.080921839943397,3
MAYV NSP1,Senegal,21,8.080921839943397,8.338062556169138,5
MAYV NSP1,Senegal,22,8.338062556169138,8.595203272394876,4
MAYV NSP1,Senegal,23,8.595203272394876,8.852343988620618,1
MAYV NSP1,Senegal,24,8.852343988620618,9.10948470484636,3
MAYV NSP1,Senegal,25,9.10948470484636,9.366625421072097,4
MAYV NSP1,Senegal,26,9.366625421072097,9.623766137297839,0
MAYV NSP1,Senegal,27,9.623766137297839,9.880906853523578,0
MAYV NSP1,Senegal,28,9.880906853523578,10.138047569749318,0
MAYV NSP1,Senegal,29,10.138047569749318,10.39518828597506,0
MAYV NSP1,Senegal,30,10.39518828597506,10.6523290022008,0
ONNV VLP,French Guiana,1,2.938107515428592,3.195248231654332,0
ONNV VLP,French Guiana,2,3.195248231654332,3.4523889478800722,0
ONNV VLP,French Guiana,3,3.4523889478800722,3.709529664105813,3
ONNV VLP,French Guiana,4,3.709529664105813,3.9666703803315526,21
ONNV VLP,French Guiana,5,3.9666703803315526,4.223811096557293,49
ONNV VLP,French Guiana,6,4.223811096557293,4.480951812783033,77
ONNV VLP,French Guiana,7,4.480951812783033,4.738092529008774,128
ONNV VLP,French Guiana,8,4.738092529008774,4.995233245234514,148
ONNV VLP,French Guiana,9,4.995233245234514,5.252373961460254,110
ONNV VLP,French Guiana,10,5.252373961460254,5.509514677685994,81
ONNV VLP,French Guiana,11,5.509514677685994,5.766655393911734,46
ONNV VLP,French Guiana,12,5.766655393911734,6.023796110137475,42
ONNV VLP,French Guiana,13,6.023796110137475,6.280936826363215,33
ONNV VLP,French Guiana,14,6.280936826363215,6.5380775425889555,29
ONNV VLP,French Guiana,15,6.5380775425889555,6.795218258814696,15
ONNV VLP,French Guiana,16,6.795218258814696,7.052358975040436,4
ONNV VLP,French Guiana,17,7.052358975040436,7.3094996912661765,1
ONNV VLP,French Guiana,18,7.3094996912661765,7.566640407491916,0
ONNV VLP,French Guiana,19,7.566640407491916,7.823781123717657,0
ONNV VLP,French Guiana,20,7.823781123717657,8.080921839943397,0
ONNV VLP,French Guiana,21,8.080921839943397,8.338062556169138,0
ONNV VLP,French Guiana,22,8.338062556169138,8.595203272394876,0
ONNV VLP,French Guiana,23,8.595203272394876,8.852343988620618,0
ONNV VLP,French Guiana,24,8.852343988620618,9.10948470484636,0
ONNV VLP,French Guiana,25,9.10948470484636,9.366625421072097,0
ONNV VLP,French Guiana,26,9.366625421072097,9.623766137297839,0
ONNV VLP,French Guiana,27,9.623766137297839,9.880906853523578,0
ONNV VLP,French Guiana,28,9.880906853523578,10.138047569749318,0
ONNV VLP,French Guiana,29,10.138047569749318,10.39518828597506,0
ONNV VLP,French Guiana,30,10.39518828597506,10.6523290022008,0
ONNV VLP,New Caledonia,1,2.938107515428592,3.195248231654332,0
ONNV VLP,New Caledonia,2,3.195248231654332,3.4523889478800722,0
ONNV VLP,New Caledonia,3,3.4523889478800722,3.709529664105813,2
ONNV VLP,New Caledonia,4,3.709529664105813,3.9666703803315526,4
ONNV VLP,New Caledonia,5,3.9666703803315526,4.223811096557293,35
ONNV VLP,New Caledonia,6,4.223811096557293,4.480951812783033,96
ONNV VLP,New Caledonia,7,4.480951812783033,4.738092529008774,119
ONNV VLP,New Caledonia,8,4.738092529008774,4.995233245234514,107
ONNV VLP,New Caledonia,9,4.995233245234514,5.252373961460254,92
ONNV VLP,New Caledonia,10,5.252373961460254,5.509514677685994,66
ONNV VLP,New Caledonia,11,5.509514677685994,5.766655393911734,39
ONNV VLP,New Caledonia,12,5.766655393911734,6.023796110137475,19
ONNV VLP,New Caledonia,13,6.023796110137475,6.280936826363215,12
ONNV VLP,New Caledonia,14,6.280936826363215,6.5380775425889555,8
ONNV VLP,New Caledonia,15,6.5380775425889555,6.795218258814696,0
ONNV VLP,New Caledonia,16,6.795218258814696,7.052358975040436,0
ONNV VLP,New Caledonia,17,7.052358975040436,7.3094996912661765,0
ONNV VLP,New Caledonia,18,7.3094996912661765,7.566640407491916,1
ONNV VLP,New Caledonia,19,7.566640407491916,7.823781123717657,0
ONNV VLP,New Caledonia,20,7.823781123717657,8.080921839943397,0
ONNV VLP,New Caledonia,21,8.080921839943397,8.338062556169138,0
ONNV VLP,New Caledonia,22,8.338062556169138,8.595203272394876,0
ONNV VLP,New Caledonia,23,8.595203272394876,8.852343988620618,0
ONNV VLP,New Caledonia,24,8.852343988620618,9.10948470484636,0
ONNV VLP,New Caledonia,25,9.10948470484636,9.366625421072097,0
ONNV VLP,New Caledonia,26,9.366625421072097,9.623766137297839,0
ONNV VLP,New Caledonia,27,9.623766137297839,9.880906853523578,0
ONNV VLP,New Caledonia,28,9.880906853523578,10.138047569749318,0
ONNV VLP,New Caledonia,29,10.138047569749318,10.39518828597506,0
ONNV VLP,New Caledonia,30,10.39518828597506,10.6523290022008,0
ONNV VLP,Peru,1,2.938107515428592,3.195248231654332,0
ONNV VLP,Peru,2,3.195248231654332,3.4523889478800722,1
ONNV VLP,Peru,3,3.4523889478800722,3.709529664105813,29
ONNV VLP,Peru,4,3.709529664105813,3.9666703803315526,87
ONNV VLP,Peru,5,3.9666703803315526,4.223811096557293,118
ONNV VLP,Peru,6,4.223811096557293,4.480951812783033,141
ONNV VLP,Peru,7,4.480951812783033,4.738092529008774,119
ONNV VLP,Peru,8,4.738092529008774,4.995233245234514,120
ONNV VLP,Peru,9,4.995233245234514,5.252373961460254,90
ONNV VLP,Peru,10,5.252373961460254,5.509514677685994,81
ONNV VLP,Peru,11,5.509514677685994,5.766655393911734,51
ONNV VLP,Peru,12,5.766655393911734,6.023796110137475,30
ONNV VLP,Peru,13,6.023796110137475,6.280936826363215,6
ONNV VLP,Peru,14,6.280936826363215,6.5380775425889555,6
ONNV VLP,Peru,15,6.5380775425889555,6.795218258814696,0
ONNV VLP,Peru,16,6.795218258814696,7.052358975040436,1
ONNV VLP,Peru,17,7.052358975040436,7.3094996912661765,0
ONNV VLP,Peru,18,7.3094996912661765,7.566640407491916,0
ONNV VLP,Peru,19,7.566640407491916,7.823781123717657,0
ONNV VLP,Peru,20,7.823781123717657,8.080921839943397,0
ONNV VLP,Peru,21,8.080921839943397,8.338062556169138,0
ONNV VLP,Peru,22,8.338062556169138,8.595203272394876,0
ONNV VLP,Peru,23,8.595203272394876,8.852343988620618,0
ONNV VLP,Peru,24,8.852343988620618,9.10948470484636,0
ONNV VLP,Peru,25,9.10948470484636,9.366625421072097,0
ONNV VLP,Peru,26,9.366625421072097,9.623766137297839,0
ONNV VLP,Peru,27,9.623766137297839,9.880906853523578,0
ONNV VLP,Peru,28,9.880906853523578,10.138047569749318,0
ONNV VLP,Peru,29,10.138047569749318,10.39518828597506,0
ONNV VLP,Peru,30,10.39518828597506,10.6523290022008,0
ONNV VLP,Senegal,1,2.938107515428592,3.195248231654332,0
ONNV VLP,Senegal,2,3.195248231654332,3.4523889478800722,0
ONNV VLP,Senegal,3,3.4523889478800722,3.709529664105813,32
ONNV VLP,Senegal,4,3.709529664105813,3.9666703803315526,27
ONNV VLP,Senegal,5,3.9666703803315526,4.223811096557293,19
ONNV VLP,Senegal,6,4.223811096557293,4.480951812783033,6
ONNV VLP,Senegal,7,4.480951812783033,4.738092529008774,36
ONNV VLP,Senegal,8,4.738092529008774,4.995233245234514,111
ONNV VLP,Senegal,9,4.995233245234514,5.252373961460254,215
ONNV VLP,Senegal,10,5.252373961460254,5.509514677685994,223
ONNV VLP,Senegal,11,5.509514677685994,5.766655393911734,72
ONNV VLP,Senegal,12,5.766655393911734,6.023796110137475,43
ONNV VLP,Senegal,13,6.023796110137475,6.280936826363215,105
ONNV VLP,Senegal,14,6.280936826363215,6.5380775425889555,170
ONNV VLP,Senegal,15,6.5380775425889555,6.795218258814696,135
ONNV VLP,Senegal,16,6.795218258814696,7.052358975040436,24
ONNV VLP,Senegal,17,7.052358975040436,7.3094996912661765,1
ONNV VLP,Senegal,18,7.3094996912661765,7.566640407491916,0
ONNV VLP,Senegal,19,7.566640407491916,7.823781123717657,0
ONNV VLP,Senegal,20,7.823781123717657,8.080921839943397,0
ONNV VLP,Senegal,21,8.080921839943397,8.338062556169138,0
ONNV VLP,Senegal,22,8.338062556169138,8.595203272394876,0
ONNV VLP,Senegal,23,8.595203272394876,8.852343988620618,0
ONNV VLP,Senegal,24,8.852343988620618,9.10948470484636,0
ONNV VLP,Senegal,25,9.10948470484636,9.366625421072097,0
ONNV VLP,Senegal,26,9.366625421072097,9.623766137297839,0
ONNV VLP,Senegal,27,9.623766137297839,9.880906853523578,0
ONNV VLP,Senegal,28,9.880906853523578,10.138047569749318,0
ONNV VLP,Senegal,29,10.138047569749318,10.39518828597506,0
ONNV VLP,Senegal,30,10.39518828597506,10.6523290022008,0
USUV NS1,French Guiana,1,2.938107515428592,3.195248231654332,0
USUV NS1,French Guiana,2,3.195248231654332,3.4523889478800722,0
USUV NS1,French Guiana,3,3.4523889478800722,3.709529664105813,0
USUV NS1,French Guiana,4,3.709529664105813,3.9666703803315526,1
USUV NS1,French Guiana,5,3.9666703803315526,4.223811096557293,13
USUV NS1,French Guiana,6,4.223811096557293,4.480951812783033,26
USUV NS1,French Guiana,7,4.480951812783033,4.738092529008774,43
USUV NS1,French Guiana,8,4.738092529008774,4.995233245234514,65
USUV NS1,French Guiana,9,4.995233245234514,5.252373961460254,59
USUV NS1,French Guiana,10,5.252373961460254,5.509514677685994,61
USUV NS1,French Guiana,11,5.509514677685994,5.766655393911734,64
USUV NS1,French Guiana,12,5.766655393911734,6.023796110137475,52
USUV NS1,French Guiana,13,6.023796110137475,6.280936826363215,44
USUV NS1,French Guiana,14,6.280936826363215,6.5380775425889555,62
USUV NS1,French Guiana,15,6.5380775425889555,6.795218258814696,58
USUV NS1,French Guiana,16,6.795218258814696,7.052358975040436,39
USUV NS1,French Guiana,17,7.052358975040436,7.3094996912661765,47
USUV NS1,French Guiana,18,7.3094996912661765,7.566640407491916,25
USUV NS1,French Guiana,19,7.566640407491916,7.823781123717657,46
USUV NS1,French Guiana,20,7.823781123717657,8.080921839943397,28
USUV NS1,French Guiana,21,8.080921839943397,8.338062556169138,22
USUV NS1,French Guiana,22,8.338062556169138,8.595203272394876,17
USUV NS1,French Guiana,23,8.595203272394876,8.852343988620618,9
USUV NS1,French Guiana,24,8.852343988620618,9.10948470484636,6
USUV NS1,French Guiana,25,9.10948470484636,9.366625421072097,0
USUV NS1,French Guiana,26,9.366625421072097,9.623766137297839,0
USUV NS1,French Guiana,27,9.623766137297839,9.880906853523578,0
USUV NS1,French Guiana,28,9.880906853523578,10.138047569749318,0
USUV NS1,French Guiana,29,10.138047569749318,10.39518828597506,0
USUV NS1,French Guiana,30,10.39518828597506,10.6523290022008,0
USUV NS1,New Caledonia,1,2.938107515428592,3.195248231654332,0
USUV NS1,New Caledonia,2,3.195248231654332,3.4523889478800722,0
USUV NS1,New Caledonia,3,3.4523889478800722,3.709529664105813,0
USUV NS1,New Caledonia,4,3.709529664105813,3.9666703803315526,0
USUV NS1,New Caledonia,5,3.9666703803315526,4.223811096557293,2
USUV NS1,New Caledonia,6,4.223811096557293,4.480951812783033,5
USUV NS1,New Caledonia,7,4.480951812783033,4.738092529008774,32
USUV NS1,New Caledonia,8,4.738092529008774,4.995233245234514,63
USUV NS1,New Caledonia,9,4.995233245234514,5.252373961460254,80
USUV NS1,New Caledonia,10,5.252373961460254,5.509514677685994,79
USUV NS1,New Caledonia,11,5.509514677685994,5.766655393911734,79
USUV NS1,New Caledonia,12,5.766655393911734,6.023796110137475,62
USUV NS1,New Caledonia,13,6.023796110137475,6.280936826363215,49
USUV NS1,New Caledonia,14,6.280936826363215,6.5380775425889555,42
USUV NS1,New Caledonia,15,6.5380775425889555,6.795218258814696,24
USUV NS1,New Caledonia,16,6.795218258814696,7.052358975040436,24
USUV NS1,New Caledonia,17,7.052358975040436,7.3094996912661765,23
USUV NS1,New Caledonia,18,7.3094996912661765,7.566640407491916,9
USUV NS1,New Caledonia,19,7.566640407491916,7.823781123717657,8
USUV NS1,New Caledonia,20,7.823781123717657,8.080921839943397,7
USUV NS1,New Caledonia,21,8.080921839943397,8.338062556169138,8
USUV NS1,New Caledonia,22,8.338062556169138,8.595203272394876,2
USUV NS1,New Caledonia,23,8.595203272394876,8.852343988620618,2
USUV NS1,New Caledonia,24,8.852343988620618,9.10948470484636,0
USUV NS1,New Caledonia,25,9.10948470484636,9.366625421072097,0
USUV NS1,New Caledonia,26,9.366625421072097,9.623766137297839,0
USUV NS1,New Caledonia,27,9.623766137297839,9.880906853523578,0
USUV NS1,New Caledonia,28,9.880906853523578,10.138047569749318,0
USUV NS1,New Caledonia,29,10.138047569749318,10.39518828597506,0
USUV NS1,New Caledonia,30,10.39518828597506,10.6523290022008,0
USUV NS1,Peru,1,2.938107515428592,3.195248231654332,0
USUV NS1,Peru,2,3.195248231654332,3.4523889478800722,1
USUV NS1,Peru,3,3.4523889478800722,3.709529664105813,17
USUV NS1,Peru,4,3.709529664105813,3.9666703803315526,64
USUV NS1,Peru,5,3.9666703803315526,4.223811096557293,83
USUV NS1,Peru,6,4.223811096557293,4.480951812783033,86
USUV NS1,Peru,7,4.480951812783033,4.738092529008774,78
USUV NS1,Peru,8,4.738092529008774,4.995233245234514,57
USUV NS1,Peru,9,4.995233245234514,5.252373961460254,62
USUV NS1,Peru,10,5.252373961460254,5.509514677685994,46
USUV NS1,Peru,11,5.509514677685994,5.766655393911734,42
USUV NS1,Peru,12,5.766655393911734,6.023796110137475,44
USUV NS1,Peru,13,6.023796110137475,6.280936826363215,46
USUV NS1,Peru,14,6.280936826363215,6.5380775425889555,25
USUV NS1,Peru,15,6.5380775425889555,6.795218258814696,27
USUV NS1,Peru,16,6.795218258814696,7.052358975040436,34
USUV NS1,Peru,17,7.052358975040436,7.3094996912661765,29
USUV NS1,Peru,18,7.3094996912661765,7.566640407491916,22
USUV NS1,Peru,19,7.566640407491916,7.823781123717657,25
USUV NS1,Peru,20,7.823781123717657,8.080921839943397,19
USUV NS1,Peru,21,8.080921839943397,8.338062556169138,11
USUV NS1,Peru,22,8.338062556169138,8.595203272394876,33
USUV NS1,Peru,23,8.595203272394876,8.852343988620618,17
USUV NS1,Peru,24,8.852343988620618,9.10948470484636,9
USUV NS1,Peru,25,9.10948470484636,9.366625421072097,2
USUV NS1,Peru,26,9.366625421072097,9.623766137297839,1
USUV NS1,Peru,27,9.623766137297839,9.880906853523578,0
USUV NS1,Peru,28,9.880906853523578,10.138047569749318,0
USUV NS1,Peru,29,10.138047569749318,10.39518828597506,0
USUV NS1,Peru,30,10.39518828597506,10.6523290022008,0
USUV NS1,Senegal,1,2.938107515428592,3.195248231654332,0
USUV NS1,Senegal,2,3.195248231654332,3.4523889478800722,0
USUV NS1,Senegal,3,3.4523889478800722,3.709529664105813,10
USUV NS1,Senegal,4,3.709529664105813,3.9666703803315526,48
USUV NS1,Senegal,5,3.9666703803315526,4.223811096557293,25
USUV NS1,Senegal,6,4.223811096557293,4.480951812783033,5
USUV NS1,Senegal,7,4.480951812783033,4.738092529008774,1
USUV NS1,Senegal,8,4.738092529008774,4.995233245234514,0
USUV NS1,Senegal,9,4.995233245234514,5.252373961460254,6
USUV NS1,Senegal,10,5.252373961460254,5.509514677685994,44
USUV NS1,Senegal,11,5.509514677685994,5.766655393911734,165
USUV NS1,Senegal,12,5.766655393911734,6.023796110137475,281
USUV NS1,Senegal,13,6.023796110137475,6.280936826363215,281
USUV NS1,Senegal,14,6.280936826363215,6.5380775425889555,150
USUV NS1,Senegal,15,6.5380775425889555,6.795218258814696,78
USUV NS1,Senegal,16,6.795218258814696,7.052358975040436,41
USUV NS1,Senegal,17,7.052358975040436,7.3094996912661765,21
USUV NS1,Senegal,18,7.3094996912661765,7.566640407491916,19
USUV NS1,Senegal,19,7.566640407491916,7.823781123717657,12
USUV NS1,Senegal,20,7.823781123717657,8.080921839943397,9
USUV NS1,Senegal,21,8.080921839943397,8.338062556169138,10
USUV NS1,Senegal,22,8.338062556169138,8.595203272394876,6
USUV NS1,Senegal,23,8.595203272394876,8.852343988620618,3
USUV NS1,Senegal,24,8.852343988620618,9.10948470484636,2
USUV NS1,Senegal,25,9.10948470484636,9.366625421072097,2
USUV NS1,Senegal,26,9.366625421072097,9.623766137297839,0
USUV NS1,Senegal,27,9.623766137297839,9.880906853523578,0
USUV NS1,Senegal,28,9.880906853523578,10.138047569749318,0
USUV NS1,Senegal,29,10.138047569749318,10.39518828597506,0
USUV NS1,Senegal,30,10.39518828597506,10.6523290022008,0
WNV EDIII,French Guiana,1,2.938107515428592,3.195248231654332,0
WNV EDIII,French Guiana,2,3.195248231654332,3.4523889478800722,0
WNV EDIII,French Guiana,3,3.4523889478800722,3.709529664105813,8
WNV EDIII,French Guiana,4,3.709529664105813,3.9666703803315526,16
WNV EDIII,French Guiana,5,3.9666703803315526,4.223811096557293,50
WNV EDIII,French Guiana,6,4.223811096557293,4.480951812783033,68
WNV EDIII,French Guiana,7,4.480951812783033,4.738092529008774,117
WNV EDIII,French Guiana,8,4.738092529008774,4.995233245234514,185
WNV EDIII,French Guiana,9,4.995233245234514,5.252373961460254,135
WNV EDIII,French Guiana,10,5.252373961460254,5.509514677685994,84
WNV EDIII,French Guiana,11,5.509514677685994,5.766655393911734,44
WNV EDIII,French Guiana,12,5.766655393911734,6.023796110137475,30
WNV EDIII,French Guiana,13,6.023796110137475,6.280936826363215,14
WNV EDIII,French Guiana,14,6.280936826363215,6.5380775425889555,14
WNV EDIII,French Guiana,15,6.5380775425889555,6.795218258814696,9
WNV EDIII,French Guiana,16,6.795218258814696,7.052358975040436,5
WNV EDIII,French Guiana,17,7.052358975040436,7.3094996912661765,5
WNV EDIII,French Guiana,18,7.3094996912661765,7.566640407491916,3
WNV EDIII,French Guiana,19,7.566640407491916,7.823781123717657,0
WNV EDIII,French Guiana,20,7.823781123717657,8.080921839943397,0
WNV EDIII,French Guiana,21,8.080921839943397,8.338062556169138,0
WNV EDIII,French Guiana,22,8.338062556169138,8.595203272394876,0
WNV EDIII,French Guiana,23,8.595203272394876,8.852343988620618,0
WNV EDIII,French Guiana,24,8.852343988620618,9.10948470484636,0
WNV EDIII,French Guiana,25,9.10948470484636,9.366625421072097,0
WNV EDIII,French Guiana,26,9.366625421072097,9.623766137297839,0
WNV EDIII,French Guiana,27,9.623766137297839,9.880906853523578,0
WNV EDIII,French Guiana,28,9.880906853523578,10.138047569749318,0
WNV EDIII,French Guiana,29,10.138047569749318,10.39518828597506,0
WNV EDIII,French Guiana,30,10.39518828597506,10.6523290022008,0
WNV EDIII,New Caledonia,1,2.938107515428592,3.195248231654332,0
WNV EDIII,New Caledonia,2,3.195248231654332,3.4523889478800722,0
WNV EDIII,New Caledonia,3,3.4523889478800722,3.709529664105813,0
WNV EDIII,New Caledonia,4,3.709529664105813,3.9666703803315526,0
WNV EDIII,New Caledonia,5,3.9666703803315526,4.223811096557293,2
WNV EDIII,New Caledonia,6,4.223811096557293,4.480951812783033,36
WNV EDIII,New Caledonia,7,4.480951812783033,4.738092529008774,122
WNV EDIII,New Caledonia,8,4.738092529008774,4.995233245234514,161
WNV EDIII,New Caledonia,9,4.995233245234514,5.252373961460254,115
WNV EDIII,New Caledonia,10,5.252373961460254,5.509514677685994,75
WNV EDIII,New Caledonia,11,5.509514677685994,5.766655393911734,48
WNV EDIII,New Caledonia,12,5.766655393911734,6.023796110137475,28
WNV EDIII,New Caledonia,13,6.023796110137475,6.280936826363215,7
WNV EDIII,New Caledonia,14,6.280936826363215,6.5380775425889555,3
WNV EDIII,New Caledonia,15,6.5380775425889555,6.795218258814696,1
WNV EDIII,New Caledonia,16,6.795218258814696,7.052358975040436,1
WNV EDIII,New Caledonia,17,7.052358975040436,7.3094996912661765,0
WNV EDIII,New Caledonia,18,7.3094996912661765,7.566640407491916,0
WNV EDIII,New Caledonia,19,7.566640407491916,7.823781123717657,1
WNV EDIII,New Caledonia,20,7.823781123717657,8.080921839943397,0
WNV EDIII,New Caledonia,21,8.080921839943397,8.338062556169138,0
WNV EDIII,New Caledonia,22,8.338062556169138,8.595203272394876,0
WNV EDIII,New Caledonia,23,8.595203272394876,8.852343988620618,0
WNV EDIII,New Caledonia,24,8.852343988620618,9.10948470484636,0
WNV EDIII,New Caledonia,25,9.10948470484636,9.366625421072097,0
WNV EDIII,New Caledonia,26,9.366625421072097,9.623766137297839,0
WNV EDIII,New Caledonia,27,9.623766137297839,9.880906853523578,0
WNV EDIII,New Caledonia,28,9.880906853523578,10.138047569749318,0
WNV EDIII,New Caledonia,29,10.138047569749318,10.39518828597506,0
WNV EDIII,New Caledonia,30,10.39518828597506,10.6523290022008,0
WNV EDIII,Peru,1,2.938107515428592,3.195248231654332,2
WNV EDIII,Peru,2,3.195248231654332,3.4523889478800722,6
WNV EDIII,Peru,3,3.4523889478800722,3.709529664105813,27
WNV EDIII,Peru,4,3.709529664105813,3.9666703803315526,64
WNV EDIII,Peru,5,3.9666703803315526,4.223811096557293,111
WNV EDIII,Peru,6,4.223811096557293,4.480951812783033,177
WNV EDIII,Peru,7,4.480951812783033,4.738092529008774,154
WNV EDIII,Peru,8,4.738092529008774,4.995233245234514,129
WNV EDIII,Peru,9,4.995233245234514,5.252373961460254,90
WNV EDIII,Peru,10,5.252373961460254,5.509514677685994,50
WNV EDIII,Peru,11,5.509514677685994,5.766655393911734,38
WNV EDIII,Peru,12,5.766655393911734,6.023796110137475,19
WNV EDIII,Peru,13,6.023796110137475,6.280936826363215,4
WNV EDIII,Peru,14,6.280936826363215,6.5380775425889555,5
WNV EDIII,Peru,15,6.5380775425889555,6.795218258814696,3
WNV EDIII,Peru,16,6.795218258814696,7.052358975040436,1
WNV EDIII,Peru,17,7.052358975040436,7.3094996912661765,0
WNV EDIII,Peru,18,7.3094996912661765,7.566640407491916,0
WNV EDIII,Peru,19,7.566640407491916,7.823781123717657,0
WNV EDIII,Peru,20,7.823781123717657,8.080921839943397,0
WNV EDIII,Peru,21,8.080921839943397,8.338062556169138,0
WNV EDIII,Peru,22,8.338062556169138,8.595203272394876,0
WNV EDIII,Peru,23,8.595203272394876,8.852343988620618,0
WNV EDIII,Peru,24,8.852343988620618,9.10948470484636,0
WNV EDIII,Peru,25,9.10948470484636,9.366625421072097,0
WNV EDIII,Peru,26,9.366625421072097,9.623766137297839,0
WNV EDIII,Peru,27,9.623766137297839,9.880906853523578,0
WNV EDIII,Peru,28,9.880906853523578,10.138047569749318,0
WNV EDIII,Peru,29,10.138047569749318,10.39518828597506,0
WNV EDIII,Peru,30,10.39518828597506,10.6523290022008,0
WNV EDIII,Senegal,1,2.938107515428592,3.195248231654332,8
WNV EDIII,Senegal,2,3.195248231654332,3.4523889478800722,17
WNV EDIII,Senegal,3,3.4523889478800722,3.709529664105813,21
WNV EDIII,Senegal,4,3.709529664105813,3.9666703803315526,15
WNV EDIII,Senegal,5,3.9666703803315526,4.223811096557293,13
WNV EDIII,Senegal,6,4.223811096557293,4.480951812783033,5
WNV EDIII,Senegal,7,4.480951812783033,4.738092529008774,6
WNV EDIII,Senegal,8,4.738092529008774,4.995233245234514,36
WNV EDIII,Senegal,9,4.995233245234514,5.252373961460254,112
WNV EDIII,Senegal,10,5.252373961460254,5.509514677685994,214
WNV EDIII,Senegal,11,5.509514677685994,5.766655393911734,337
WNV EDIII,Senegal,12,5.766655393911734,6.023796110137475,245
WNV EDIII,Senegal,13,6.023796110137475,6.280936826363215,108
WNV EDIII,Senegal,14,6.280936826363215,6.5380775425889555,54
WNV EDIII,Senegal,15,6.5380775425889555,6.795218258814696,18
WNV EDIII,Senegal,16,6.795218258814696,7.052358975040436,8
WNV EDIII,Senegal,17,7.052358975040436,7.3094996912661765,2
WNV EDIII,Senegal,18,7.3094996912661765,7.566640407491916,0
WNV EDIII,Senegal,19,7.566640407491916,7.823781123717657,0
WNV EDIII,Senegal,20,7.823781123717657,8.080921839943397,0
WNV EDIII,Senegal,21,8.080921839943397,8.338062556169138,0
WNV EDIII,Senegal,22,8.338062556169138,8.595203272394876,0
WNV EDIII,Senegal,23,8.595203272394876,8.852343988620618,0
WNV EDIII,Senegal,24,8.852343988620618,9.10948470484636,0
WNV EDIII,Senegal,25,9.10948470484636,9.366625421072097,0
WNV EDIII,Senegal,26,9.366625421072097,9.623766137297839,0
WNV EDIII,Senegal,27,9.623766137297839,9.880906853523578,0
WNV EDIII,Senegal,28,9.880906853523578,10.138047569749318,0
WNV EDIII,Senegal,29,10.138047569749318,10.39518828597506,0
WNV EDIII,Senegal,30,10.39518828597506,10.6523290022008,0
WNV NS1,French Guiana,1,2.938107515428592,3.195248231654332,0
WNV NS1,French Guiana,2,3.195248231654332,3.4523889478800722,0
WNV NS1,French Guiana,3,3.4523889478800722,3.709529664105813,1
WNV NS1,French Guiana,4,3.709529664105813,3.9666703803315526,7
WNV NS1,French Guiana,5,3.9666703803315526,4.223811096557293,19
WNV NS1,French Guiana,6,4.223811096557293,4.480951812783033,37
WNV NS1,French Guiana,7,4.480951812783033,4.738092529008774,53
WNV NS1,French Guiana,8,4.738092529008774,4.995233245234514,48
WNV NS1,French Guiana,9,4.995233245234514,5.252373961460254,79
WNV NS1,French Guiana,10,5.252373961460254,5.509514677685994,71
WNV NS1,French Guiana,11,5.509514677685994,5.766655393911734,63
WNV NS1,French Guiana,12,5.766655393911734,6.023796110137475,48
WNV NS1,French Guiana,13,6.023796110137475,6.280936826363215,49
WNV NS1,French Guiana,14,6.280936826363215,6.5380775425889555,63
WNV NS1,French Guiana,15,6.5380775425889555,6.795218258814696,28
WNV NS1,French Guiana,16,6.795218258814696,7.052358975040436,29
WNV NS1,French Guiana,17,7.052358975040436,7.3094996912661765,44
WNV NS1,French Guiana,18,7.3094996912661765,7.566640407491916,45
WNV NS1,French Guiana,19,7.566640407491916,7.823781123717657,38
WNV NS1,French Guiana,20,7.823781123717657,8.080921839943397,23
WNV NS1,French Guiana,21,8.080921839943397,8.338062556169138,19
WNV NS1,French Guiana,22,8.338062556169138,8.595203272394876,14
WNV NS1,French Guiana,23,8.595203272394876,8.852343988620618,9
WNV NS1,French Guiana,24,8.852343988620618,9.10948470484636,0
WNV NS1,French Guiana,25,9.10948470484636,9.366625421072097,0
WNV NS1,French Guiana,26,9.366625421072097,9.623766137297839,0
WNV NS1,French Guiana,27,9.623766137297839,9.880906853523578,0
WNV NS1,French Guiana,28,9.880906853523578,10.138047569749318,0
WNV NS1,French Guiana,29,10.138047569749318,10.39518828597506,0
WNV NS1,French Guiana,30,10.39518828597506,10.6523290022008,0
WNV NS1,New Caledonia,1,2.938107515428592,3.195248231654332,0
WNV NS1,New Caledonia,2,3.195248231654332,3.4523889478800722,0
WNV NS1,New Caledonia,3,3.4523889478800722,3.709529664105813,0
WNV NS1,New Caledonia,4,3.709529664105813,3.9666703803315526,1
WNV NS1,New Caledonia,5,3.9666703803315526,4.223811096557293,5
WNV NS1,New Caledonia,6,4.223811096557293,4.480951812783033,26
WNV NS1,New Caledonia,7,4.480951812783033,4.738092529008774,67
WNV NS1,New Caledonia,8,4.738092529008774,4.995233245234514,92
WNV NS1,New Caledonia,9,4.995233245234514,5.252373961460254,71
WNV NS1,New Caledonia,10,5.252373961460254,5.509514677685994,77
WNV NS1,New Caledonia,11,5.509514677685994,5.766655393911734,50
WNV NS1,New Caledonia,12,5.766655393911734,6.023796110137475,58
WNV NS1,New Caledonia,13,6.023796110137475,6.280936826363215,41
WNV NS1,New Caledonia,14,6.280936826363215,6.5380775425889555,14
WNV NS1,New Caledonia,15,6.5380775425889555,6.795218258814696,6
WNV NS1,New Caledonia,16,6.795218258814696,7.052358975040436,14
WNV NS1,New Caledonia,17,7.052358975040436,7.3094996912661765,28
WNV NS1,New Caledonia,18,7.3094996912661765,7.566640407491916,16
WNV NS1,New Caledonia,19,7.566640407491916,7.823781123717657,16
WNV NS1,New Caledonia,20,7.823781123717657,8.080921839943397,7
WNV NS1,New Caledonia,21,8.080921839943397,8.338062556169138,2
WNV NS1,New Caledonia,22,8.338062556169138,8.595203272394876,7
WNV NS1,New Caledonia,23,8.595203272394876,8.852343988620618,2
WNV NS1,New Caledonia,24,8.852343988620618,9.10948470484636,0
WNV NS1,New Caledonia,25,9.10948470484636,9.366625421072097,0
WNV NS1,New Caledonia,26,9.366625421072097,9.623766137297839,0
WNV NS1,New Caledonia,27,9.623766137297839,9.880906853523578,0
WNV NS1,New Caledonia,28,9.880906853523578,10.138047569749318,0
WNV NS1,New Caledonia,29,10.138047569749318,10.39518828597506,0
WNV NS1,New Caledonia,30,10.39518828597506,10.6523290022008,0
WNV NS1,Peru,1,2.938107515428592,3.195248231654332,0
WNV NS1,Peru,2,3.195248231654332,3.4523889478800722,3
WNV NS1,Peru,3,3.4523889478800722,3.709529664105813,27
WNV NS1,Peru,4,3.709529664105813,3.9666703803315526,83
WNV NS1,Peru,5,3.9666703803315526,4.223811096557293,108
WNV NS1,Peru,6,4.223811096557293,4.480951812783033,77
WNV NS1,Peru,7,4.480951812783033,4.738092529008774,64
WNV NS1,Peru,8,4.738092529008774,4.995233245234514,69
WNV NS1,Peru,9,4.995233245234514,5.252373961460254,57
WNV NS1,Peru,10,5.252373961460254,5.509514677685994,50
WNV NS1,Peru,11,5.509514677685994,5.766655393911734,46
WNV NS1,Peru,12,5.766655393911734,6.023796110137475,33
WNV NS1,Peru,13,6.023796110137475,6.280936826363215,31
WNV NS1,Peru,14,6.280936826363215,6.5380775425889555,18
WNV NS1,Peru,15,6.5380775425889555,6.795218258814696,13
WNV NS1,Peru,16,6.795218258814696,7.052358975040436,36
WNV NS1,Peru,17,7.052358975040436,7.3094996912661765,27
WNV NS1,Peru,18,7.3094996912661765,7.566640407491916,28
WNV NS1,Peru,19,7.566640407491916,7.823781123717657,26
WNV NS1,Peru,20,7.823781123717657,8.080921839943397,14
WNV NS1,Peru,21,8.080921839943397,8.338062556169138,18
WNV NS1,Peru,22,8.338062556169138,8.595203272394876,33
WNV NS1,Peru,23,8.595203272394876,8.852343988620618,14
WNV NS1,Peru,24,8.852343988620618,9.10948470484636,4
WNV NS1,Peru,25,9.10948470484636,9.366625421072097,1
WNV NS1,Peru,26,9.366625421072097,9.623766137297839,0
WNV NS1,Peru,27,9.623766137297839,9.880906853523578,0
WNV NS1,Peru,28,9.880906853523578,10.138047569749318,0
WNV NS1,Peru,29,10.138047569749318,10.39518828597506,0
WNV NS1,Peru,30,10.39518828597506,10.6523290022008,0
WNV NS1,Senegal,1,2.938107515428592,3.195248231654332,0
WNV NS1,Senegal,2,3.195248231654332,3.4523889478800722,16
WNV NS1,Senegal,3,3.4523889478800722,3.709529664105813,40
WNV NS1,Senegal,4,3.709529664105813,3.9666703803315526,27
WNV NS1,Senegal,5,3.9666703803315526,4.223811096557293,5
WNV NS1,Senegal,6,4.223811096557293,4.480951812783033,1
WNV NS1,Senegal,7,4.480951812783033,4.738092529008774,0
WNV NS1,Senegal,8,4.738092529008774,4.995233245234514,2
WNV NS1,Senegal,9,4.995233245234514,5.252373961460254,17
WNV NS1,Senegal,10,5.252373961460254,5.509514677685994,71
WNV NS1,Senegal,11,5.509514677685994,5.766655393911734,191
WNV NS1,Senegal,12,5.766655393911734,6.023796110137475,281
WNV NS1,Senegal,13,6.023796110137475,6.280936826363215,269
WNV NS1,Senegal,14,6.280936826363215,6.5380775425889555,102
WNV NS1,Senegal,15,6.5380775425889555,6.795218258814696,42
WNV NS1,Senegal,16,6.795218258814696,7.052358975040436,25
WNV NS1,Senegal,17,7.052358975040436,7.3094996912661765,46
WNV NS1,Senegal,18,7.3094996912661765,7.566640407491916,21
WNV NS1,Senegal,19,7.566640407491916,7.823781123717657,17
WNV NS1,Senegal,20,7.823781123717657,8.080921839943397,14
WNV NS1,Senegal,21,8.080921839943397,8.338062556169138,17
WNV NS1,Senegal,22,8.338062556169138,8.595203272394876,12
WNV NS1,Senegal,23,8.595203272394876,8.852343988620618,2
WNV NS1,Senegal,24,8.852343988620618,9.10948470484636,1
WNV NS1,Senegal,25,9.10948470484636,9.366625421072097,0
WNV NS1,Senegal,26,9.366625421072097,9.623766137297839,0
WNV NS1,Senegal,27,9.623766137297839,9.880906853523578,0
WNV NS1,Senegal,28,9.880906853523578,10.138047569749318,0
WNV NS1,Senegal,29,10.138047569749318,10.39518828597506,0
WNV NS1,Senegal,30,10.39518828597506,10.6523290022008,0
YFV E,French Guiana,1,2.938107515428592,3.195248231654332,0
YFV E,French Guiana,2,3.195248231654332,3.4523889478800722,0
YFV E,French Guiana,3,3.4523889478800722,3.709529664105813,0
YFV E,French Guiana,4,3.709529664105813,3.9666703803315526,0
YFV E,French Guiana,5,3.9666703803315526,4.223811096557293,0
YFV E,French Guiana,6,4.223811096557293,4.480951812783033,0
YFV E,French Guiana,7,4.480951812783033,4.738092529008774,0
YFV E,French Guiana,8,4.738092529008774,4.995233245234514,0
YFV E,French Guiana,9,4.995233245234514,5.252373961460254,0
YFV E,French Guiana,10,5.252373961460254,5.509514677685994,3
YFV E,French Guiana,11,5.509514677685994,5.766655393911734,0
YFV E,French Guiana,12,5.766655393911734,6.023796110137475,7
YFV E,French Guiana,13,6.023796110137475,6.280936826363215,14
YFV E,French Guiana,14,6.280936826363215,6.5380775425889555,5
YFV E,French Guiana,15,6.5380775425889555,6.795218258814696,8
YFV E,French Guiana,16,6.795218258814696,7.052358975040436,19
YFV E,French Guiana,17,7.052358975040436,7.3094996912661765,28
YFV E,French Guiana,18,7.3094996912661765,7.566640407491916,35
YFV E,French Guiana,19,7.566640407491916,7.823781123717657,68
YFV E,French Guiana,20,7.823781123717657,8.080921839943397,91
YFV E,French Guiana,21,8.080921839943397,8.338062556169138,205
YFV E,French Guiana,22,8.338062556169138,8.595203272394876,215
YFV E,French Guiana,23,8.595203272394876,8.852343988620618,80
YFV E,French Guiana,24,8.852343988620618,9.10948470484636,9
YFV E,French Guiana,25,9.10948470484636,9.366625421072097,0
YFV E,French Guiana,26,9.366625421072097,9.623766137297839,0
YFV E,French Guiana,27,9.623766137297839,9.880906853523578,0
YFV E,French Guiana,28,9.880906853523578,10.138047569749318,0
YFV E,French Guiana,29,10.138047569749318,10.39518828597506,0
YFV E,French Guiana,30,10.39518828597506,10.6523290022008,0
YFV E,New Caledonia,1,2.938107515428592,3.195248231654332,0
YFV E,New Caledonia,2,3.195248231654332,3.4523889478800722,0
YFV E,New Caledonia,3,3.4523889478800722,3.709529664105813,0
YFV E,New Caledonia,4,3.709529664105813,3.9666703803315526,0
YFV E,New Caledonia,5,3.9666703803315526,4.223811096557293,0
YFV E,New Caledonia,6,4.223811096557293,4.480951812783033,0
YFV E,New Caledonia,7,4.480951812783033,4.738092529008774,3
YFV E,New Caledonia,8,4.738092529008774,4.995233245234514,3
YFV E,New Caledonia,9,4.995233245234514,5.252373961460254,13
YFV E,New Caledonia,10,5.252373961460254,5.509514677685994,15
YFV E,New Caledonia,11,5.509514677685994,5.766655393911734,18
YFV E,New Caledonia,12,5.766655393911734,6.023796110137475,23
YFV E,New Caledonia,13,6.023796110137475,6.280936826363215,12
YFV E,New Caledonia,14,6.280936826363215,6.5380775425889555,13
YFV E,New Caledonia,15,6.5380775425889555,6.795218258814696,10
YFV E,New Caledonia,16,6.795218258814696,7.052358975040436,19
YFV E,New Caledonia,17,7.052358975040436,7.3094996912661765,29
YFV E,New Caledonia,18,7.3094996912661765,7.566640407491916,30
YFV E,New Caledonia,19,7.566640407491916,7.823781123717657,57
YFV E,New Caledonia,20,7.823781123717657,8.080921839943397,72
YFV E,New Caledonia,21,8.080921839943397,8.338062556169138,138
YFV E,New Caledonia,22,8.338062556169138,8.595203272394876,131
YFV E,New Caledonia,23,8.595203272394876,8.852343988620618,14
YFV E,New Caledonia,24,8.852343988620618,9.10948470484636,0
YFV E,New Caledonia,25,9.10948470484636,9.366625421072097,0
YFV E,New Caledonia,26,9.366625421072097,9.623766137297839,0
YFV E,New Caledonia,27,9.623766137297839,9.880906853523578,0
YFV E,New Caledonia,28,9.880906853523578,10.138047569749318,0
YFV E,New Caledonia,29,10.138047569749318,10.39518828597506,0
YFV E,New Caledonia,30,10.39518828597506,10.6523290022008,0
YFV E,Peru,1,2.938107515428592,3.195248231654332,0
YFV E,Peru,2,3.195248231654332,3.4523889478800722,0
YFV E,Peru,3,3.4523889478800722,3.709529664105813,0
YFV E,Peru,4,3.709529664105813,3.9666703803315526,0
YFV E,Peru,5,3.9666703803315526,4.223811096557293,0
YFV E,Peru,6,4.223811096557293,4.480951812783033,1
YFV E,Peru,7,4.480951812783033,4.738092529008774,4
YFV E,Peru,8,4.738092529008774,4.995233245234514,6
YFV E,Peru,9,4.995233245234514,5.252373961460254,16
YFV E,Peru,10,5.252373961460254,5.509514677685994,19
YFV E,Peru,11,5.509514677685994,5.766655393911734,29
YFV E,Peru,12,5.766655393911734,6.023796110137475,27
YFV E,Peru,13,6.023796110137475,6.280936826363215,31
YFV E,Peru,14,6.280936826363215,6.5380775425889555,47
YFV E,Peru,15,6.5380775425889555,6.795218258814696,26
YFV E,Peru,16,6.795218258814696,7.052358975040436,39
YFV E,Peru,17,7.052358975040436,7.3094996912661765,43
YFV E,Peru,18,7.3094996912661765,7.566640407491916,48
YFV E,Peru,19,7.566640407491916,7.823781123717657,71
YFV E,Peru,20,7.823781123717657,8.080921839943397,87
YFV E,Peru,21,8.080921839943397,8.338062556169138,128
YFV E,Peru,22,8.338062556169138,8.595203272394876,152
YFV E,Peru,23,8.595203272394876,8.852343988620618,78
YFV E,Peru,24,8.852343988620618,9.10948470484636,28
YFV E,Peru,25,9.10948470484636,9.366625421072097,0
YFV E,Peru,26,9.366625421072097,9.623766137297839,0
YFV E,Peru,27,9.623766137297839,9.880906853523578,0
YFV E,Peru,28,9.880906853523578,10.138047569749318,0
YFV E,Peru,29,10.138047569749318,10.39518828597506,0
YFV E,Peru,30,10.39518828597506,10.6523290022008,0
YFV E,Senegal,1,2.938107515428592,3.195248231654332,0
YFV E,Senegal,2,3.195248231654332,3.4523889478800722,0
YFV E,Senegal,3,3.4523889478800722,3.709529664105813,1
YFV E,Senegal,4,3.709529664105813,3.9666703803315526,1
YFV E,Senegal,5,3.9666703803315526,4.223811096557293,2
YFV E,Senegal,6,4.223811096557293,4.480951812783033,3
YFV E,Senegal,7,4.480951812783033,4.738092529008774,4
YFV E,Senegal,8,4.738092529008774,4.995233245234514,5
YFV E,Senegal,9,4.995233245234514,5.252373961460254,11
YFV E,Senegal,10,5.252373961460254,5.509514677685994,17
YFV E,Senegal,11,5.509514677685994,5.766655393911734,49
YFV E,Senegal,12,5.766655393911734,6.023796110137475,90
YFV E,Senegal,13,6.023796110137475,6.280936826363215,103
YFV E,Senegal,14,6.280936826363215,6.5380775425889555,68
YFV E,Senegal,15,6.5380775425889555,6.795218258814696,67
YFV E,Senegal,16,6.795218258814696,7.052358975040436,111
YFV E,Senegal,17,7.052358975040436,7.3094996912661765,99
YFV E,Senegal,18,7.3094996912661765,7.566640407491916,120
YFV E,Senegal,19,7.566640407491916,7.823781123717657,135
YFV E,Senegal,20,7.823781123717657,8.080921839943397,135
YFV E,Senegal,21,8.080921839943397,8.338062556169138,132
YFV E,Senegal,22,8.338062556169138,8.595203272394876,54
YFV E,Senegal,23,8.595203272394876,8.852343988620618,11
YFV E,Senegal,24,8.852343988620618,9.10948470484636,0
YFV E,Senegal,25,9.10948470484636,9.366625421072097,0
YFV E,Senegal,26,9.366625421072097,9.623766137297839,1
YFV E,Senegal,27,9.623766137297839,9.880906853523578,0
YFV E,Senegal,28,9.880906853523578,10.138047569749318,0
YFV E,Senegal,29,10.138047569749318,10.39518828597506,0
YFV E,Senegal,30,10.39518828597506,10.6523290022008,0
YFV NS1,French Guiana,1,2.938107515428592,3.195248231654332,0
YFV NS1,French Guiana,2,3.195248231654332,3.4523889478800722,0
YFV NS1,French Guiana,3,3.4523889478800722,3.709529664105813,2
YFV NS1,French Guiana,4,3.709529664105813,3.9666703803315526,5
YFV NS1,French Guiana,5,3.9666703803315526,4.223811096557293,9
YFV NS1,French Guiana,6,4.223811096557293,4.480951812783033,20
YFV NS1,French Guiana,7,4.480951812783033,4.738092529008774,23
YFV NS1,French Guiana,8,4.738092529008774,4.995233245234514,35
YFV NS1,French Guiana,9,4.995233245234514,5.252373961460254,60
YFV NS1,French Guiana,10,5.252373961460254,5.509514677685994,51
YFV NS1,French Guiana,11,5.509514677685994,5.766655393911734,65
YFV NS1,French Guiana,12,5.766655393911734,6.023796110137475,67
YFV NS1,French Guiana,13,6.023796110137475,6.280936826363215,67
YFV NS1,French Guiana,14,6.280936826363215,6.5380775425889555,58
YFV NS1,French Guiana,15,6.5380775425889555,6.795218258814696,41
YFV NS1,French Guiana,16,6.795218258814696,7.052358975040436,42
YFV NS1,French Guiana,17,7.052358975040436,7.3094996912661765,48
YFV NS1,French Guiana,18,7.3094996912661765,7.566640407491916,40
YFV NS1,French Guiana,19,7.566640407491916,7.823781123717657,51
YFV NS1,French Guiana,20,7.823781123717657,8.080921839943397,18
YFV NS1,French Guiana,21,8.080921839943397,8.338062556169138,25
YFV NS1,French Guiana,22,8.338062556169138,8.595203272394876,20
YFV NS1,French Guiana,23,8.595203272394876,8.852343988620618,19
YFV NS1,French Guiana,24,8.852343988620618,9.10948470484636,17
YFV NS1,French Guiana,25,9.10948470484636,9.366625421072097,2
YFV NS1,French Guiana,26,9.366625421072097,9.623766137297839,2
YFV NS1,French Guiana,27,9.623766137297839,9.880906853523578,0
YFV NS1,French Guiana,28,9.880906853523578,10.138047569749318,0
YFV NS1,French Guiana,29,10.138047569749318,10.39518828597506,0
YFV NS1,French Guiana,30,10.39518828597506,10.6523290022008,0
YFV NS1,New Caledonia,1,2.938107515428592,3.195248231654332,0
YFV NS1,New Caledonia,2,3.195248231654332,3.4523889478800722,0
YFV NS1,New Caledonia,3,3.4523889478800722,3.709529664105813,0
YFV NS1,New Caledonia,4,3.709529664105813,3.9666703803315526,0
YFV NS1,New Caledonia,5,3.9666703803315526,4.223811096557293,2
YFV NS1,New Caledonia,6,4.223811096557293,4.480951812783033,10
YFV NS1,New Caledonia,7,4.480951812783033,4.738092529008774,39
YFV NS1,New Caledonia,8,4.738092529008774,4.995233245234514,90
YFV NS1,New Caledonia,9,4.995233245234514,5.252373961460254,105
YFV NS1,New Caledonia,10,5.252373961460254,5.509514677685994,88
YFV NS1,New Caledonia,11,5.509514677685994,5.766655393911734,74
YFV NS1,New Caledonia,12,5.766655393911734,6.023796110137475,68
YFV NS1,New Caledonia,13,6.023796110137475,6.280936826363215,44
YFV NS1,New Caledonia,14,6.280936826363215,6.5380775425889555,35
YFV NS1,New Caledonia,15,6.5380775425889555,6.795218258814696,12
YFV NS1,New Caledonia,16,6.795218258814696,7.052358975040436,7
YFV NS1,New Caledonia,17,7.052358975040436,7.3094996912661765,11
YFV NS1,New Caledonia,18,7.3094996912661765,7.566640407491916,5
YFV NS1,New Caledonia,19,7.566640407491916,7.823781123717657,3
YFV NS1,New Caledonia,20,7.823781123717657,8.080921839943397,4
YFV NS1,New Caledonia,21,8.080921839943397,8.338062556169138,0
YFV NS1,New Caledonia,22,8.338062556169138,8.595203272394876,1
YFV NS1,New Caledonia,23,8.595203272394876,8.852343988620618,2
YFV NS1,New Caledonia,24,8.852343988620618,9.10948470484636,0
YFV NS1,New Caledonia,25,9.10948470484636,9.366625421072097,0
YFV NS1,New Caledonia,26,9.366625421072097,9.623766137297839,0
YFV NS1,New Caledonia,27,9.623766137297839,9.880906853523578,0
YFV NS1,New Caledonia,28,9.880906853523578,10.138047569749318,0
YFV NS1,New Caledonia,29,10.138047569749318,10.39518828597506,0
YFV NS1,New Caledonia,30,10.39518828597506,10.6523290022008,0
YFV NS1,Peru,1,2.938107515428592,3.195248231654332,1
YFV NS1,Peru,2,3.195248231654332,3.4523889478800722,6
YFV NS1,Peru,3,3.4523889478800722,3.709529664105813,20
YFV NS1,Peru,4,3.709529664105813,3.9666703803315526,33
YFV NS1,Peru,5,3.9666703803315526,4.223811096557293,44
YFV NS1,Peru,6,4.223811096557293,4.480951812783033,52
YFV NS1,Peru,7,4.480951812783033,4.738092529008774,59
YFV NS1,Peru,8,4.738092529008774,4.995233245234514,56
YFV NS1,Peru,9,4.995233245234514,5.252373961460254,44
YFV NS1,Peru,10,5.252373961460254,5.509514677685994,64
YFV NS1,Peru,11,5.509514677685994,5.766655393911734,67
YFV NS1,Peru,12,5.766655393911734,6.023796110137475,44
YFV NS1,Peru,13,6.023796110137475,6.280936826363215,63
YFV NS1,Peru,14,6.280936826363215,6.5380775425889555,51
YFV NS1,Peru,15,6.5380775425889555,6.795218258814696,26
YFV NS1,Peru,16,6.795218258814696,7.052358975040436,9
YFV NS1,Peru,17,7.052358975040436,7.3094996912661765,36
YFV NS1,Peru,18,7.3094996912661765,7.566640407491916,39
YFV NS1,Peru,19,7.566640407491916,7.823781123717657,20
YFV NS1,Peru,20,7.823781123717657,8.080921839943397,34
YFV NS1,Peru,21,8.080921839943397,8.338062556169138,21
YFV NS1,Peru,22,8.338062556169138,8.595203272394876,22
YFV NS1,Peru,23,8.595203272394876,8.852343988620618,25
YFV NS1,Peru,24,8.852343988620618,9.10948470484636,22
YFV NS1,Peru,25,9.10948470484636,9.366625421072097,14
YFV NS1,Peru,26,9.366625421072097,9.623766137297839,7
YFV NS1,Peru,27,9.623766137297839,9.880906853523578,1
YFV NS1,Peru,28,9.880906853523578,10.138047569749318,0
YFV NS1,Peru,29,10.138047569749318,10.39518828597506,0
YFV NS1,Peru,30,10.39518828597506,10.6523290022008,0
YFV NS1,Senegal,1,2.938107515428592,3.195248231654332,23
YFV NS1,Senegal,2,3.195248231654332,3.4523889478800722,14
YFV NS1,Senegal,3,3.4523889478800722,3.709529664105813,10
YFV NS1,Senegal,4,3.709529664105813,3.9666703803315526,13
YFV NS1,Senegal,5,3.9666703803315526,4.223811096557293,6
YFV NS1,Senegal,6,4.223811096557293,4.480951812783033,7
YFV NS1,Senegal,7,4.480951812783033,4.738092529008774,23
YFV NS1,Senegal,8,4.738092529008774,4.995233245234514,46
YFV NS1,Senegal,9,4.995233245234514,5.252373961460254,135
YFV NS1,Senegal,10,5.252373961460254,5.509514677685994,231
YFV NS1,Senegal,11,5.509514677685994,5.766655393911734,301
YFV NS1,Senegal,12,5.766655393911734,6.023796110137475,202
YFV NS1,Senegal,13,6.023796110137475,6.280936826363215,78
YFV NS1,Senegal,14,6.280936826363215,6.5380775425889555,21
YFV NS1,Senegal,15,6.5380775425889555,6.795218258814696,25
YFV NS1,Senegal,16,6.795218258814696,7.052358975040436,27
YFV NS1,Senegal,17,7.052358975040436,7.3094996912661765,19
YFV NS1,Senegal,18,7.3094996912661765,7.566640407491916,6
YFV NS1,Senegal,19,7.566640407491916,7.823781123717657,8
YFV NS1,Senegal,20,7.823781123717657,8.080921839943397,8
YFV NS1,Senegal,21,8.080921839943397,8.338062556169138,2
YFV NS1,Senegal,22,8.338062556169138,8.595203272394876,4
YFV NS1,Senegal,23,8.595203272394876,8.852343988620618,6
YFV NS1,Senegal,24,8.852343988620618,9.10948470484636,3
YFV NS1,Senegal,25,9.10948470484636,9.366625421072097,0
YFV NS1,Senegal,26,9.366625421072097,9.623766137297839,0
YFV NS1,Senegal,27,9.623766137297839,9.880906853523578,1
YFV NS1,Senegal,28,9.880906853523578,10.138047569749318,0
YFV NS1,Senegal,29,10.138047569749318,10.39518828597506,0
YFV NS1,Senegal,30,10.39518828597506,10.6523290022008,0
ZIKV VLP,French Guiana,1,2.938107515428592,3.195248231654332,0
ZIKV VLP,French Guiana,2,3.195248231654332,3.4523889478800722,0
ZIKV VLP,French Guiana,3,3.4523889478800722,3.709529664105813,0
ZIKV VLP,French Guiana,4,3.709529664105813,3.9666703803315526,4
ZIKV VLP,French Guiana,5,3.9666703803315526,4.223811096557293,7
ZIKV VLP,French Guiana,6,4.223811096557293,4.480951812783033,9
ZIKV VLP,French Guiana,7,4.480951812783033,4.738092529008774,13
ZIKV VLP,French Guiana,8,4.738092529008774,4.995233245234514,9
ZIKV VLP,French Guiana,9,4.995233245234514,5.252373961460254,14
ZIKV VLP,French Guiana,10,5.252373961460254,5.509514677685994,24
ZIKV VLP,French Guiana,11,5.509514677685994,5.766655393911734,33
ZIKV VLP,French Guiana,12,5.766655393911734,6.023796110137475,29
ZIKV VLP,French Guiana,13,6.023796110137475,6.280936826363215,63
ZIKV VLP,French Guiana,14,6.280936826363215,6.5380775425889555,77
ZIKV VLP,French Guiana,15,6.5380775425889555,6.795218258814696,101
ZIKV VLP,French Guiana,16,6.795218258814696,7.052358975040436,104
ZIKV VLP,French Guiana,17,7.052358975040436,7.3094996912661765,147
ZIKV VLP,French Guiana,18,7.3094996912661765,7.566640407491916,98
ZIKV VLP,French Guiana,19,7.566640407491916,7.823781123717657,41
ZIKV VLP,French Guiana,20,7.823781123717657,8.080921839943397,10
ZIKV VLP,French Guiana,21,8.080921839943397,8.338062556169138,4
ZIKV VLP,French Guiana,22,8.338062556169138,8.595203272394876,0
ZIKV VLP,French Guiana,23,8.595203272394876,8.852343988620618,0
ZIKV VLP,French Guiana,24,8.852343988620618,9.10948470484636,0
ZIKV VLP,French Guiana,25,9.10948470484636,9.366625421072097,0
ZIKV VLP,French Guiana,26,9.366625421072097,9.623766137297839,0
ZIKV VLP,French Guiana,27,9.623766137297839,9.880906853523578,0
ZIKV VLP,French Guiana,28,9.880906853523578,10.138047569749318,0
ZIKV VLP,French Guiana,29,10.138047569749318,10.39518828597506,0
ZIKV VLP,French Guiana,30,10.39518828597506,10.6523290022008,0
ZIKV VLP,New Caledonia,1,2.938107515428592,3.195248231654332,0
ZIKV VLP,New Caledonia,2,3.195248231654332,3.4523889478800722,0
ZIKV VLP,New Caledonia,3,3.4523889478800722,3.709529664105813,0
ZIKV VLP,New Caledonia,4,3.709529664105813,3.9666703803315526,0
ZIKV VLP,New Caledonia,5,3.9666703803315526,4.223811096557293,1
ZIKV VLP,New Caledonia,6,4.223811096557293,4.480951812783033,9
ZIKV VLP,New Caledonia,7,4.480951812783033,4.738092529008774,26
ZIKV VLP,New Caledonia,8,4.738092529008774,4.995233245234514,21
ZIKV VLP,New Caledonia,9,4.995233245234514,5.252373961460254,33
ZIKV VLP,New Caledonia,10,5.252373961460254,5.509514677685994,32
ZIKV VLP,New Caledonia,11,5.509514677685994,5.766655393911734,20
ZIKV VLP,New Caledonia,12,5.766655393911734,6.023796110137475,35
ZIKV VLP,New Caledonia,13,6.023796110137475,6.280936826363215,58
ZIKV VLP,New Caledonia,14,6.280936826363215,6.5380775425889555,48
ZIKV VLP,New Caledonia,15,6.5380775425889555,6.795218258814696,55
ZIKV VLP,New Caledonia,16,6.795218258814696,7.052358975040436,74
ZIKV VLP,New Caledonia,17,7.052358975040436,7.3094996912661765,93
ZIKV VLP,New Caledonia,18,7.3094996912661765,7.566640407491916,61
ZIKV VLP,New Caledonia,19,7.566640407491916,7.823781123717657,26
ZIKV VLP,New Caledonia,20,7.823781123717657,8.080921839943397,7
ZIKV VLP,New Caledonia,21,8.080921839943397,8.338062556169138,1
ZIKV VLP,New Caledonia,22,8.338062556169138,8.595203272394876,0
ZIKV VLP,New Caledonia,23,8.595203272394876,8.852343988620618,0
ZIKV VLP,New Caledonia,24,8.852343988620618,9.10948470484636,0
ZIKV VLP,New Caledonia,25,9.10948470484636,9.366625421072097,0
ZIKV VLP,New Caledonia,26,9.366625421072097,9.623766137297839,0
ZIKV VLP,New Caledonia,27,9.623766137297839,9.880906853523578,0
ZIKV VLP,New Caledonia,28,9.880906853523578,10.138047569749318,0
ZIKV VLP,New Caledonia,29,10.138047569749318,10.39518828597506,0
ZIKV VLP,New Caledonia,30,10.39518828597506,10.6523290022008,0
ZIKV VLP,Peru,1,2.938107515428592,3.195248231654332,1
ZIKV VLP,Peru,2,3.195248231654332,3.4523889478800722,4
ZIKV VLP,Peru,3,3.4523889478800722,3.709529664105813,12
ZIKV VLP,Peru,4,3.709529664105813,3.9666703803315526,43
ZIKV VLP,Peru,5,3.9666703803315526,4.223811096557293,53
ZIKV VLP,Peru,6,4.223811096557293,4.480951812783033,47
ZIKV VLP,Peru,7,4.480951812783033,4.738092529008774,41
ZIKV VLP,Peru,8,4.738092529008774,4.995233245234514,31
ZIKV VLP,Peru,9,4.995233245234514,5.252373961460254,34
ZIKV VLP,Peru,10,5.252373961460254,5.509514677685994,25
ZIKV VLP,Peru,11,5.509514677685994,5.766655393911734,45
ZIKV VLP,Peru,12,5.766655393911734,6.023796110137475,49
ZIKV VLP,Peru,13,6.023796110137475,6.280936826363215,44
ZIKV VLP,Peru,14,6.280936826363215,6.5380775425889555,50
ZIKV VLP,Peru,15,6.5380775425889555,6.795218258814696,63
ZIKV VLP,Peru,16,6.795218258814696,7.052358975040436,96
ZIKV VLP,Peru,17,7.052358975040436,7.3094996912661765,105
ZIKV VLP,Peru,18,7.3094996912661765,7.566640407491916,72
ZIKV VLP,Peru,19,7.566640407491916,7.823781123717657,47
ZIKV VLP,Peru,20,7.823781123717657,8.080921839943397,15
ZIKV VLP,Peru,21,8.080921839943397,8.338062556169138,3
ZIKV VLP,Peru,22,8.338062556169138,8.595203272394876,0
ZIKV VLP,Peru,23,8.595203272394876,8.852343988620618,0
ZIKV VLP,Peru,24,8.852343988620618,9.10948470484636,0
ZIKV VLP,Peru,25,9.10948470484636,9.366625421072097,0
ZIKV VLP,Peru,26,9.366625421072097,9.623766137297839,0
ZIKV VLP,Peru,27,9.623766137297839,9.880906853523578,0
ZIKV VLP,Peru,28,9.880906853523578,10.138047569749318,0
ZIKV VLP,Peru,29,10.138047569749318,10.39518828597506,0
ZIKV VLP,Peru,30,10.39518828597506,10.6523290022008,0
ZIKV VLP,Senegal,1,2.938107515428592,3.195248231654332,0
ZIKV VLP,Senegal,2,3.195248231654332,3.4523889478800722,7
ZIKV VLP,Senegal,3,3.4523889478800722,3.709529664105813,20
ZIKV VLP,Senegal,4,3.709529664105813,3.9666703803315526,28
ZIKV VLP,Senegal,5,3.9666703803315526,4.223811096557293,20
ZIKV VLP,Senegal,6,4.223811096557293,4.480951812783033,5
ZIKV VLP,Senegal,7,4.480951812783033,4.738092529008774,5
ZIKV VLP,Senegal,8,4.738092529008774,4.995233245234514,2
ZIKV VLP,Senegal,9,4.995233245234514,5.252373961460254,3
ZIKV VLP,Senegal,10,5.252373961460254,5.509514677685994,16
ZIKV VLP,Senegal,11,5.509514677685994,5.766655393911734,59
ZIKV VLP,Senegal,12,5.766655393911734,6.023796110137475,120
ZIKV VLP,Senegal,13,6.023796110137475,6.280936826363215,187
ZIKV VLP,Senegal,14,6.280936826363215,6.5380775425889555,209
ZIKV VLP,Senegal,15,6.5380775425889555,6.795218258814696,185
ZIKV VLP,Senegal,16,6.795218258814696,7.052358975040436,92
ZIKV VLP,Senegal,17,7.052358975040436,7.3094996912661765,130
ZIKV VLP,Senegal,18,7.3094996912661765,7.566640407491916,97
ZIKV VLP,Senegal,19,7.566640407491916,7.823781123717657,29
ZIKV VLP,Senegal,20,7.823781123717657,8.080921839943397,5
ZIKV VLP,Senegal,21,8.080921839943397,8.338062556169138,0
ZIKV VLP,Senegal,22,8.338062556169138,8.595203272394876,0
ZIKV VLP,Senegal,23,8.595203272394876,8.852343988620618,0
ZIKV VLP,Senegal,24,8.852343988620618,9.10948470484636,0
ZIKV VLP,Senegal,25,9.10948470484636,9.366625421072097,0
ZIKV VLP,Senegal,26,9.366625421072097,9.623766137297839,0
ZIKV VLP,Senegal,27,9.623766137297839,9.880906853523578,0
ZIKV VLP,Senegal,28,9.880906853523578,10.138047569749318,0
ZIKV VLP,Senegal,29,10.138047569749318,10.39518828597506,0
ZIKV VLP,Senegal,30,10.39518828597506,10.6523290022008,0
ZIKVAS EDIII,French Guiana,1,2.938107515428592,3.195248231654332,0
ZIKVAS EDIII,French Guiana,2,3.195248231654332,3.4523889478800722,1
ZIKVAS EDIII,French Guiana,3,3.4523889478800722,3.709529664105813,1
ZIKVAS EDIII,French Guiana,4,3.709529664105813,3.9666703803315526,3
ZIKVAS EDIII,French Guiana,5,3.9666703803315526,4.223811096557293,18
ZIKVAS EDIII,French Guiana,6,4.223811096557293,4.480951812783033,62
ZIKVAS EDIII,French Guiana,7,4.480951812783033,4.738092529008774,73
ZIKVAS EDIII,French Guiana,8,4.738092529008774,4.995233245234514,95
ZIKVAS EDIII,French Guiana,9,4.995233245234514,5.252373961460254,101
ZIKVAS EDIII,French Guiana,10,5.252373961460254,5.509514677685994,67
ZIKVAS EDIII,French Guiana,11,5.509514677685994,5.766655393911734,70
ZIKVAS EDIII,French Guiana,12,5.766655393911734,6.023796110137475,53
ZIKVAS EDIII,French Guiana,13,6.023796110137475,6.280936826363215,63
ZIKVAS EDIII,French Guiana,14,6.280936826363215,6.5380775425889555,36
ZIKVAS EDIII,French Guiana,15,6.5380775425889555,6.795218258814696,31
ZIKVAS EDIII,French Guiana,16,6.795218258814696,7.052358975040436,34
ZIKVAS EDIII,French Guiana,17,7.052358975040436,7.3094996912661765,27
ZIKVAS EDIII,French Guiana,18,7.3094996912661765,7.566640407491916,27
ZIKVAS EDIII,French Guiana,19,7.566640407491916,7.823781123717657,10
ZIKVAS EDIII,French Guiana,20,7.823781123717657,8.080921839943397,8
ZIKVAS EDIII,French Guiana,21,8.080921839943397,8.338062556169138,3
ZIKVAS EDIII,French Guiana,22,8.338062556169138,8.595203272394876,1
ZIKVAS EDIII,French Guiana,23,8.595203272394876,8.852343988620618,3
ZIKVAS EDIII,French Guiana,24,8.852343988620618,9.10948470484636,0
ZIKVAS EDIII,French Guiana,25,9.10948470484636,9.366625421072097,0
ZIKVAS EDIII,French Guiana,26,9.366625421072097,9.623766137297839,0
ZIKVAS EDIII,French Guiana,27,9.623766137297839,9.880906853523578,0
ZIKVAS EDIII,French Guiana,28,9.880906853523578,10.138047569749318,0
ZIKVAS EDIII,French Guiana,29,10.138047569749318,10.39518828597506,0
ZIKVAS EDIII,French Guiana,30,10.39518828597506,10.6523290022008,0
ZIKVAS EDIII,New Caledonia,1,2.938107515428592,3.195248231654332,0
ZIKVAS EDIII,New Caledonia,2,3.195248231654332,3.4523889478800722,0
ZIKVAS EDIII,New Caledonia,3,3.4523889478800722,3.709529664105813,0
ZIKVAS EDIII,New Caledonia,4,3.709529664105813,3.9666703803315526,0
ZIKVAS EDIII,New Caledonia,5,3.9666703803315526,4.223811096557293,0
ZIKVAS EDIII,New Caledonia,6,4.223811096557293,4.480951812783033,13
ZIKVAS EDIII,New Caledonia,7,4.480951812783033,4.738092529008774,60
ZIKVAS EDIII,New Caledonia,8,4.738092529008774,4.995233245234514,124
ZIKVAS EDIII,New Caledonia,9,4.995233245234514,5.252373961460254,131
ZIKVAS EDIII,New Caledonia,10,5.252373961460254,5.509514677685994,92
ZIKVAS EDIII,New Caledonia,11,5.509514677685994,5.766655393911734,52
ZIKVAS EDIII,New Caledonia,12,5.766655393911734,6.023796110137475,46
ZIKVAS EDIII,New Caledonia,13,6.023796110137475,6.280936826363215,24
ZIKVAS EDIII,New Caledonia,14,6.280936826363215,6.5380775425889555,14
ZIKVAS EDIII,New Caledonia,15,6.5380775425889555,6.795218258814696,8
ZIKVAS EDIII,New Caledonia,16,6.795218258814696,7.052358975040436,12
ZIKVAS EDIII,New Caledonia,17,7.052358975040436,7.3094996912661765,9
ZIKVAS EDIII,New Caledonia,18,7.3094996912661765,7.566640407491916,4
ZIKVAS EDIII,New Caledonia,19,7.566640407491916,7.823781123717657,3
ZIKVAS EDIII,New Caledonia,20,7.823781123717657,8.080921839943397,4
ZIKVAS EDIII,New Caledonia,21,8.080921839943397,8.338062556169138,3
ZIKVAS EDIII,New Caledonia,22,8.338062556169138,8.595203272394876,1
ZIKVAS EDIII,New Caledonia,23,8.595203272394876,8.852343988620618,0
ZIKVAS EDIII,New Caledonia,24,8.852343988620618,9.10948470484636,0
ZIKVAS EDIII,New Caledonia,25,9.10948470484636,9.366625421072097,0
ZIKVAS EDIII,New Caledonia,26,9.366625421072097,9.623766137297839,0
ZIKVAS EDIII,New Caledonia,27,9.623766137297839,9.880906853523578,0
ZIKVAS EDIII,New Caledonia,28,9.880906853523578,10.138047569749318,0
ZIKVAS EDIII,New Caledonia,29,10.138047569749318,10.39518828597506,0
ZIKVAS EDIII,New Caledonia,30,10.39518828597506,10.6523290022008,0
ZIKVAS EDIII,Peru,1,2.938107515428592,3.195248231654332,0
ZIKVAS EDIII,Peru,2,3.195248231654332,3.4523889478800722,0
ZIKVAS EDIII,Peru,3,3.4523889478800722,3.709529664105813,4
ZIKVAS EDIII,Peru,4,3.709529664105813,3.9666703803315526,34
ZIKVAS EDIII,Peru,5,3.9666703803315526,4.223811096557293,82
ZIKVAS EDIII,Peru,6,4.223811096557293,4.480951812783033,151
ZIKVAS EDIII,Peru,7,4.480951812783033,4.738092529008774,153
ZIKVAS EDIII,Peru,8,4.738092529008774,4.995233245234514,134
ZIKVAS EDIII,Peru,9,4.995233245234514,5.252373961460254,104
ZIKVAS EDIII,Peru,10,5.252373961460254,5.509514677685994,65
ZIKVAS EDIII,Peru,11,5.509514677685994,5.766655393911734,43
ZIKVAS EDIII,Peru,12,5.766655393911734,6.023796110137475,23
ZIKVAS EDIII,Peru,13,6.023796110137475,6.280936826363215,19
ZIKVAS EDIII,Peru,14,6.280936826363215,6.5380775425889555,20
ZIKVAS EDIII,Peru,15,6.5380775425889555,6.795218258814696,13
ZIKVAS EDIII,Peru,16,6.795218258814696,7.052358975040436,7
ZIKVAS EDIII,Peru,17,7.052358975040436,7.3094996912661765,9
ZIKVAS EDIII,Peru,18,7.3094996912661765,7.566640407491916,9
ZIKVAS EDIII,Peru,19,7.566640407491916,7.823781123717657,3
ZIKVAS EDIII,Peru,20,7.823781123717657,8.080921839943397,2
ZIKVAS EDIII,Peru,21,8.080921839943397,8.338062556169138,0
ZIKVAS EDIII,Peru,22,8.338062556169138,8.595203272394876,1
ZIKVAS EDIII,Peru,23,8.595203272394876,8.852343988620618,2
ZIKVAS EDIII,Peru,24,8.852343988620618,9.10948470484636,2
ZIKVAS EDIII,Peru,25,9.10948470484636,9.366625421072097,0
ZIKVAS EDIII,Peru,26,9.366625421072097,9.623766137297839,0
ZIKVAS EDIII,Peru,27,9.623766137297839,9.880906853523578,0
ZIKVAS EDIII,Peru,28,9.880906853523578,10.138047569749318,0
ZIKVAS EDIII,Peru,29,10.138047569749318,10.39518828597506,0
ZIKVAS EDIII,Peru,30,10.39518828597506,10.6523290022008,0
ZIKVAS EDIII,Senegal,1,2.938107515428592,3.195248231654332,0
ZIKVAS EDIII,Senegal,2,3.195248231654332,3.4523889478800722,0
ZIKVAS EDIII,Senegal,3,3.4523889478800722,3.709529664105813,4
ZIKVAS EDIII,Senegal,4,3.709529664105813,3.9666703803315526,12
ZIKVAS EDIII,Senegal,5,3.9666703803315526,4.223811096557293,16
ZIKVAS EDIII,Senegal,6,4.223811096557293,4.480951812783033,15
ZIKVAS EDIII,Senegal,7,4.480951812783033,4.738092529008774,8
ZIKVAS EDIII,Senegal,8,4.738092529008774,4.995233245234514,6
ZIKVAS EDIII,Senegal,9,4.995233245234514,5.252373961460254,8
ZIKVAS EDIII,Senegal,10,5.252373961460254,5.509514677685994,20
ZIKVAS EDIII,Senegal,11,5.509514677685994,5.766655393911734,72
ZIKVAS EDIII,Senegal,12,5.766655393911734,6.023796110137475,182
ZIKVAS EDIII,Senegal,13,6.023796110137475,6.280936826363215,345
ZIKVAS EDIII,Senegal,14,6.280936826363215,6.5380775425889555,283
ZIKVAS EDIII,Senegal,15,6.5380775425889555,6.795218258814696,84
ZIKVAS EDIII,Senegal,16,6.795218258814696,7.052358975040436,73
ZIKVAS EDIII,Senegal,17,7.052358975040436,7.3094996912661765,36
ZIKVAS EDIII,Senegal,18,7.3094996912661765,7.566640407491916,25
ZIKVAS EDIII,Senegal,19,7.566640407491916,7.823781123717657,5
ZIKVAS EDIII,Senegal,20,7.823781123717657,8.080921839943397,7
ZIKVAS EDIII,Senegal,21,8.080921839943397,8.338062556169138,3
ZIKVAS EDIII,Senegal,22,8.338062556169138,8.595203272394876,6
ZIKVAS EDIII,Senegal,23,8.595203272394876,8.852343988620618,6
ZIKVAS EDIII,Senegal,24,8.852343988620618,9.10948470484636,1
ZIKVAS EDIII,Senegal,25,9.10948470484636,9.366625421072097,1
ZIKVAS EDIII,Senegal,26,9.366625421072097,9.623766137297839,1
ZIKVAS EDIII,Senegal,27,9.623766137297839,9.880906853523578,0
ZIKVAS EDIII,Senegal,28,9.880906853523578,10.138047569749318,0
ZIKVAS EDIII,Senegal,29,10.138047569749318,10.39518828597506,0
ZIKVAS EDIII,Senegal,30,10.39518828597506,10.6523290022008,0
ZIKVSU NS1,French Guiana,1,2.938107515428592,3.195248231654332,0
ZIKVSU NS1,French Guiana,2,3.195248231654332,3.4523889478800722,4
ZIKVSU NS1,French Guiana,3,3.4523889478800722,3.709529664105813,6
ZIKVSU NS1,French Guiana,4,3.709529664105813,3.9666703803315526,20
ZIKVSU NS1,French Guiana,5,3.9666703803315526,4.223811096557293,36
ZIKVSU NS1,French Guiana,6,4.223811096557293,4.480951812783033,41
ZIKVSU NS1,French Guiana,7,4.480951812783033,4.738092529008774,60
ZIKVSU NS1,French Guiana,8,4.738092529008774,4.995233245234514,46
ZIKVSU NS1,French Guiana,9,4.995233245234514,5.252373961460254,55
ZIKVSU NS1,French Guiana,10,5.252373961460254,5.509514677685994,43
ZIKVSU NS1,French Guiana,11,5.509514677685994,5.766655393911734,49
ZIKVSU NS1,French Guiana,12,5.766655393911734,6.023796110137475,42
ZIKVSU NS1,French Guiana,13,6.023796110137475,6.280936826363215,35
ZIKVSU NS1,French Guiana,14,6.280936826363215,6.5380775425889555,44
ZIKVSU NS1,French Guiana,15,6.5380775425889555,6.795218258814696,26
ZIKVSU NS1,French Guiana,16,6.795218258814696,7.052358975040436,33
ZIKVSU NS1,French Guiana,17,7.052358975040436,7.3094996912661765,43
ZIKVSU NS1,French Guiana,18,7.3094996912661765,7.566640407491916,34
ZIKVSU NS1,French Guiana,19,7.566640407491916,7.823781123717657,39
ZIKVSU NS1,French Guiana,20,7.823781123717657,8.080921839943397,37
ZIKVSU NS1,French Guiana,21,8.080921839943397,8.338062556169138,36
ZIKVSU NS1,French Guiana,22,8.338062556169138,8.595203272394876,24
ZIKVSU NS1,French Guiana,23,8.595203272394876,8.852343988620618,20
ZIKVSU NS1,French Guiana,24,8.852343988620618,9.10948470484636,13
ZIKVSU NS1,French Guiana,25,9.10948470484636,9.366625421072097,1
ZIKVSU NS1,French Guiana,26,9.366625421072097,9.623766137297839,0
ZIKVSU NS1,French Guiana,27,9.623766137297839,9.880906853523578,0
ZIKVSU NS1,French Guiana,28,9.880906853523578,10.138047569749318,0
ZIKVSU NS1,French Guiana,29,10.138047569749318,10.39518828597506,0
ZIKVSU NS1,French Guiana,30,10.39518828597506,10.6523290022008,0
ZIKVSU NS1,New Caledonia,1,2.938107515428592,3.195248231654332,0
ZIKVSU NS1,New Caledonia,2,3.195248231654332,3.4523889478800722,1
ZIKVSU NS1,New Caledonia,3,3.4523889478800722,3.709529664105813,1
ZIKVSU NS1,New Caledonia,4,3.709529664105813,3.9666703803315526,5
ZIKVSU NS1,New Caledonia,5,3.9666703803315526,4.223811096557293,15
ZIKVSU NS1,New Caledonia,6,4.223811096557293,4.480951812783033,30
ZIKVSU NS1,New Caledonia,7,4.480951812783033,4.738092529008774,57
ZIKVSU NS1,New Caledonia,8,4.738092529008774,4.995233245234514,81
ZIKVSU NS1,New Caledonia,9,4.995233245234514,5.252373961460254,75
ZIKVSU NS1,New Caledonia,10,5.252373961460254,5.509514677685994,83
ZIKVSU NS1,New Caledonia,11,5.509514677685994,5.766655393911734,53
ZIKVSU NS1,New Caledonia,12,5.766655393911734,6.023796110137475,33
ZIKVSU NS1,New Caledonia,13,6.023796110137475,6.280936826363215,17
ZIKVSU NS1,New Caledonia,14,6.280936826363215,6.5380775425889555,3
ZIKVSU NS1,New Caledonia,15,6.5380775425889555,6.795218258814696,0
ZIKVSU NS1,New Caledonia,16,6.795218258814696,7.052358975040436,0
ZIKVSU NS1,New Caledonia,17,7.052358975040436,7.3094996912661765,0
ZIKVSU NS1,New Caledonia,18,7.3094996912661765,7.566640407491916,10
ZIKVSU NS1,New Caledonia,19,7.566640407491916,7.823781123717657,18
ZIKVSU NS1,New Caledonia,20,7.823781123717657,8.080921839943397,23
ZIKVSU NS1,New Caledonia,21,8.080921839943397,8.338062556169138,23
ZIKVSU NS1,New Caledonia,22,8.338062556169138,8.595203272394876,26
ZIKVSU NS1,New Caledonia,23,8.595203272394876,8.852343988620618,17
ZIKVSU NS1,New Caledonia,24,8.852343988620618,9.10948470484636,19
ZIKVSU NS1,New Caledonia,25,9.10948470484636,9.366625421072097,9
ZIKVSU NS1,New Caledonia,26,9.366625421072097,9.623766137297839,1
ZIKVSU NS1,New Caledonia,27,9.623766137297839,9.880906853523578,0
ZIKVSU NS1,New Caledonia,28,9.880906853523578,10.138047569749318,0
ZIKVSU NS1,New Caledonia,29,10.138047569749318,10.39518828597506,0
ZIKVSU NS1,New Caledonia,30,10.39518828597506,10.6523290022008,0
ZIKVSU NS1,Peru,1,2.938107515428592,3.195248231654332,4
ZIKVSU NS1,Peru,2,3.195248231654332,3.4523889478800722,34
ZIKVSU NS1,Peru,3,3.4523889478800722,3.709529664105813,60
ZIKVSU NS1,Peru,4,3.709529664105813,3.9666703803315526,72
ZIKVSU NS1,Peru,5,3.9666703803315526,4.223811096557293,55
ZIKVSU NS1,Peru,6,4.223811096557293,4.480951812783033,58
ZIKVSU NS1,Peru,7,4.480951812783033,4.738092529008774,47
ZIKVSU NS1,Peru,8,4.738092529008774,4.995233245234514,53
ZIKVSU NS1,Peru,9,4.995233245234514,5.252373961460254,43
ZIKVSU NS1,Peru,10,5.252373961460254,5.509514677685994,45
ZIKVSU NS1,Peru,11,5.509514677685994,5.766655393911734,31
ZIKVSU NS1,Peru,12,5.766655393911734,6.023796110137475,31
ZIKVSU NS1,Peru,13,6.023796110137475,6.280936826363215,20
ZIKVSU NS1,Peru,14,6.280936826363215,6.5380775425889555,10
ZIKVSU NS1,Peru,15,6.5380775425889555,6.795218258814696,9
ZIKVSU NS1,Peru,16,6.795218258814696,7.052358975040436,6
ZIKVSU NS1,Peru,17,7.052358975040436,7.3094996912661765,4
ZIKVSU NS1,Peru,18,7.3094996912661765,7.566640407491916,35
ZIKVSU NS1,Peru,19,7.566640407491916,7.823781123717657,33
ZIKVSU NS1,Peru,20,7.823781123717657,8.080921839943397,66
ZIKVSU NS1,Peru,21,8.080921839943397,8.338062556169138,45
ZIKVSU NS1,Peru,22,8.338062556169138,8.595203272394876,37
ZIKVSU NS1,Peru,23,8.595203272394876,8.852343988620618,34
ZIKVSU NS1,Peru,24,8.852343988620618,9.10948470484636,30
ZIKVSU NS1,Peru,25,9.10948470484636,9.366625421072097,13
ZIKVSU NS1,Peru,26,9.366625421072097,9.623766137297839,5
ZIKVSU NS1,Peru,27,9.623766137297839,9.880906853523578,0
ZIKVSU NS1,Peru,28,9.880906853523578,10.138047569749318,0
ZIKVSU NS1,Peru,29,10.138047569749318,10.39518828597506,0
ZIKVSU NS1,Peru,30,10.39518828597506,10.6523290022008,0
ZIKVSU NS1,Senegal,1,2.938107515428592,3.195248231654332,24
ZIKVSU NS1,Senegal,2,3.195248231654332,3.4523889478800722,49
ZIKVSU NS1,Senegal,3,3.4523889478800722,3.709529664105813,11
ZIKVSU NS1,Senegal,4,3.709529664105813,3.9666703803315526,2
ZIKVSU NS1,Senegal,5,3.9666703803315526,4.223811096557293,2
ZIKVSU NS1,Senegal,6,4.223811096557293,4.480951812783033,0
ZIKVSU NS1,Senegal,7,4.480951812783033,4.738092529008774,5
ZIKVSU NS1,Senegal,8,4.738092529008774,4.995233245234514,29
ZIKVSU NS1,Senegal,9,4.995233245234514,5.252373961460254,107
ZIKVSU NS1,Senegal,10,5.252373961460254,5.509514677685994,166
ZIKVSU NS1,Senegal,11,5.509514677685994,5.766655393911734,289
ZIKVSU NS1,Senegal,12,5.766655393911734,6.023796110137475,181
ZIKVSU NS1,Senegal,13,6.023796110137475,6.280936826363215,52
ZIKVSU NS1,Senegal,14,6.280936826363215,6.5380775425889555,38
ZIKVSU NS1,Senegal,15,6.5380775425889555,6.795218258814696,30
ZIKVSU NS1,Senegal,16,6.795218258814696,7.052358975040436,34
ZIKVSU NS1,Senegal,17,7.052358975040436,7.3094996912661765,52
ZIKVSU NS1,Senegal,18,7.3094996912661765,7.566640407491916,41
ZIKVSU NS1,Senegal,19,7.566640407491916,7.823781123717657,35
ZIKVSU NS1,Senegal,20,7.823781123717657,8.080921839943397,23
ZIKVSU NS1,Senegal,21,8.080921839943397,8.338062556169138,26
ZIKVSU NS1,Senegal,22,8.338062556169138,8.595203272394876,15
ZIKVSU NS1,Senegal,23,8.595203272394876,8.852343988620618,5
ZIKVSU NS1,Senegal,24,8.852343988620618,9.10948470484636,3
ZIKVSU NS1,Senegal,25,9.10948470484636,9.366625421072097,0
ZIKVSU NS1,Senegal,26,9.366625421072097,9.623766137297839,0
ZIKVSU NS1,Senegal,27,9.623766137297839,9.880906853523578,0
ZIKVSU NS1,Senegal,28,9.880906853523578,10.138047569749318,0
ZIKVSU NS1,Senegal,29,10.138047569749318,10.39518828597506,0
ZIKVSU NS1,Senegal,30,10.39518828597506,10.6523290022008,0
ZIKVU NS1,French Guiana,1,2.938107515428592,3.195248231654332,0
ZIKVU NS1,French Guiana,2,3.195248231654332,3.4523889478800722,0
ZIKVU NS1,French Guiana,3,3.4523889478800722,3.709529664105813,0
ZIKVU NS1,French Guiana,4,3.709529664105813,3.9666703803315526,8
ZIKVU NS1,French Guiana,5,3.9666703803315526,4.223811096557293,29
ZIKVU NS1,French Guiana,6,4.223811096557293,4.480951812783033,60
ZIKVU NS1,French Guiana,7,4.480951812783033,4.738092529008774,76
ZIKVU NS1,French Guiana,8,4.738092529008774,4.995233245234514,73
ZIKVU NS1,French Guiana,9,4.995233245234514,5.252373961460254,93
ZIKVU NS1,French Guiana,10,5.252373961460254,5.509514677685994,66
ZIKVU NS1,French Guiana,11,5.509514677685994,5.766655393911734,63
ZIKVU NS1,French Guiana,12,5.766655393911734,6.023796110137475,52
ZIKVU NS1,French Guiana,13,6.023796110137475,6.280936826363215,50
ZIKVU NS1,French Guiana,14,6.280936826363215,6.5380775425889555,39
ZIKVU NS1,French Guiana,15,6.5380775425889555,6.795218258814696,23
ZIKVU NS1,French Guiana,16,6.795218258814696,7.052358975040436,43
ZIKVU NS1,French Guiana,17,7.052358975040436,7.3094996912661765,39
ZIKVU NS1,French Guiana,18,7.3094996912661765,7.566640407491916,31
ZIKVU NS1,French Guiana,19,7.566640407491916,7.823781123717657,18
ZIKVU NS1,French Guiana,20,7.823781123717657,8.080921839943397,18
ZIKVU NS1,French Guiana,21,8.080921839943397,8.338062556169138,5
ZIKVU NS1,French Guiana,22,8.338062556169138,8.595203272394876,1
ZIKVU NS1,French Guiana,23,8.595203272394876,8.852343988620618,0
ZIKVU NS1,French Guiana,24,8.852343988620618,9.10948470484636,0
ZIKVU NS1,French Guiana,25,9.10948470484636,9.366625421072097,0
ZIKVU NS1,French Guiana,26,9.366625421072097,9.623766137297839,0
ZIKVU NS1,French Guiana,27,9.623766137297839,9.880906853523578,0
ZIKVU NS1,French Guiana,28,9.880906853523578,10.138047569749318,0
ZIKVU NS1,French Guiana,29,10.138047569749318,10.39518828597506,0
ZIKVU NS1,French Guiana,30,10.39518828597506,10.6523290022008,0
ZIKVU NS1,New Caledonia,1,2.938107515428592,3.195248231654332,0
ZIKVU NS1,New Caledonia,2,3.195248231654332,3.4523889478800722,0
ZIKVU NS1,New Caledonia,3,3.4523889478800722,3.709529664105813,1
ZIKVU NS1,New Caledonia,4,3.709529664105813,3.9666703803315526,1
ZIKVU NS1,New Caledonia,5,3.9666703803315526,4.223811096557293,13
ZIKVU NS1,New Caledonia,6,4.223811096557293,4.480951812783033,35
ZIKVU NS1,New Caledonia,7,4.480951812783033,4.738092529008774,68
ZIKVU NS1,New Caledonia,8,4.738092529008774,4.995233245234514,86
ZIKVU NS1,New Caledonia,9,4.995233245234514,5.252373961460254,73
ZIKVU NS1,New Caledonia,10,5.252373961460254,5.509514677685994,68
ZIKVU NS1,New Caledonia,11,5.509514677685994,5.766655393911734,58
ZIKVU NS1,New Caledonia,12,5.766655393911734,6.023796110137475,38
ZIKVU NS1,New Caledonia,13,6.023796110137475,6.280936826363215,37
ZIKVU NS1,New Caledonia,14,6.280936826363215,6.5380775425889555,22
ZIKVU NS1,New Caledonia,15,6.5380775425889555,6.795218258814696,3
ZIKVU NS1,New Caledonia,16,6.795218258814696,7.052358975040436,4
ZIKVU NS1,New Caledonia,17,7.052358975040436,7.3094996912661765,21
ZIKVU NS1,New Caledonia,18,7.3094996912661765,7.566640407491916,23
ZIKVU NS1,New Caledonia,19,7.566640407491916,7.823781123717657,17
ZIKVU NS1,New Caledonia,20,7.823781123717657,8.080921839943397,14
ZIKVU NS1,New Caledonia,21,8.080921839943397,8.338062556169138,14
ZIKVU NS1,New Caledonia,22,8.338062556169138,8.595203272394876,4
ZIKVU NS1,New Caledonia,23,8.595203272394876,8.852343988620618,0
ZIKVU NS1,New Caledonia,24,8.852343988620618,9.10948470484636,0
ZIKVU NS1,New Caledonia,25,9.10948470484636,9.366625421072097,0
ZIKVU NS1,New Caledonia,26,9.366625421072097,9.623766137297839,0
ZIKVU NS1,New Caledonia,27,9.623766137297839,9.880906853523578,0
ZIKVU NS1,New Caledonia,28,9.880906853523578,10.138047569749318,0
ZIKVU NS1,New Caledonia,29,10.138047569749318,10.39518828597506,0
ZIKVU NS1,New Caledonia,30,10.39518828597506,10.6523290022008,0
ZIKVU NS1,Peru,1,2.938107515428592,3.195248231654332,0
ZIKVU NS1,Peru,2,3.195248231654332,3.4523889478800722,0
ZIKVU NS1,Peru,3,3.4523889478800722,3.709529664105813,37
ZIKVU NS1,Peru,4,3.709529664105813,3.9666703803315526,82
ZIKVU NS1,Peru,5,3.9666703803315526,4.223811096557293,98
ZIKVU NS1,Peru,6,4.223811096557293,4.480951812783033,91
ZIKVU NS1,Peru,7,4.480951812783033,4.738092529008774,71
ZIKVU NS1,Peru,8,4.738092529008774,4.995233245234514,60
ZIKVU NS1,Peru,9,4.995233245234514,5.252373961460254,54
ZIKVU NS1,Peru,10,5.252373961460254,5.509514677685994,45
ZIKVU NS1,Peru,11,5.509514677685994,5.766655393911734,43
ZIKVU NS1,Peru,12,5.766655393911734,6.023796110137475,29
ZIKVU NS1,Peru,13,6.023796110137475,6.280936826363215,49
ZIKVU NS1,Peru,14,6.280936826363215,6.5380775425889555,27
ZIKVU NS1,Peru,15,6.5380775425889555,6.795218258814696,15
ZIKVU NS1,Peru,16,6.795218258814696,7.052358975040436,23
ZIKVU NS1,Peru,17,7.052358975040436,7.3094996912661765,40
ZIKVU NS1,Peru,18,7.3094996912661765,7.566640407491916,38
ZIKVU NS1,Peru,19,7.566640407491916,7.823781123717657,29
ZIKVU NS1,Peru,20,7.823781123717657,8.080921839943397,30
ZIKVU NS1,Peru,21,8.080921839943397,8.338062556169138,5
ZIKVU NS1,Peru,22,8.338062556169138,8.595203272394876,10
ZIKVU NS1,Peru,23,8.595203272394876,8.852343988620618,4
ZIKVU NS1,Peru,24,8.852343988620618,9.10948470484636,0
ZIKVU NS1,Peru,25,9.10948470484636,9.366625421072097,0
ZIKVU NS1,Peru,26,9.366625421072097,9.623766137297839,0
ZIKVU NS1,Peru,27,9.623766137297839,9.880906853523578,0
ZIKVU NS1,Peru,28,9.880906853523578,10.138047569749318,0
ZIKVU NS1,Peru,29,10.138047569749318,10.39518828597506,0
ZIKVU NS1,Peru,30,10.39518828597506,10.6523290022008,0
ZIKVU NS1,Senegal,1,2.938107515428592,3.195248231654332,0
ZIKVU NS1,Senegal,2,3.195248231654332,3.4523889478800722,1
ZIKVU NS1,Senegal,3,3.4523889478800722,3.709529664105813,48
ZIKVU NS1,Senegal,4,3.709529664105813,3.9666703803315526,35
ZIKVU NS1,Senegal,5,3.9666703803315526,4.223811096557293,3
ZIKVU NS1,Senegal,6,4.223811096557293,4.480951812783033,2
ZIKVU NS1,Senegal,7,4.480951812783033,4.738092529008774,2
ZIKVU NS1,Senegal,8,4.738092529008774,4.995233245234514,12
ZIKVU NS1,Senegal,9,4.995233245234514,5.252373961460254,70
ZIKVU NS1,Senegal,10,5.252373961460254,5.509514677685994,149
ZIKVU NS1,Senegal,11,5.509514677685994,5.766655393911734,298
ZIKVU NS1,Senegal,12,5.766655393911734,6.023796110137475,267
ZIKVU NS1,Senegal,13,6.023796110137475,6.280936826363215,84
ZIKVU NS1,Senegal,14,6.280936826363215,6.5380775425889555,52
ZIKVU NS1,Senegal,15,6.5380775425889555,6.795218258814696,61
ZIKVU NS1,Senegal,16,6.795218258814696,7.052358975040436,43
ZIKVU NS1,Senegal,17,7.052358975040436,7.3094996912661765,40
ZIKVU NS1,Senegal,18,7.3094996912661765,7.566640407491916,23
ZIKVU NS1,Senegal,19,7.566640407491916,7.823781123717657,20
ZIKVU NS1,Senegal,20,7.823781123717657,8.080921839943397,5
ZIKVU NS1,Senegal,21,8.080921839943397,8.338062556169138,4
ZIKVU NS1,Senegal,22,8.338062556169138,8.595203272394876,0
ZIKVU NS1,Senegal,23,8.595203272394876,8.852343988620618,0
ZIKVU NS1,Senegal,24,8.852343988620618,9.10948470484636,0
ZIKVU NS1,Senegal,25,9.10948470484636,9.366625421072097,0
ZIKVU NS1,Senegal,26,9.366625421072097,9.623766137297839,0
ZIKVU NS1,Senegal,27,9.623766137297839,9.880906853523578,0
ZIKVU NS1,Senegal,28,9.880906853523578,10.138047569749318,0
ZIKVU NS1,Senegal,29,10.138047569749318,10.39518828597506,0
ZIKVU NS1,Senegal,30,10.39518828597506,10.6523290022008,0
